Using pre-set license
Built from '2022.3/staging' branch; Version is '2022.3.38f1 (c5d5a7410213) revision 12965287'; Using compiler version '192829333'; Build Type 'Release'
OS: 'Windows 11  (10.0.22631) 64bit Professional' Language: 'ru' Physical Memory: 16189 MB
BatchMode: 1, IsHumanControllingUs: 0, StartBugReporterOnCrash: 0, Is64bit: 1, IsPro: 1

COMMAND LINE ARGUMENTS:
C:\Program Files\Unity\Hub\Editor\2022.3.38f1\Editor\Unity.exe
-adb2
-batchMode
-noUpm
-name
AssetImportWorker1
-projectPath
D:/unity/tank project
-logFile
Logs/AssetImportWorker1.log
-srvPort
64439
Successfully changed project path to: D:/unity/tank project
D:/unity/tank project
[UnityMemory] Configuration Parameters - Can be set up in boot.config
    "memorysetup-bucket-allocator-granularity=16"
    "memorysetup-bucket-allocator-bucket-count=8"
    "memorysetup-bucket-allocator-block-size=33554432"
    "memorysetup-bucket-allocator-block-count=8"
    "memorysetup-main-allocator-block-size=16777216"
    "memorysetup-thread-allocator-block-size=16777216"
    "memorysetup-gfx-main-allocator-block-size=16777216"
    "memorysetup-gfx-thread-allocator-block-size=16777216"
    "memorysetup-cache-allocator-block-size=4194304"
    "memorysetup-typetree-allocator-block-size=2097152"
    "memorysetup-profiler-bucket-allocator-granularity=16"
    "memorysetup-profiler-bucket-allocator-bucket-count=8"
    "memorysetup-profiler-bucket-allocator-block-size=33554432"
    "memorysetup-profiler-bucket-allocator-block-count=8"
    "memorysetup-profiler-allocator-block-size=16777216"
    "memorysetup-profiler-editor-allocator-block-size=1048576"
    "memorysetup-temp-allocator-size-main=16777216"
    "memorysetup-job-temp-allocator-block-size=2097152"
    "memorysetup-job-temp-allocator-block-size-background=1048576"
    "memorysetup-job-temp-allocator-reduction-small-platforms=262144"
    "memorysetup-allocator-temp-initial-block-size-main=262144"
    "memorysetup-allocator-temp-initial-block-size-worker=262144"
    "memorysetup-temp-allocator-size-background-worker=32768"
    "memorysetup-temp-allocator-size-job-worker=262144"
    "memorysetup-temp-allocator-size-preload-manager=33554432"
    "memorysetup-temp-allocator-size-nav-mesh-worker=65536"
    "memorysetup-temp-allocator-size-audio-worker=65536"
    "memorysetup-temp-allocator-size-cloud-worker=32768"
    "memorysetup-temp-allocator-size-gi-baking-worker=262144"
    "memorysetup-temp-allocator-size-gfx=262144"
Player connection [24000]  Target information:

Player connection [24000]  * "[IP] 10.115.208.130 [Port] 0 [Flags] 2 [Guid] 358880842 [EditorId] 358880842 [Version] 1048832 [Id] WindowsEditor(7,Timurka) [Debug] 1 [PackageName] WindowsEditor [ProjectName] Editor" 

Player connection [24000] Host joined multi-casting on [225.0.0.222:54997]...
Player connection [24000] Host joined alternative multi-casting on [225.0.0.222:34997]...
[PhysX] Initialized MultithreadedTaskDispatcher with 8 workers.
Refreshing native plugins compatible for Editor in 26.58 ms, found 5 plugins.
Preloading 0 native plugins for Editor in 0.00 ms.
Initialize engine version: 2022.3.38f1 (c5d5a7410213)
[Subsystems] Discovering subsystems at path C:/Program Files/Unity/Hub/Editor/2022.3.38f1/Editor/Data/Resources/UnitySubsystems
[Subsystems] Discovering subsystems at path D:/unity/tank project/Assets
GfxDevice: creating device client; threaded=0; jobified=0
Direct3D:
    Version:  Direct3D 11.0 [level 11.1]
    Renderer: NVIDIA GeForce GTX 1650 (ID=0x1f91)
    Vendor:   NVIDIA
    VRAM:     3935 MB
    Driver:   32.0.16.1047
Initialize mono
Mono path[0] = 'C:/Program Files/Unity/Hub/Editor/2022.3.38f1/Editor/Data/Managed'
Mono path[1] = 'C:/Program Files/Unity/Hub/Editor/2022.3.38f1/Editor/Data/MonoBleedingEdge/lib/mono/unityjit-win32'
Mono config path = 'C:/Program Files/Unity/Hub/Editor/2022.3.38f1/Editor/Data/MonoBleedingEdge/etc'
Using monoOptions --debugger-agent=transport=dt_socket,embedding=1,server=y,suspend=n,address=127.0.0.1:56676
Begin MonoManager ReloadAssembly
Registering precompiled unity dll's ...
Register platform support module: C:/Program Files/Unity/Hub/Editor/2022.3.38f1/Editor/Data/PlaybackEngines/WindowsStandaloneSupport/UnityEditor.WindowsStandalone.Extensions.dll
Registered in 0.008632 seconds.
- Loaded All Assemblies, in  0.621 seconds
Native extension for WindowsStandalone target not found
Mono: successfully reloaded assembly
- Finished resetting the current domain, in  0.479 seconds
Domain Reload Profiling: 1097ms
	BeginReloadAssembly (185ms)
		ExecutionOrderSort (0ms)
		DisableScriptedObjects (0ms)
		BackupInstance (0ms)
		ReleaseScriptingObjects (0ms)
		CreateAndSetChildDomain (1ms)
	RebuildCommonClasses (58ms)
	RebuildNativeTypeToScriptingClass (16ms)
	initialDomainReloadingComplete (99ms)
	LoadAllAssembliesAndSetupDomain (260ms)
		LoadAssemblies (181ms)
		RebuildTransferFunctionScriptingTraits (0ms)
		AnalyzeDomain (257ms)
			TypeCache.Refresh (255ms)
				TypeCache.ScanAssembly (231ms)
			ScanForSourceGeneratedMonoScriptInfo (0ms)
			ResolveRequiredComponents (1ms)
	FinalizeReload (479ms)
		ReleaseScriptCaches (0ms)
		RebuildScriptCaches (0ms)
		SetupLoadedEditorAssemblies (380ms)
			LogAssemblyErrors (0ms)
			InitializePlatformSupportModulesInManaged (15ms)
			SetLoadedEditorAssemblies (13ms)
			RefreshPlugins (0ms)
			BeforeProcessingInitializeOnLoad (4ms)
			ProcessInitializeOnLoadAttributes (260ms)
			ProcessInitializeOnLoadMethodAttributes (88ms)
			AfterProcessingInitializeOnLoad (0ms)
			EditorAssembliesLoaded (0ms)
		ExecutionOrderSort2 (0ms)
		AwakeInstancesAfterBackupRestoration (0ms)
Assembly reference Packages/com.unity.entities/Unity.Scenes.Editor/Internals/Properties/Unity.Properties.Internals.asmref has no target assembly definition
========================================================================
Worker process is ready to serve import requests
Assembly reference Packages/com.unity.entities/Unity.Scenes.Editor/Internals/Properties/Unity.Properties.Internals.asmref has no target assembly definition
Begin MonoManager ReloadAssembly
- Loaded All Assemblies, in  1.569 seconds
Refreshing native plugins compatible for Editor in 8.17 ms, found 5 plugins.
Native extension for WindowsStandalone target not found
Assembly reference Packages/com.unity.entities/Unity.Scenes.Editor/Internals/Properties/Unity.Properties.Internals.asmref has no target assembly definition
TypeManager.Initialize took: 308ms
Mono: successfully reloaded assembly
- Finished resetting the current domain, in  2.298 seconds
Domain Reload Profiling: 3865ms
	BeginReloadAssembly (231ms)
		ExecutionOrderSort (0ms)
		DisableScriptedObjects (8ms)
		BackupInstance (0ms)
		ReleaseScriptingObjects (0ms)
		CreateAndSetChildDomain (37ms)
	RebuildCommonClasses (55ms)
	RebuildNativeTypeToScriptingClass (19ms)
	initialDomainReloadingComplete (70ms)
	LoadAllAssembliesAndSetupDomain (1190ms)
		LoadAssemblies (767ms)
		RebuildTransferFunctionScriptingTraits (0ms)
		AnalyzeDomain (554ms)
			TypeCache.Refresh (478ms)
				TypeCache.ScanAssembly (454ms)
			ScanForSourceGeneratedMonoScriptInfo (58ms)
			ResolveRequiredComponents (16ms)
	FinalizeReload (2299ms)
		ReleaseScriptCaches (0ms)
		RebuildScriptCaches (0ms)
		SetupLoadedEditorAssemblies (2005ms)
			LogAssemblyErrors (0ms)
			InitializePlatformSupportModulesInManaged (10ms)
			SetLoadedEditorAssemblies (12ms)
			RefreshPlugins (0ms)
			BeforeProcessingInitializeOnLoad (272ms)
			ProcessInitializeOnLoadAttributes (1352ms)
			ProcessInitializeOnLoadMethodAttributes (350ms)
			AfterProcessingInitializeOnLoad (10ms)
			EditorAssembliesLoaded (0ms)
		ExecutionOrderSort2 (0ms)
		AwakeInstancesAfterBackupRestoration (9ms)
Launched and connected shader compiler UnityShaderCompiler.exe after 0.10 seconds
Refreshing native plugins compatible for Editor in 11.23 ms, found 5 plugins.
Preloading 0 native plugins for Editor in 0.00 ms.
Unloading 6884 Unused Serialized files (Serialized files now loaded: 0)
Unloading 141 unused Assets / (152.7 KB). Loaded Objects now: 7311.
Memory consumption went from 222.4 MB to 222.2 MB.
Total: 11.154500 ms (FindLiveObjects: 0.892000 ms CreateObjectMapping: 1.431500 ms MarkObjects: 8.526600 ms  DeleteObjects: 0.302500 ms)

AssetImportParameters requested are different than current active one (requested -> active):
  custom:DOTSType/Zenject.MonoInstallerBase: 95f86c107dc723fe95f86c107dc723fe -> 
  custom:DOTSType/Unity.Entities.EntityGuid: 8e99211435a26d668e99211435a26d66 -> 
  custom:DOTSType/Tanks.TurretController: e7fde51fa66b4c5ee7fde51fa66b4c5e -> 
  custom:DOTSType/Unity.Entities.DefaultWorldInitializationProxy: 3bc53c9cad9070363bc53c9cad907036 -> 
  custom:container-demuxer-ogg: 62fdf1f143b41e24485cea50d1cbac27 -> 
  custom:DOTSType/Zenject.Internal.DefaultSceneContractConfig: a78f29ab0132239ca78f29ab0132239c -> 
  custom:DOTSType/Unity.Physics.EnsureUniqueColliderBlobTag: 3e3264c9c7497b3b3e3264c9c7497b3b -> 
  custom:DOTSType/Unity.Scenes.SceneEntityReference: 646ffd19b744bbdb646ffd19b744bbdb -> 
  custom:DOTSType/Unity.Entities.Hybrid.Baking.BakingOnlyEntityAuthoringBaker+BakingOnlyChildren: 9c3cc3aa8ff875949c3cc3aa8ff87594 -> 
  custom:DOTSType/Unity.Entities.EntityManager+IsolateCopiedEntities: 703c8c39c22b63af703c8c39c22b63af -> 
  custom:DOTSType/Unity.Entities.BeginVariableRateSimulationEntityCommandBufferSystem+Singleton: 40006e500ad5800440006e500ad58004 -> 
  custom:DOTSType/UnityEngine.LightProbeProxyVolume: cd06291433fcac4ccd06291433fcac4c -> 
  custom:EntityBinaryFileFormatVersion: b618570c169a919bbb95b4bd7e4084ba -> 
  custom:DOTSType/Unity.Physics.Authoring.DisplayGizmoColliderEdges+DrawWithGizmos: a6749ec75af14c28a6749ec75af14c28 -> 
  custom:DOTSType/Tanks.SkyRotation: 6a30c8e81d68dcd96a30c8e81d68dcd9 -> 
  custom:DOTSType/Unity.Entities.Editor.ComponentInfo: b6911f4bc3b03db5b6911f4bc3b03db5 -> 
  custom:DOTSType/Unity.Entities.BurstCompatibleComponentData: 1d232e8370167ced1d232e8370167ced -> 
  custom:DOTSType/Unity.Entities.RetainBlobAssetPtr: f51a437fde39ac82f51a437fde39ac82 -> 
  custom:DOTSType/Unity.Physics.Authoring.PhysicsStepAuthoring: 29ca86243fe93d3b29ca86243fe93d3b -> 
  custom:DOTSType/Unity.Entities.BakedEntity: 6cda7616df5335d16cda7616df5335d1 -> 
  custom:DOTSType/Unity.Transforms.Static: a08c19e85cdd5a49a08c19e85cdd5a49 -> 
  custom:DOTSType/Unity.Entities.Editor.InvalidEntityEditor: c09028623072dbb6c09028623072dbb6 -> 
  custom:DOTSType/UnityEngine.Collider: e796157eabb2316ee796157eabb2316e -> 
  custom:framework-win-MediaFoundation: 216162199b28c13a410421893ffa2e32 -> 
  custom:DOTSType/UnityEngine.Transform: 3954159e9eb625f23954159e9eb625f2 -> 
  custom:DOTSType/Unity.Physics.Authoring.PhysicsWorldIndexAuthoring: c35779b88bcbf0f5c35779b88bcbf0f5 -> 
  custom:DOTSType/Unity.Scenes.Editor.GameObjectSceneMetaDataImporter: 35c29e171f7f1b1235c29e171f7f1b12 -> 
  custom:DOTSType/Tanks.Wheel: 8000d516241cf2618000d516241cf261 -> 
  custom:DOTSType/Unity.Entities.Editor.EntitySelectionProxy: 640f096afb1dc192640f096afb1dc192 -> 
  custom:DOTSType/Tanks.Tests.TestInputController: da9d7109e7aa2efada9d7109e7aa2efa -> 
  custom:DOTSType/Unity.Entities.OmitLinkedEntityGroupFromPrefabInstance: d5447758848371b8d5447758848371b8 -> 
  custom:DOTSType/Unity.Entities.Editor.HierarchyWindow: 68a3d7f4e81dfa3968a3d7f4e81dfa39 -> 
  custom:DOTSType/Unity.Entities.CleanupEntity: 91c2e7742ff7a40291c2e7742ff7a402 -> 
  custom:DOTSType/Zenject.MonoKernel: ad622fbf2f55726ead622fbf2f55726e -> 
  custom:DOTSType/Zenject.DefaultGameObjectKernel: 4e750c357d05f8164e750c357d05f816 -> 
  custom:DOTSType/Zenject.GameObjectContextEditor: e47fe5c2e2a879a3e47fe5c2e2a879a3 -> 
  custom:DOTSType/Unity.Scenes.RequestSceneHeader: 539e2df9dd1c5383539e2df9dd1c5383 -> 
  custom:DOTSType/Unity.Entities.BakingOnlyEntity: 6d61bb30b0fe96a06d61bb30b0fe96a0 -> 
  custom:DOTSType/UnityEngine.ReflectionProbe: 74c5d94e403ee5bf74c5d94e403ee5bf -> 
  custom:DOTSType/Unity.Physics.Authoring.PhysicsWorldIndexBakingData: eb7993b47224fdb3eb7993b47224fdb3 -> 
  custom:DOTSType/Tanks.TankController: 5fe8cedbca51d9d55fe8cedbca51d9d5 -> 
  custom:DOTSType/Unity.Scenes.Editor.ClearEntitiesCacheWindow: ff5e4942d7943fe4ff5e4942d7943fe4 -> 
  custom:DOTSType/Unity.Entities.Serialization.DotsSerialization+TypeNamesNode: 481f56363f3115ba481f56363f3115ba -> 
  custom:DOTSType/Unity.Entities.Hybrid.Baking.BakingOnlyEntityAuthoring: b00feda2188a9371b00feda2188a9371 -> 
  custom:DOTSType/Unity.Scenes.ResolvedSectionPath: bf9e38f006f83cb7bf9e38f006f83cb7 -> 
  custom:DOTSType/Unity.Deformations.BlendShapeWeight: d26eabb95dfc9b4dd26eabb95dfc9b4d -> 
  custom:DOTSType/Unity.Scenes.ReferencedUnityObjects: b8073d4731436522b8073d4731436522 -> 
  custom:DOTSType/Unity.Physics.Authoring.PhysicsDebugDisplayAuthoring: 048169f5bbaf7cd0048169f5bbaf7cd0 -> 
  custom:DOTSType/Unity.Scenes.Editor.SubSceneInspector: 6e96e553cf64778e6e96e553cf64778e -> 
  custom:DOTSType/Unity.Physics.GraphicsIntegration.SmoothRigidBodiesGraphicalMotion+RigidBodySmoothingWorldIndex: 988440dd19a406ed988440dd19a406ed -> 
  custom:DOTSType/Unity.Physics.PhysicsConstrainedBodyPair: 37ca29e9e58c191137ca29e9e58c1911 -> 
  custom:DOTSType/Unity.Physics.ColliderBlobCleanupData: 18f3eb94199c5e3618f3eb94199c5e36 -> 
  custom:DOTSType/Unity.Physics.PhysicsDamping: 579a7188c5fb1464579a7188c5fb1464 -> 
  custom:container-muxer-webm: aa71ff27fc2769a1b78a27578f13a17b -> 
  custom:DOTSType/Unity.Entities.CompanionGameObjectUpdateTransformCleanup: 0a4e12c25aaf05e00a4e12c25aaf05e0 -> 
  custom:DOTSType/Tanks.Editor.TransmissionSettingsEditor: 5c05f270edf687155c05f270edf68715 -> 
  custom:DOTSType/Unity.Entities.EndSimulationEntityCommandBufferSystem+Singleton: 6cc3a7136f47def06cc3a7136f47def0 -> 
  custom:DOTSType/Unity.Physics.Authoring.PhysicsDebugDisplaySystem+DrawComponent: fbecd1af1d76e089fbecd1af1d76e089 -> 
  custom:video-decoder-webm-vp8: 9c59270c3fd7afecdb556c50c9e8de78 -> 
  custom:DOTSType/Zenject.GuiRenderer: 77a380f71106289e77a380f71106289e -> 
  custom:DOTSType/Zenject.AnimatorMoveHandlerManager: 48d7fbeaa25297da48d7fbeaa25297da -> 
  custom:DOTSType/UnityEngine.GameObject: aef60e3f2ae5ad9aaef60e3f2ae5ad9a -> 
  custom:SearchIndexIgnoredProperties: e643bd26f0fe6173181afceb89e7c659 -> 
  custom:DOTSAllSystemsVersion: ffb3322ebf2cc81fbcc35437f1236753 -> 
  custom:DOTSType/Unity.Physics.GraphicsIntegration.PhysicsGraphicalInterpolationBuffer: 7baea6e725f3208c7baea6e725f3208c -> 
  custom:AudioImporter_EditorPlatform: d09bf68614088b80899f8185d706f6e7 -> 
  custom:DOTSType/Tanks.Interface.CarnageSettings: 06a0f3af603600f206a0f3af603600f2 -> 
  custom:DOTSType/Zenject.ProjectContextEditor: f68c5f17562ef273f68c5f17562ef273 -> 
  custom:DOTSType/Unity.Entities.Serialization.DotsSerialization+FolderNode: 98c33d003d1b152b98c33d003d1b152b -> 
  custom:DOTSType/Unity.Entities.CompanionReference: 4de8f4179bbe96e74de8f4179bbe96e7 -> 
  custom:DOTSType/UnityEngine.VFX.VisualEffect: dc0e74262f371f63dc0e74262f371f63 -> 
  custom:DOTSType/Unity.Entities.Hybrid.Baking.AdditionalEntitiesBakingData: d81e35bf039925b8d81e35bf039925b8 -> 
  custom:DOTSType/UnityEngine.SpriteRenderer: 61a676ec163f72b161a676ec163f72b1 -> 
  custom:DOTSType/Unity.Entities.Editor.JournalingWrapperEditor: 7820ec03259d9ee57820ec03259d9ee5 -> 
  custom:DOTSType/Tanks.Tank.ProjectileTracker: 101b4b340f8400be101b4b340f8400be -> 
  custom:DOTSType/Unity.Deformations.SkinMatrix: 4b50a0962ac5e60d4b50a0962ac5e60d -> 
  custom:DOTSType/Unity.Scenes.WeakAssetReferenceLoadingData: 451a8b20bc4a35f6451a8b20bc4a35f6 -> 
  custom:DOTSType/Unity.Entities.BurstCompatibleSharedComponentData: 6239fcd2cd3b1c316239fcd2cd3b1c31 -> 
  custom:DOTSType/Unity.Physics.PhysicsCustomTags: 7d9dddf48b181c997d9dddf48b181c99 -> 
  custom:DOTSType/Zenject.SceneDecoratorContext: 47847979bf9052df47847979bf9052df -> 
  custom:DOTSType/Unity.Entities.Editor.ArchetypeWrapperEditor: fcd41c2e8cb6c202fcd41c2e8cb6c202 -> 
  custom:DOTSType/Unity.Physics.PhysicsGravityFactor: 8ab51309e4cdebcc8ab51309e4cdebcc -> 
  custom:DOTSType/Tanks.PlayerInputController: eeac7a82da062014eeac7a82da062014 -> 
  custom:DOTSType/Unity.Entities.SceneTag: 7a384971715860367a38497171586036 -> 
  custom:DOTSType/Unity.Physics.Systems.DummySimulationData: e73bf206ed8976b1e73bf206ed8976b1 -> 
  custom:DOTSType/Unity.Physics.CustomPhysicsProxyDriver: d8e4875a8f47327fd8e4875a8f47327f -> 
  custom:DOTSType/Unity.Entities.Editor.InvalidSelectionEditor: bb0f099005812d55bb0f099005812d55 -> 
  custom:DOTSType/Tanks.Interface.CarnageIndicator: 7a2a70789a91028f7a2a70789a91028f -> 
  custom:DOTSType/Unity.Physics.StepInputSingleton: f5a13022ab227cfff5a13022ab227cff -> 
  custom:DOTSType/Unity.Transforms.LocalToWorld: f07e17bb4e08548ef07e17bb4e08548e -> 
  custom:DOTSType/Unity.Entities.Prefab: 8cefcfc0e3366a618cefcfc0e3366a61 -> 
  custom:DOTSType/Unity.Transforms.PreviousParent: f7f96ed2f665f721f7f96ed2f665f721 -> 
  custom:DOTSType/Unity.Entities.EditorRenderData: 23031dfb0b685e0c23031dfb0b685e0c -> 
  custom:DOTSType/Tanks.TankGameInstaller: ab41efd1a1117644ab41efd1a1117644 -> 
  custom:DOTSType/Tanks.Tests.TestCarnageIndicator: c8904b0627773241c8904b0627773241 -> 
  custom:DOTSType/Unity.Entities.Editor.JournalEntry: fa64f1a8d5097849fa64f1a8d5097849 -> 
  custom:DOTSType/Unity.Scenes.GlobalEntitiesDependency: 272e3c9ba12b159e272e3c9ba12b159e -> 
  custom:audio-decoder-ogg-vorbis: bf7c407c2cedff20999df2af8eb42d56 -> 
  custom:ProjectSettings/EntitiesClientSettings.asset: 57fa4463d8597ee36c3803b5983b6213 -> 
  custom:DOTSType/Unity.Entities.RetainBlobAssets: e3007bd0d4f5ba8be3007bd0d4f5ba8b -> 
  custom:DOTSType/Tanks.TankAudioSystem: e0c4f60227f2a2a8e0c4f60227f2a2a8 -> 
  custom:DOTSType/Unity.Scenes.SceneSystemData: 358f9772a0e70c53358f9772a0e70c53 -> 
  custom:DOTSType/Zenject.SceneDecoratorContextEditor: ca86c2fb23338ef7ca86c2fb23338ef7 -> 
  custom:DOTSType/Unity.Physics.PhysicsWorldIndex: 44b485a5651ecbf844b485a5651ecbf8 -> 
  custom:DOTSType/Unity.Entities.EndInitializationEntityCommandBufferSystem+Singleton: 75800829e25c245f75800829e25c245f -> 
  custom:DOTSType/Unity.Entities.Build.EntitiesClientSettings: 379ca95f1f31bbbc379ca95f1f31bbbc -> 
  custom:DOTSType/Zenject.ProjectContext: 73c2192ee2a3347973c2192ee2a33479 -> 
  custom:DOTSType/Zenject.RunnableContextEditor: 761811f71f3da7bc761811f71f3da7bc -> 
  custom:DOTSType/UnityEngine.AudioSource: aed3a424fdd48d59aed3a424fdd48d59 -> 
  custom:DOTSType/Unity.Scenes.RequestEntityPrefabLoaded: fc4092a08e154a96fc4092a08e154a96 -> 
  custom:DOTSType/Unity.Entities.SystemInstance: bb0dfff8e9a48357bb0dfff8e9a48357 -> 
  custom:DOTSType/Unity.Entities.RemoveUnusedEntityInBake: 0973223cb916c16b0973223cb916c16b -> 
  custom:DOTSType/Unity.Entities.EndVariableRateSimulationEntityCommandBufferSystem+Singleton: 78d2450a82ebc20778d2450a82ebc207 -> 
  custom:DOTSType/Unity.Physics.DummyColliderFakesComponent`1[[Unity.Physics.CylinderCollider, Unity.Physics, Version=0.0.0.0, Culture=neutral, PublicKeyToken=null]]: 2d82e9daa82955bf2d82e9daa82955bf -> 
  custom:audio-encoder-webm-vorbis: bf7c407c2cedff20999df2af8eb42d56 -> 
  custom:DOTSType/Unity.Entities.BeginFixedStepSimulationEntityCommandBufferSystem+Singleton: 5857035820ee1e635857035820ee1e63 -> 
  custom:DOTSType/Unity.Physics.PhysicsJointCompanion: 655fde98af64ce94655fde98af64ce94 -> 
  custom:DOTSType/Unity.Scenes.WeakAssetPrefabLoadRequest: b6d72391c4d3d049b6d72391c4d3d049 -> 
  custom:DOTSType/Tanks.Legacy.LegacyTransmissionSettings: 84b2093787e9240c84b2093787e9240c -> 
  custom:DOTSType/Tanks.Legacy.Editor.LegacyTransmissionSettingsEditor: f063a9f322024a22f063a9f322024a22 -> 
  custom:DOTSType/Zenject.ScriptableObjectInstallerBase: 564d9b68561bb94d564d9b68561bb94d -> 
  custom:DOTSType/Unity.Physics.Editor.CustomPhysicsBodyTagNamesEditor: 5e056a649e13a00c5e056a649e13a00c -> 
  custom:DOTSType/Unity.Physics.PhysicsWorldSingleton: 90bad7c95a54d00590bad7c95a54d005 -> 
  custom:DOTSType/Unity.Entities.BurstCompatibleBufferElement: 9256282cac425e579256282cac425e57 -> 
  custom:DOTSType/Unity.Entities.CompanionLink: 4813070be25c6d6a4813070be25c6d6a -> 
  custom:DOTSType/Unity.Physics.DummyColliderFakesComponent`1[[Unity.Physics.PolygonCollider, Unity.Physics, Version=0.0.0.0, Culture=neutral, PublicKeyToken=null]]: 3f38e3dc511d48d23f38e3dc511d48d2 -> 
  custom:SceneMetaDataFileFormatVersion: 18e216f4893c3ae43d5b4b3a88de92ca -> 
  custom:DOTSType/Unity.Entities.Editor.SystemScheduleWindow: dfecb8af58c97f0adfecb8af58c97f0a -> 
  custom:DOTSType/Unity.Physics.PhysicsColliderKeyEntityPair: e3185876db01deade3185876db01dead -> 
  custom:DOTSType/Zenject.ContextEditor: 0791a612a42c17bc0791a612a42c17bc -> 
  custom:DOTSType/Zenject.AnimatorIkHandlerManager: 6bf1f62125213c446bf1f62125213c44 -> 
  custom:DOTSType/Unity.Transforms.LocalTransform: d07f194ee4791f00d07f194ee4791f00 -> 
  custom:DOTSType/Unity.Physics.PhysicsJoint: e49afdd9ec82159fe49afdd9ec82159f -> 
  custom:DOTSType/Unity.Scenes.PrefabAssetReference: 924b87ecab3719ce924b87ecab3719ce -> 
  custom:DOTSType/UnityEngine.Rigidbody: 90d4f52b90e97d3190d4f52b90e97d31 -> 
  custom:DOTSType/Unity.Transforms.PostTransformMatrix: d5b773053bc4fc92d5b773053bc4fc92 -> 
  custom:DOTSType/Unity.Entities.WorldTime: efd6631e6d47e1c0efd6631e6d47e1c0 -> 
  custom:DOTSType/Unity.Entities.Editor.ComponentsWindow: f3a47022486a5e37f3a47022486a5e37 -> 
  custom:DOTSType/Unity.Entities.Editor.JournalManager: bd6303929aef5048bd6303929aef5048 -> 
  custom:DOTSType/Zenject.SceneKernel: 14c92f57ead5fa5a14c92f57ead5fa5a -> 
  custom:DOTSType/Unity.Scenes.Editor.SubSceneImporter: fbc2a6bb48307f94fbc2a6bb48307f94 -> 
  custom:DOTSType/UnityEngine.Light: 47f771faf20222f647f771faf20222f6 -> 
  custom:DOTSType/Unity.Entities.EndFixedStepSimulationEntityCommandBufferSystem+Singleton: 903138f233c08b6f903138f233c08b6f -> 
  custom:DOTSType/Unity.Entities.Hybrid.Baking.LinkedEntityGroupAuthoring: 463b7158f57f2778463b7158f57f2778 -> 
  custom:DOTSType/Unity.Entities.BeginInitializationEntityCommandBufferSystem+Singleton: 1dafdf6276a3f02d1dafdf6276a3f02d -> 
  custom:DOTSType/Unity.Physics.SimulationSingleton: 2c12c15cc1aaefd42c12c15cc1aaefd4 -> 
  custom:DOTSType/Unity.Transforms.Child: 5a0b111d3c5ef1ef5a0b111d3c5ef1ef -> 
  custom:DOTSType/Unity.Entities.Editor.ComponentWrapperEditor: 8a0108ac83962ca58a0108ac83962ca5 -> 
  custom:video-codec-MediaFoundation-h265: 746d11721c4dcdbdad8f713fa42b33f4 -> 
  custom:DOTSType/Unity.Entities.SceneSectionData: eeed08dab67953cbeeed08dab67953cb -> 
  custom:DOTSType/Tanks.EffectPool: b07fd26d384c1aadb07fd26d384c1aad -> 
  custom:DOTSType/Zenject.Context: 7a9b164638a7c5fb7a9b164638a7c5fb -> 
  custom:DOTSType/Unity.Entities.Editor.EntitiesJournalingWindow: fb6228252c0089dcfb6228252c0089dc -> 
  custom:video-decoder-ogg-theora: a1e56fd34408186e4bbccfd4996cb3dc -> 
  custom:DOTSType/Unity.Scenes.ResolvedSceneHash: 10c2d6fb478167a310c2d6fb478167a3 -> 
  custom:DOTSType/Unity.Scenes.SceneSectionStreamingData: 01ac29b86b18dacf01ac29b86b18dacf -> 
  custom:DOTSType/Zenject.ZenjectStateMachineBehaviourAutoInjecter: bc2fa2415d8a8ef6bc2fa2415d8a8ef6 -> 
  custom:DOTSType/Unity.Entities.AdditionalEntityParent: a24d1678b03f0479a24d1678b03f0479 -> 
  custom:DOTSType/Unity.Entities.Simulate: e0c92315ec24632de0c92315ec24632d -> 
  custom:DOTSType/Unity.Physics.PhysicsVelocity: eae7719776411411eae7719776411411 -> 
  custom:DOTSType/Unity.Entities.Editor.SystemWrapperEditor: 8c892c6354f3a3138c892c6354f3a313 -> 
  custom:DOTSType/Unity.Entities.RetainBlobAssetBatchPtr: 14017b765908ee1d14017b765908ee1d -> 
  custom:DOTSType/Zenject.ZenjectBinding: 0569f6cfa9645a6e0569f6cfa9645a6e -> 
  custom:DOTSType/Tanks.Tests.TestCarnageIndicator+TestCarnageIndicatorEditor: a518ed1603ea4192a518ed1603ea4192 -> 
  custom:DOTSType/Unity.Physics.Authoring.CustomPhysicsProxyAuthoring: 90a4b67ea7c61e0c90a4b67ea7c61e0c -> 
  custom:DOTSType/Unity.Physics.Authoring.PhysicsMeshAuthoringData: 07c891dbd84b5d1c07c891dbd84b5d1c -> 
  custom:DOTSType/Unity.Scenes.LiveConversionPatcher+LiveConvertedSceneCleanup: 97dadd0f05dbc86997dadd0f05dbc869 -> 
  custom:DOTSType/UnityEngine.MeshCollider: 745c145fdcf1939e745c145fdcf1939e -> 
  custom:DOTSType/Unity.Physics.Authoring.ForceUniqueColliderAuthoring: 34be871ed7a74d6234be871ed7a74d62 -> 
  custom:DOTSType/Zenject.GameObjectContext: 694c79f9ded4c948694c79f9ded4c948 -> 
  custom:DOTSType/Unity.Physics.DummyColliderFakesComponent`1[[Unity.Physics.CapsuleCollider, Unity.Physics, Version=0.0.0.0, Culture=neutral, PublicKeyToken=null]]: 840aede77f375b4f840aede77f375b4f -> 
  custom:DOTSType/Unity.Physics.Authoring.StaticOptimizePhysicsBaking: f3a03d29cca9ceabf3a03d29cca9ceab -> 
  custom:DOTSType/Unity.Scenes.DisableLiveConversion: 543070e84ec00e2c543070e84ec00e2c -> 
  custom:DOTSType/Unity.Physics.Authoring.PhysicsCompoundData: 41f933035064165d41f933035064165d -> 
  custom:DOTSType/Tanks.AudioPool: 65d2a3a778887e6e65d2a3a778887e6e -> 
  custom:DOTSType/Unity.Physics.DummyColliderFakesComponent`1[[Unity.Physics.SphereCollider, Unity.Physics, Version=0.0.0.0, Culture=neutral, PublicKeyToken=null]]: 4818ec4955a46c414818ec4955a46c41 -> 
  custom:DOTSType/Unity.Transforms.Parent: 00b45826652a5ec600b45826652a5ec6 -> 
  custom:DOTSType/Unity.Physics.PhysicsCollider: 00548c0f8c0147a000548c0f8c0147a0 -> 
  custom:DOTSType/Unity.Physics.Authoring.PhysicsRootBaked: a150145af5348f6da150145af5348f6d -> 
  custom:DOTSType/Unity.Scenes.ResolveSceneReferenceSystem+AssetDependencyTrackerState: b2d132c8f66d836db2d132c8f66d836d -> 
  custom:DOTSType/Unity.Entities.CompanionLinkTransform: e392322015c13880e392322015c13880 -> 
  custom:DOTSType/Unity.Entities.Serialization.DotsSerialization+RevisionedRawDataNode: 7e711ae70d27259d7e711ae70d27259d -> 
  custom:CustomObjectIndexerAttribute: 9a22284fe3817be447336de3de66b15e -> 
  custom:DOTSType/Tanks.Projectile: 620e548336351b1d620e548336351b1d -> 
  custom:DOTSType/Unity.Physics.GraphicsIntegration.MostRecentFixedTime: 6c4396236e6646a76c4396236e6646a7 -> 
  custom:DOTSType/UnityEngine.ParticleSystem: 28fa60303afd747328fa60303afd7473 -> 
  custom:DOTSType/Unity.Physics.DummyColliderFakesComponent`1[[Unity.Physics.ConvexCollider, Unity.Physics, Version=0.0.0.0, Culture=neutral, PublicKeyToken=null]]: d00615a7bde8681ed00615a7bde8681e -> 
  custom:DOTSType/Unity.Physics.DummyColliderFakesComponent`1[[Unity.Physics.MeshCollider, Unity.Physics, Version=0.0.0.0, Culture=neutral, PublicKeyToken=null]]: 52b224b25d7c5a2552b224b25d7c5a25 -> 
  custom:container-demuxer-webm: 4f35f7cbe854078d1ac9338744f61a02 -> 
  custom:DOTSType/Unity.Entities.PrefabRoot: ea04b60a31090316ea04b60a31090316 -> 
  custom:DOTSType/Unity.Entities.RequestSceneLoaded: 62c081c918aff6ee62c081c918aff6ee -> 
  custom:DOTSType/Unity.Entities.BeginPresentationEntityCommandBufferSystem+Singleton: cbef056a920a5eadcbef056a920a5ead -> 
  custom:DOTSType/Unity.Entities.ChunkHeader: 490bb3205bb29fe6490bb3205bb29fe6 -> 
  custom:DOTSType/Unity.Scenes.IsSectionLoaded: 2e3c12f14f7600232e3c12f14f760023 -> 
  custom:DOTSType/Unity.Entities.Editor.SystemInfo: e869e7d857e70a99e869e7d857e70a99 -> 
  custom:DOTSType/Zenject.MonoInstaller: d4f508a97531178fd4f508a97531178f -> 
  custom:DOTSType/Unity.Entities.WorldTimeQueue: 48ce29752c66702348ce29752c667023 -> 
  custom:DOTSType/Unity.Entities.StaticOptimizeEntity: 346cca765bf51c72346cca765bf51c72 -> 
  custom:DOTSType/Unity.Entities.SectionMetadataSetup: 75ea136fdb0e54ba75ea136fdb0e54ba -> 
  custom:DOTSType/Tanks.ProjectilePool: ae6caa17fe3924ceae6caa17fe3924ce -> 
  custom:DOTSType/Unity.Scenes.SceneSectionReferencedUnityObjects: 2797689ad57679a22797689ad57679a2 -> 
  custom:DOTSType/Unity.Physics.Editor.PhysicsStepAuthoringEditor: b0470546a7982481b0470546a7982481 -> 
  custom:DOTSType/Unity.Physics.GraphicsIntegration.PhysicsRenderEntity: 17b73fa380da9cf517b73fa380da9cf5 -> 
  custom:DOTSType/Unity.Entities.Hybrid.Baking.LinkedEntityGroupBakingData: cd33507256493e18cd33507256493e18 -> 
  custom:DOTSType/UnityEngine.LODGroup: 15ad22bb5260348e15ad22bb5260348e -> 
  custom:DOTSType/Tanks.BaseInputController: 7c3584087687be277c3584087687be27 -> 
  custom:DOTSType/Unity.Entities.Editor.HierarchySelectionContext: eb8c02bbb8571091eb8c02bbb8571091 -> 
  custom:DOTSType/Unity.Physics.DummyColliderFakesComponent`1[[Unity.Physics.CompoundCollider, Unity.Physics, Version=0.0.0.0, Culture=neutral, PublicKeyToken=null]]: f0b0c805df9aab48f0b0c805df9aab48 -> 
  custom:DOTSType/Unity.Physics.Authoring.PhysicsColliderAuthoringData: 237ab57c84eb023d237ab57c84eb023d -> 
  custom:DOTSType/Unity.Entities.Entity: 295b0c964d12026f295b0c964d12026f -> 
  custom:DOTSType/Unity.Physics.DummyColliderFakesComponent`1[[Unity.Physics.TerrainCollider, Unity.Physics, Version=0.0.0.0, Culture=neutral, PublicKeyToken=null]]: 76d2966f42dff4df76d2966f42dff4df -> 
  custom:DOTSType/Unity.Scenes.PublicEntityRef: b380cfe1712d4500b380cfe1712d4500 -> 
  custom:DOTSType/Unity.Entities.Asset: 5205195e4c6bea1c5205195e4c6bea1c -> 
  custom:DOTSType/Unity.Physics.GraphicsIntegration.PhysicsGraphicalSmoothing: 1a649a11034ac6061a649a11034ac606 -> 
  custom:DOTSType/Unity.Physics.Systems.PhysicsAnalyticsSingleton: 261d1a0e3f762c88261d1a0e3f762c88 -> 
  custom:DOTSType/Unity.Physics.PhysicsTemporalCoherenceInfo: dd862a3ef5746267dd862a3ef5746267 -> 
  custom:DOTSType/Tanks.EffectPoolContainer: bf19857e7a596a2bbf19857e7a596a2b -> 
  custom:DOTSType/Unity.Physics.PhysicsStep: 4ca665c06bcf89ca4ca665c06bcf89ca -> 
  custom:DOTSType/UnityEngine.TextMesh: 6784c791d05273aa6784c791d05273aa -> 
  custom:DOTSType/Unity.Entities.CompanionGameObjectActiveCleanup: 4ff09409f1cce51f4ff09409f1cce51f -> 
  custom:DOTSType/Tanks.ReloadIndicator: 83d1d641d15e1d5483d1d641d15e1d54 -> 
  custom:DOTSType/Zenject.RunnableContext: f37beb99d06e39fbf37beb99d06e39fb -> 
  custom:DOTSType/Unity.Physics.Authoring.PhysicsDebugDisplayData: 0cdccf70b9e5e20d0cdccf70b9e5e20d -> 
  custom:DOTSType/Unity.Scenes.AssetObjectManifest: 84d682f40d46c88184d682f40d46c881 -> 
  custom:DOTSType/Unity.Entities.PostLoadCommandBuffer: d658541e4a41540dd658541e4a41540d -> 
  custom:DOTSType/Unity.Entities.Editor.ArchetypeInfo: b8b1bbcc600f6437b8b1bbcc600f6437 -> 
  custom:DOTSType/Tanks.Interface.Speedometer: 158cdf1f7f3d0d9c158cdf1f7f3d0d9c -> 
  custom:DOTSType/Tanks.BattleRam: 87a27f4ae62d951387a27f4ae62d9513 -> 
  custom:DOTSType/UnityEngine.BoxCollider: 8e5b85c4fec088d48e5b85c4fec088d4 -> 
  custom:DOTSType/Unity.Entities.Serialization.ExternalEntityReference: 415f45c8b00c90a4415f45c8b00c90a4 -> 
  custom:DOTSType/Unity.Entities.SceneSectionComponent: 22f65411cbba718222f65411cbba7182 -> 
  custom:DOTSType/Unity.Scenes.PrefabLoadResult: 71615367c37f030371615367c37f0303 -> 
  custom:DOTSType/Unity.Scenes.SceneSectionStreamingSystem+StreamingState: 7014161ec3350ad07014161ec3350ad0 -> 
  custom:DOTSType/Unity.Entities.Editor.UnsupportedEntityEditor: f4c4238e5d78020af4c4238e5d78020a -> 
  custom:DOTSType/Unity.Scenes.ResolvedSectionEntity: e83509e6ef73df7ae83509e6ef73df7a -> 
  custom:DOTSType/Unity.Scenes.DisableSceneResolveAndLoad: 41c98fa73f31b21a41c98fa73f31b21a -> 
  custom:DOTSType/Unity.Entities.LinkedEntityGroup: c1b61ecd5260e852c1b61ecd5260e852 -> 
  custom:DOTSType/Unity.Physics.Authoring.RigidbodyBakingData: 66caf1f3818b52fc66caf1f3818b52fc -> 
  custom:DOTSType/Zenject.ScriptableObjectInstaller: 47201fb43b11147d47201fb43b11147d -> 
  custom:DOTSType/Unity.Physics.Authoring.DetailedStaticMeshCollisionAuthoring: 35a7576e30820a5e35a7576e30820a5e -> 
  custom:DOTSType/Unity.Entities.Editor.UnsupportedGameObjectEditor: 5cff923fd1c387e15cff923fd1c387e1 -> 
  custom:DOTSType/Tanks.CinemachineInputCustomProvider: 53bf68681542a65453bf68681542a654 -> 
  custom:DOTSType/Zenject.SceneContext: 30c70a59093b925c30c70a59093b925c -> 
  custom:DOTSType/UnityEngine.MeshRenderer: 77aa4cb33b84a90377aa4cb33b84a903 -> 
  custom:DOTSType/Unity.Physics.Authoring.BakeStaticRoot: ac81d98288eb78feac81d98288eb78fe -> 
  custom:DOTSType/Unity.Entities.Serialization.DotsSerialization+StringTableNode: db9aacf636d95b56db9aacf636d95b56 -> 
  custom:DOTSType/Zenject.SceneContextEditor: f5ac3d9288ab62bbf5ac3d9288ab62bb -> 
  custom:DOTSType/Unity.Entities.Disabled: ea10d702b0a42592ea10d702b0a42592 -> 
  custom:DOTSType/Unity.Entities.Editor.EntityEditor: 4502e3ccdb7ac0e04502e3ccdb7ac0e0 -> 
  custom:DOTSType/Unity.Physics.Systems.BroadphaseData: cf796e61bbb1c05fcf796e61bbb1c05f -> 
  custom:DOTSType/Unity.Entities.Editor.ArchetypesWindow: bde482c89698b5c7bde482c89698b5c7 -> 
  custom:DOTSType/Unity.Physics.PhysicsMass: dd66b9b7945f3ac7dd66b9b7945f3ac7 -> 
  custom:DOTSType/Unity.Physics.Systems.BuildPhysicsWorldData: 403d401e5c7292c3403d401e5c7292c3 -> 
  custom:DOTSType/Unity.Scenes.SceneBoundingVolume: 3407604aa951263f3407604aa951263f -> 
  custom:video-encoder-webm-vp8: eb34c28f22e8b96e1ab97ce403110664 -> 
  custom:DOTSType/Unity.Physics.Authoring.PhysicsColliderBakedData: 4b51dd6d702fa42d4b51dd6d702fa42d -> 
  custom:DOTSType/UnityEngine.SphereCollider: 82c25a73f4a3118382c25a73f4a31183 -> 
  custom:DOTSType/Unity.Scenes.SubScene: ac4196b7e94e44ecac4196b7e94e44ec -> 
  custom:DOTSType/Unity.Physics.DummyColliderFakesComponent`1[[Unity.Physics.Collider, Unity.Physics, Version=0.0.0.0, Culture=neutral, PublicKeyToken=null]]: 9b1dfcaf09a3b4529b1dfcaf09a3b452 -> 
  custom:DOTSType/Unity.Entities.Editor.HierarchyEntityChangeTracker+UnusedTag: e99f3a5fcb8d8012e99f3a5fcb8d8012 -> 
  custom:DOTSType/Unity.Physics.PhysicsMassOverride: 6fcef11ae9d1bc306fcef11ae9d1bc30 -> 
  custom:DOTSType/Unity.Entities.BlobAssetOwner: c83c63163f833390c83c63163f833390 -> 
  custom:DOTSType/Zenject.CheatSheet+Foo: 818256864703f221818256864703f221 -> 
  custom:DOTSType/Unity.Physics.Authoring.CustomPhysicsBodyTagNames: cf633e3d702fe67dcf633e3d702fe67d -> 
  custom:DOTSType/UnityEngine.CapsuleCollider: be84ea475def5c96be84ea475def5c96 -> 
  custom:DOTSType/Unity.Physics.PhysicsTemporalCoherenceTag: 078e815b3514dfd3078e815b3514dfd3 -> 
  custom:DOTSType/Unity.Entities.Editor.JournalManagerWrapperEditor: cb69e60b3422ccebcb69e60b3422cceb -> 
  custom:DOTSType/Unity.Entities.SceneReference: 93a995b4b28fc25393a995b4b28fc253 -> 
  custom:DOTSType/Unity.Entities.Editor.UnsupportedPrefabEntityEditor: 42b92ebb8c8886cf42b92ebb8c8886cf -> 
  custom:DOTSType/Unity.Entities.Serialization.DotsSerialization+NodeHeader: 2a912a6fdedc77ae2a912a6fdedc77ae -> 
  custom:DOTSType/Zenject.ZenAutoInjecter: 778eb5667a6355bc778eb5667a6355bc -> 
  custom:DOTSType/Unity.Entities.SceneSection: bdba69731fc8f3e7bdba69731fc8f3e7 -> 
  custom:DOTSType/Tanks.Patrol: af24d179ee3e03f0af24d179ee3e03f0 -> 
  custom:DOTSType/Unity.Physics.DummyColliderFakesComponent`1[[Unity.Physics.BoxCollider, Unity.Physics, Version=0.0.0.0, Culture=neutral, PublicKeyToken=null]]: f425b7fd66e06988f425b7fd66e06988 -> 
  custom:DOTSType/Unity.Entities.TransformAuthoring: d03322d6827741e8d03322d6827741e8 -> 
  custom:DOTSType/Zenject.ProjectKernel: efdc3d3e4e17fb07efdc3d3e4e17fb07 -> 
  custom:DOTSType/Tanks.TransmissionSettings: b0a3fa15cf2503fcb0a3fa15cf2503fc -> 
  custom:DOTSType/UnityEngine.ParticleSystemRenderer: 818ef389bd33d482818ef389bd33d482 -> 
  custom:DOTSType/Unity.Entities.BeginSimulationEntityCommandBufferSystem+Singleton: 5406e750b86f24a55406e750b86f24a5 -> 
  custom:DOTSType/Unity.Scenes.Editor.GlobalEntitiesDependencyInspector: 3df09afcbb66d7bb3df09afcbb66d7bb -> 
========================================================================
Received Prepare
Assembly reference Packages/com.unity.entities/Unity.Scenes.Editor/Internals/Properties/Unity.Properties.Internals.asmref has no target assembly definition
Assembly reference Packages/com.unity.entities/Unity.Scenes.Editor/Internals/Properties/Unity.Properties.Internals.asmref has no target assembly definition
Begin MonoManager ReloadAssembly
- Loaded All Assemblies, in  1.088 seconds
Refreshing native plugins compatible for Editor in 11.93 ms, found 5 plugins.
Native extension for WindowsStandalone target not found
Assembly reference Packages/com.unity.entities/Unity.Scenes.Editor/Internals/Properties/Unity.Properties.Internals.asmref has no target assembly definition
TypeManager.Initialize took: 410ms
Mono: successfully reloaded assembly
- Finished resetting the current domain, in  4.088 seconds
Domain Reload Profiling: 5170ms
	BeginReloadAssembly (327ms)
		ExecutionOrderSort (0ms)
		DisableScriptedObjects (9ms)
		BackupInstance (0ms)
		ReleaseScriptingObjects (0ms)
		CreateAndSetChildDomain (114ms)
	RebuildCommonClasses (71ms)
	RebuildNativeTypeToScriptingClass (32ms)
	initialDomainReloadingComplete (70ms)
	LoadAllAssembliesAndSetupDomain (582ms)
		LoadAssemblies (706ms)
		RebuildTransferFunctionScriptingTraits (0ms)
		AnalyzeDomain (32ms)
			TypeCache.Refresh (10ms)
				TypeCache.ScanAssembly (0ms)
			ScanForSourceGeneratedMonoScriptInfo (0ms)
			ResolveRequiredComponents (19ms)
	FinalizeReload (4088ms)
		ReleaseScriptCaches (0ms)
		RebuildScriptCaches (0ms)
		SetupLoadedEditorAssemblies (2564ms)
			LogAssemblyErrors (0ms)
			InitializePlatformSupportModulesInManaged (15ms)
			SetLoadedEditorAssemblies (23ms)
			RefreshPlugins (0ms)
			BeforeProcessingInitializeOnLoad (357ms)
			ProcessInitializeOnLoadAttributes (1568ms)
			ProcessInitializeOnLoadMethodAttributes (587ms)
			AfterProcessingInitializeOnLoad (13ms)
			EditorAssembliesLoaded (1ms)
		ExecutionOrderSort2 (0ms)
		AwakeInstancesAfterBackupRestoration (10ms)
Refreshing native plugins compatible for Editor in 10.65 ms, found 5 plugins.
Preloading 0 native plugins for Editor in 0.00 ms.
Unloading 6859 Unused Serialized files (Serialized files now loaded: 0)
Unloading 85 unused Assets / (123.5 KB). Loaded Objects now: 7322.
Memory consumption went from 217.0 MB to 216.9 MB.
Total: 9.329300 ms (FindLiveObjects: 0.969800 ms CreateObjectMapping: 1.026200 ms MarkObjects: 7.152900 ms  DeleteObjects: 0.178900 ms)

Unloading 0 Unused Serialized files (Serialized files now loaded: 0)
Unloading 0 unused Assets / (145.8 KB). Loaded Objects now: 7322.
Memory consumption went from 216.8 MB to 216.7 MB.
Total: 9.081800 ms (FindLiveObjects: 0.714000 ms CreateObjectMapping: 1.523400 ms MarkObjects: 6.680500 ms  DeleteObjects: 0.160900 ms)

Prepare: number of updated asset objects reloaded= 0
AssetImportParameters requested are different than current active one (requested -> active):
  custom:DOTSType/Zenject.MonoInstallerBase: 95f86c107dc723fe95f86c107dc723fe -> 
  custom:DOTSType/Unity.Entities.EntityGuid: 8e99211435a26d668e99211435a26d66 -> 
  custom:DOTSType/Tanks.TurretController: e7fde51fa66b4c5ee7fde51fa66b4c5e -> 
  custom:DOTSType/Unity.Entities.DefaultWorldInitializationProxy: 3bc53c9cad9070363bc53c9cad907036 -> 
  custom:container-demuxer-ogg: 62fdf1f143b41e24485cea50d1cbac27 -> 
  custom:DOTSType/Zenject.Internal.DefaultSceneContractConfig: a78f29ab0132239ca78f29ab0132239c -> 
  custom:DOTSType/Unity.Physics.EnsureUniqueColliderBlobTag: 3e3264c9c7497b3b3e3264c9c7497b3b -> 
  custom:DOTSType/Unity.Scenes.SceneEntityReference: 646ffd19b744bbdb646ffd19b744bbdb -> 
  custom:DOTSType/Unity.Entities.Hybrid.Baking.BakingOnlyEntityAuthoringBaker+BakingOnlyChildren: 9c3cc3aa8ff875949c3cc3aa8ff87594 -> 
  custom:DOTSType/Unity.Entities.EntityManager+IsolateCopiedEntities: 703c8c39c22b63af703c8c39c22b63af -> 
  custom:DOTSType/Unity.Entities.BeginVariableRateSimulationEntityCommandBufferSystem+Singleton: 40006e500ad5800440006e500ad58004 -> 
  custom:DOTSType/UnityEngine.LightProbeProxyVolume: cd06291433fcac4ccd06291433fcac4c -> 
  custom:EntityBinaryFileFormatVersion: b618570c169a919bbb95b4bd7e4084ba -> 
  custom:DOTSType/Unity.Physics.Authoring.DisplayGizmoColliderEdges+DrawWithGizmos: a6749ec75af14c28a6749ec75af14c28 -> 
  custom:DOTSType/Tanks.SkyRotation: 6a30c8e81d68dcd96a30c8e81d68dcd9 -> 
  custom:DOTSType/Unity.Entities.Editor.ComponentInfo: b6911f4bc3b03db5b6911f4bc3b03db5 -> 
  custom:DOTSType/Unity.Entities.BurstCompatibleComponentData: 1d232e8370167ced1d232e8370167ced -> 
  custom:DOTSType/Unity.Entities.RetainBlobAssetPtr: f51a437fde39ac82f51a437fde39ac82 -> 
  custom:DOTSType/Unity.Physics.Authoring.PhysicsStepAuthoring: 29ca86243fe93d3b29ca86243fe93d3b -> 
  custom:DOTSType/Unity.Entities.BakedEntity: 6cda7616df5335d16cda7616df5335d1 -> 
  custom:DOTSType/Unity.Transforms.Static: a08c19e85cdd5a49a08c19e85cdd5a49 -> 
  custom:DOTSType/Unity.Entities.Editor.InvalidEntityEditor: c09028623072dbb6c09028623072dbb6 -> 
  custom:DOTSType/UnityEngine.Collider: e796157eabb2316ee796157eabb2316e -> 
  custom:framework-win-MediaFoundation: 216162199b28c13a410421893ffa2e32 -> 
  custom:DOTSType/UnityEngine.Transform: 3954159e9eb625f23954159e9eb625f2 -> 
  custom:DOTSType/Unity.Physics.Authoring.PhysicsWorldIndexAuthoring: c35779b88bcbf0f5c35779b88bcbf0f5 -> 
  custom:DOTSType/Unity.Scenes.Editor.GameObjectSceneMetaDataImporter: 35c29e171f7f1b1235c29e171f7f1b12 -> 
  custom:DOTSType/Tanks.Wheel: 8000d516241cf2618000d516241cf261 -> 
  custom:DOTSType/Unity.Entities.Editor.EntitySelectionProxy: 640f096afb1dc192640f096afb1dc192 -> 
  custom:DOTSType/Tanks.Tests.TestInputController: da9d7109e7aa2efada9d7109e7aa2efa -> 
  custom:DOTSType/Unity.Entities.OmitLinkedEntityGroupFromPrefabInstance: d5447758848371b8d5447758848371b8 -> 
  custom:DOTSType/Unity.Entities.Editor.HierarchyWindow: 68a3d7f4e81dfa3968a3d7f4e81dfa39 -> 
  custom:DOTSType/Unity.Entities.CleanupEntity: 91c2e7742ff7a40291c2e7742ff7a402 -> 
  custom:DOTSType/Zenject.MonoKernel: ad622fbf2f55726ead622fbf2f55726e -> 
  custom:DOTSType/Zenject.DefaultGameObjectKernel: 4e750c357d05f8164e750c357d05f816 -> 
  custom:DOTSType/Zenject.GameObjectContextEditor: e47fe5c2e2a879a3e47fe5c2e2a879a3 -> 
  custom:DOTSType/Unity.Scenes.RequestSceneHeader: 539e2df9dd1c5383539e2df9dd1c5383 -> 
  custom:DOTSType/Unity.Entities.BakingOnlyEntity: 6d61bb30b0fe96a06d61bb30b0fe96a0 -> 
  custom:DOTSType/UnityEngine.ReflectionProbe: 74c5d94e403ee5bf74c5d94e403ee5bf -> 
  custom:DOTSType/Unity.Physics.Authoring.PhysicsWorldIndexBakingData: eb7993b47224fdb3eb7993b47224fdb3 -> 
  custom:DOTSType/Tanks.TankController: 5fe8cedbca51d9d55fe8cedbca51d9d5 -> 
  custom:DOTSType/Unity.Scenes.Editor.ClearEntitiesCacheWindow: ff5e4942d7943fe4ff5e4942d7943fe4 -> 
  custom:DOTSType/Unity.Entities.Serialization.DotsSerialization+TypeNamesNode: 481f56363f3115ba481f56363f3115ba -> 
  custom:DOTSType/Unity.Entities.Hybrid.Baking.BakingOnlyEntityAuthoring: b00feda2188a9371b00feda2188a9371 -> 
  custom:DOTSType/Unity.Scenes.ResolvedSectionPath: bf9e38f006f83cb7bf9e38f006f83cb7 -> 
  custom:DOTSType/Unity.Deformations.BlendShapeWeight: d26eabb95dfc9b4dd26eabb95dfc9b4d -> 
  custom:DOTSType/Unity.Scenes.ReferencedUnityObjects: b8073d4731436522b8073d4731436522 -> 
  custom:DOTSType/Unity.Physics.Authoring.PhysicsDebugDisplayAuthoring: 048169f5bbaf7cd0048169f5bbaf7cd0 -> 
  custom:DOTSType/Unity.Scenes.Editor.SubSceneInspector: 6e96e553cf64778e6e96e553cf64778e -> 
  custom:DOTSType/Unity.Physics.GraphicsIntegration.SmoothRigidBodiesGraphicalMotion+RigidBodySmoothingWorldIndex: 988440dd19a406ed988440dd19a406ed -> 
  custom:DOTSType/Unity.Physics.PhysicsConstrainedBodyPair: 37ca29e9e58c191137ca29e9e58c1911 -> 
  custom:DOTSType/Unity.Physics.ColliderBlobCleanupData: 18f3eb94199c5e3618f3eb94199c5e36 -> 
  custom:DOTSType/Unity.Physics.PhysicsDamping: 579a7188c5fb1464579a7188c5fb1464 -> 
  custom:container-muxer-webm: aa71ff27fc2769a1b78a27578f13a17b -> 
  custom:DOTSType/Unity.Entities.CompanionGameObjectUpdateTransformCleanup: 0a4e12c25aaf05e00a4e12c25aaf05e0 -> 
  custom:DOTSType/Tanks.Editor.TransmissionSettingsEditor: 5c05f270edf687155c05f270edf68715 -> 
  custom:DOTSType/Unity.Entities.EndSimulationEntityCommandBufferSystem+Singleton: 6cc3a7136f47def06cc3a7136f47def0 -> 
  custom:DOTSType/Unity.Physics.Authoring.PhysicsDebugDisplaySystem+DrawComponent: fbecd1af1d76e089fbecd1af1d76e089 -> 
  custom:video-decoder-webm-vp8: 9c59270c3fd7afecdb556c50c9e8de78 -> 
  custom:DOTSType/Zenject.GuiRenderer: 77a380f71106289e77a380f71106289e -> 
  custom:DOTSType/Zenject.AnimatorMoveHandlerManager: 48d7fbeaa25297da48d7fbeaa25297da -> 
  custom:DOTSType/UnityEngine.GameObject: aef60e3f2ae5ad9aaef60e3f2ae5ad9a -> 
  custom:SearchIndexIgnoredProperties: e643bd26f0fe6173181afceb89e7c659 -> 
  custom:DOTSAllSystemsVersion: ffb3322ebf2cc81fbcc35437f1236753 -> 
  custom:DOTSType/Unity.Physics.GraphicsIntegration.PhysicsGraphicalInterpolationBuffer: 7baea6e725f3208c7baea6e725f3208c -> 
  custom:AudioImporter_EditorPlatform: d09bf68614088b80899f8185d706f6e7 -> 
  custom:DOTSType/Tanks.Interface.CarnageSettings: 06a0f3af603600f206a0f3af603600f2 -> 
  custom:DOTSType/Zenject.ProjectContextEditor: f68c5f17562ef273f68c5f17562ef273 -> 
  custom:DOTSType/Unity.Entities.Serialization.DotsSerialization+FolderNode: 98c33d003d1b152b98c33d003d1b152b -> 
  custom:DOTSType/Unity.Entities.CompanionReference: 4de8f4179bbe96e74de8f4179bbe96e7 -> 
  custom:DOTSType/UnityEngine.VFX.VisualEffect: dc0e74262f371f63dc0e74262f371f63 -> 
  custom:DOTSType/Unity.Entities.Hybrid.Baking.AdditionalEntitiesBakingData: d81e35bf039925b8d81e35bf039925b8 -> 
  custom:DOTSType/UnityEngine.SpriteRenderer: 61a676ec163f72b161a676ec163f72b1 -> 
  custom:DOTSType/Unity.Entities.Editor.JournalingWrapperEditor: 7820ec03259d9ee57820ec03259d9ee5 -> 
  custom:DOTSType/Tanks.Tank.ProjectileTracker: 101b4b340f8400be101b4b340f8400be -> 
  custom:DOTSType/Unity.Deformations.SkinMatrix: 4b50a0962ac5e60d4b50a0962ac5e60d -> 
  custom:DOTSType/Unity.Scenes.WeakAssetReferenceLoadingData: 451a8b20bc4a35f6451a8b20bc4a35f6 -> 
  custom:DOTSType/Unity.Entities.BurstCompatibleSharedComponentData: 6239fcd2cd3b1c316239fcd2cd3b1c31 -> 
  custom:DOTSType/Unity.Physics.PhysicsCustomTags: 7d9dddf48b181c997d9dddf48b181c99 -> 
  custom:DOTSType/Zenject.SceneDecoratorContext: 47847979bf9052df47847979bf9052df -> 
  custom:DOTSType/Unity.Entities.Editor.ArchetypeWrapperEditor: fcd41c2e8cb6c202fcd41c2e8cb6c202 -> 
  custom:DOTSType/Unity.Physics.PhysicsGravityFactor: 8ab51309e4cdebcc8ab51309e4cdebcc -> 
  custom:DOTSType/Tanks.PlayerInputController: eeac7a82da062014eeac7a82da062014 -> 
  custom:DOTSType/Unity.Entities.SceneTag: 7a384971715860367a38497171586036 -> 
  custom:DOTSType/Unity.Physics.Systems.DummySimulationData: e73bf206ed8976b1e73bf206ed8976b1 -> 
  custom:DOTSType/Unity.Physics.CustomPhysicsProxyDriver: d8e4875a8f47327fd8e4875a8f47327f -> 
  custom:DOTSType/Unity.Entities.Editor.InvalidSelectionEditor: bb0f099005812d55bb0f099005812d55 -> 
  custom:DOTSType/Tanks.Interface.CarnageIndicator: 7a2a70789a91028f7a2a70789a91028f -> 
  custom:DOTSType/Unity.Physics.StepInputSingleton: f5a13022ab227cfff5a13022ab227cff -> 
  custom:DOTSType/Unity.Transforms.LocalToWorld: f07e17bb4e08548ef07e17bb4e08548e -> 
  custom:DOTSType/Unity.Entities.Prefab: 8cefcfc0e3366a618cefcfc0e3366a61 -> 
  custom:DOTSType/Unity.Transforms.PreviousParent: f7f96ed2f665f721f7f96ed2f665f721 -> 
  custom:DOTSType/Unity.Entities.EditorRenderData: 23031dfb0b685e0c23031dfb0b685e0c -> 
  custom:DOTSType/Tanks.TankGameInstaller: ab41efd1a1117644ab41efd1a1117644 -> 
  custom:DOTSType/Tanks.Tests.TestCarnageIndicator: c8904b0627773241c8904b0627773241 -> 
  custom:DOTSType/Unity.Entities.Editor.JournalEntry: fa64f1a8d5097849fa64f1a8d5097849 -> 
  custom:DOTSType/Unity.Scenes.GlobalEntitiesDependency: 272e3c9ba12b159e272e3c9ba12b159e -> 
  custom:audio-decoder-ogg-vorbis: bf7c407c2cedff20999df2af8eb42d56 -> 
  custom:ProjectSettings/EntitiesClientSettings.asset: 57fa4463d8597ee36c3803b5983b6213 -> 
  custom:DOTSType/Unity.Entities.RetainBlobAssets: e3007bd0d4f5ba8be3007bd0d4f5ba8b -> 
  custom:DOTSType/Tanks.TankAudioSystem: e0c4f60227f2a2a8e0c4f60227f2a2a8 -> 
  custom:DOTSType/Unity.Scenes.SceneSystemData: 358f9772a0e70c53358f9772a0e70c53 -> 
  custom:DOTSType/Zenject.SceneDecoratorContextEditor: ca86c2fb23338ef7ca86c2fb23338ef7 -> 
  custom:DOTSType/Unity.Physics.PhysicsWorldIndex: 44b485a5651ecbf844b485a5651ecbf8 -> 
  custom:DOTSType/Unity.Entities.EndInitializationEntityCommandBufferSystem+Singleton: 75800829e25c245f75800829e25c245f -> 
  custom:DOTSType/Unity.Entities.Build.EntitiesClientSettings: 379ca95f1f31bbbc379ca95f1f31bbbc -> 
  custom:DOTSType/Zenject.ProjectContext: 73c2192ee2a3347973c2192ee2a33479 -> 
  custom:DOTSType/Zenject.RunnableContextEditor: 761811f71f3da7bc761811f71f3da7bc -> 
  custom:DOTSType/UnityEngine.AudioSource: aed3a424fdd48d59aed3a424fdd48d59 -> 
  custom:DOTSType/Unity.Scenes.RequestEntityPrefabLoaded: fc4092a08e154a96fc4092a08e154a96 -> 
  custom:DOTSType/Unity.Entities.SystemInstance: bb0dfff8e9a48357bb0dfff8e9a48357 -> 
  custom:DOTSType/Unity.Entities.RemoveUnusedEntityInBake: 0973223cb916c16b0973223cb916c16b -> 
  custom:DOTSType/Unity.Entities.EndVariableRateSimulationEntityCommandBufferSystem+Singleton: 78d2450a82ebc20778d2450a82ebc207 -> 
  custom:DOTSType/Unity.Physics.DummyColliderFakesComponent`1[[Unity.Physics.CylinderCollider, Unity.Physics, Version=0.0.0.0, Culture=neutral, PublicKeyToken=null]]: 2d82e9daa82955bf2d82e9daa82955bf -> 
  custom:audio-encoder-webm-vorbis: bf7c407c2cedff20999df2af8eb42d56 -> 
  custom:DOTSType/Unity.Entities.BeginFixedStepSimulationEntityCommandBufferSystem+Singleton: 5857035820ee1e635857035820ee1e63 -> 
  custom:DOTSType/Unity.Physics.PhysicsJointCompanion: 655fde98af64ce94655fde98af64ce94 -> 
  custom:DOTSType/Unity.Scenes.WeakAssetPrefabLoadRequest: b6d72391c4d3d049b6d72391c4d3d049 -> 
  custom:DOTSType/Tanks.Legacy.LegacyTransmissionSettings: 84b2093787e9240c84b2093787e9240c -> 
  custom:DOTSType/Tanks.Legacy.Editor.LegacyTransmissionSettingsEditor: f063a9f322024a22f063a9f322024a22 -> 
  custom:DOTSType/Zenject.ScriptableObjectInstallerBase: 564d9b68561bb94d564d9b68561bb94d -> 
  custom:DOTSType/Unity.Physics.Editor.CustomPhysicsBodyTagNamesEditor: 5e056a649e13a00c5e056a649e13a00c -> 
  custom:DOTSType/Unity.Physics.PhysicsWorldSingleton: 90bad7c95a54d00590bad7c95a54d005 -> 
  custom:DOTSType/Unity.Entities.BurstCompatibleBufferElement: 9256282cac425e579256282cac425e57 -> 
  custom:DOTSType/Unity.Entities.CompanionLink: 4813070be25c6d6a4813070be25c6d6a -> 
  custom:DOTSType/Unity.Physics.DummyColliderFakesComponent`1[[Unity.Physics.PolygonCollider, Unity.Physics, Version=0.0.0.0, Culture=neutral, PublicKeyToken=null]]: 3f38e3dc511d48d23f38e3dc511d48d2 -> 
  custom:SceneMetaDataFileFormatVersion: 18e216f4893c3ae43d5b4b3a88de92ca -> 
  custom:DOTSType/Unity.Entities.Editor.SystemScheduleWindow: dfecb8af58c97f0adfecb8af58c97f0a -> 
  custom:DOTSType/Unity.Physics.PhysicsColliderKeyEntityPair: e3185876db01deade3185876db01dead -> 
  custom:DOTSType/Zenject.ContextEditor: 0791a612a42c17bc0791a612a42c17bc -> 
  custom:DOTSType/Zenject.AnimatorIkHandlerManager: 6bf1f62125213c446bf1f62125213c44 -> 
  custom:DOTSType/Unity.Transforms.LocalTransform: d07f194ee4791f00d07f194ee4791f00 -> 
  custom:DOTSType/Unity.Physics.PhysicsJoint: e49afdd9ec82159fe49afdd9ec82159f -> 
  custom:DOTSType/Unity.Scenes.PrefabAssetReference: 924b87ecab3719ce924b87ecab3719ce -> 
  custom:DOTSType/UnityEngine.Rigidbody: 90d4f52b90e97d3190d4f52b90e97d31 -> 
  custom:DOTSType/Unity.Transforms.PostTransformMatrix: d5b773053bc4fc92d5b773053bc4fc92 -> 
  custom:DOTSType/Unity.Entities.WorldTime: efd6631e6d47e1c0efd6631e6d47e1c0 -> 
  custom:DOTSType/Unity.Entities.Editor.ComponentsWindow: f3a47022486a5e37f3a47022486a5e37 -> 
  custom:DOTSType/Unity.Entities.Editor.JournalManager: bd6303929aef5048bd6303929aef5048 -> 
  custom:DOTSType/Zenject.SceneKernel: 14c92f57ead5fa5a14c92f57ead5fa5a -> 
  custom:DOTSType/Unity.Scenes.Editor.SubSceneImporter: fbc2a6bb48307f94fbc2a6bb48307f94 -> 
  custom:DOTSType/UnityEngine.Light: 47f771faf20222f647f771faf20222f6 -> 
  custom:DOTSType/Unity.Entities.EndFixedStepSimulationEntityCommandBufferSystem+Singleton: 903138f233c08b6f903138f233c08b6f -> 
  custom:DOTSType/Unity.Entities.Hybrid.Baking.LinkedEntityGroupAuthoring: 463b7158f57f2778463b7158f57f2778 -> 
  custom:DOTSType/Unity.Entities.BeginInitializationEntityCommandBufferSystem+Singleton: 1dafdf6276a3f02d1dafdf6276a3f02d -> 
  custom:DOTSType/Unity.Physics.SimulationSingleton: 2c12c15cc1aaefd42c12c15cc1aaefd4 -> 
  custom:DOTSType/Unity.Transforms.Child: 5a0b111d3c5ef1ef5a0b111d3c5ef1ef -> 
  custom:DOTSType/Unity.Entities.Editor.ComponentWrapperEditor: 8a0108ac83962ca58a0108ac83962ca5 -> 
  custom:video-codec-MediaFoundation-h265: 746d11721c4dcdbdad8f713fa42b33f4 -> 
  custom:DOTSType/Unity.Entities.SceneSectionData: eeed08dab67953cbeeed08dab67953cb -> 
  custom:DOTSType/Tanks.EffectPool: b07fd26d384c1aadb07fd26d384c1aad -> 
  custom:DOTSType/Zenject.Context: 7a9b164638a7c5fb7a9b164638a7c5fb -> 
  custom:DOTSType/Unity.Entities.Editor.EntitiesJournalingWindow: fb6228252c0089dcfb6228252c0089dc -> 
  custom:video-decoder-ogg-theora: a1e56fd34408186e4bbccfd4996cb3dc -> 
  custom:DOTSType/Unity.Scenes.ResolvedSceneHash: 10c2d6fb478167a310c2d6fb478167a3 -> 
  custom:DOTSType/Unity.Scenes.SceneSectionStreamingData: 01ac29b86b18dacf01ac29b86b18dacf -> 
  custom:DOTSType/Zenject.ZenjectStateMachineBehaviourAutoInjecter: bc2fa2415d8a8ef6bc2fa2415d8a8ef6 -> 
  custom:DOTSType/Unity.Entities.AdditionalEntityParent: a24d1678b03f0479a24d1678b03f0479 -> 
  custom:DOTSType/Unity.Entities.Simulate: e0c92315ec24632de0c92315ec24632d -> 
  custom:DOTSType/Unity.Physics.PhysicsVelocity: eae7719776411411eae7719776411411 -> 
  custom:DOTSType/Unity.Entities.Editor.SystemWrapperEditor: 8c892c6354f3a3138c892c6354f3a313 -> 
  custom:DOTSType/Unity.Entities.RetainBlobAssetBatchPtr: 14017b765908ee1d14017b765908ee1d -> 
  custom:DOTSType/Zenject.ZenjectBinding: 0569f6cfa9645a6e0569f6cfa9645a6e -> 
  custom:DOTSType/Tanks.Tests.TestCarnageIndicator+TestCarnageIndicatorEditor: a518ed1603ea4192a518ed1603ea4192 -> 
  custom:DOTSType/Unity.Physics.Authoring.CustomPhysicsProxyAuthoring: 90a4b67ea7c61e0c90a4b67ea7c61e0c -> 
  custom:DOTSType/Unity.Physics.Authoring.PhysicsMeshAuthoringData: 07c891dbd84b5d1c07c891dbd84b5d1c -> 
  custom:DOTSType/Unity.Scenes.LiveConversionPatcher+LiveConvertedSceneCleanup: 97dadd0f05dbc86997dadd0f05dbc869 -> 
  custom:DOTSType/UnityEngine.MeshCollider: 745c145fdcf1939e745c145fdcf1939e -> 
  custom:DOTSType/Unity.Physics.Authoring.ForceUniqueColliderAuthoring: 34be871ed7a74d6234be871ed7a74d62 -> 
  custom:DOTSType/Zenject.GameObjectContext: 694c79f9ded4c948694c79f9ded4c948 -> 
  custom:DOTSType/Unity.Physics.DummyColliderFakesComponent`1[[Unity.Physics.CapsuleCollider, Unity.Physics, Version=0.0.0.0, Culture=neutral, PublicKeyToken=null]]: 840aede77f375b4f840aede77f375b4f -> 
  custom:DOTSType/Unity.Physics.Authoring.StaticOptimizePhysicsBaking: f3a03d29cca9ceabf3a03d29cca9ceab -> 
  custom:DOTSType/Unity.Scenes.DisableLiveConversion: 543070e84ec00e2c543070e84ec00e2c -> 
  custom:DOTSType/Unity.Physics.Authoring.PhysicsCompoundData: 41f933035064165d41f933035064165d -> 
  custom:DOTSType/Tanks.AudioPool: 65d2a3a778887e6e65d2a3a778887e6e -> 
  custom:DOTSType/Unity.Physics.DummyColliderFakesComponent`1[[Unity.Physics.SphereCollider, Unity.Physics, Version=0.0.0.0, Culture=neutral, PublicKeyToken=null]]: 4818ec4955a46c414818ec4955a46c41 -> 
  custom:DOTSType/Unity.Transforms.Parent: 00b45826652a5ec600b45826652a5ec6 -> 
  custom:DOTSType/Unity.Physics.PhysicsCollider: 00548c0f8c0147a000548c0f8c0147a0 -> 
  custom:DOTSType/Unity.Physics.Authoring.PhysicsRootBaked: a150145af5348f6da150145af5348f6d -> 
  custom:DOTSType/Unity.Scenes.ResolveSceneReferenceSystem+AssetDependencyTrackerState: b2d132c8f66d836db2d132c8f66d836d -> 
  custom:DOTSType/Unity.Entities.CompanionLinkTransform: e392322015c13880e392322015c13880 -> 
  custom:DOTSType/Unity.Entities.Serialization.DotsSerialization+RevisionedRawDataNode: 7e711ae70d27259d7e711ae70d27259d -> 
  custom:CustomObjectIndexerAttribute: 9a22284fe3817be447336de3de66b15e -> 
  custom:DOTSType/Tanks.Projectile: 620e548336351b1d620e548336351b1d -> 
  custom:DOTSType/Unity.Physics.GraphicsIntegration.MostRecentFixedTime: 6c4396236e6646a76c4396236e6646a7 -> 
  custom:DOTSType/UnityEngine.ParticleSystem: 28fa60303afd747328fa60303afd7473 -> 
  custom:DOTSType/Unity.Physics.DummyColliderFakesComponent`1[[Unity.Physics.ConvexCollider, Unity.Physics, Version=0.0.0.0, Culture=neutral, PublicKeyToken=null]]: d00615a7bde8681ed00615a7bde8681e -> 
  custom:DOTSType/Unity.Physics.DummyColliderFakesComponent`1[[Unity.Physics.MeshCollider, Unity.Physics, Version=0.0.0.0, Culture=neutral, PublicKeyToken=null]]: 52b224b25d7c5a2552b224b25d7c5a25 -> 
  custom:container-demuxer-webm: 4f35f7cbe854078d1ac9338744f61a02 -> 
  custom:DOTSType/Unity.Entities.PrefabRoot: ea04b60a31090316ea04b60a31090316 -> 
  custom:DOTSType/Unity.Entities.RequestSceneLoaded: 62c081c918aff6ee62c081c918aff6ee -> 
  custom:DOTSType/Unity.Entities.BeginPresentationEntityCommandBufferSystem+Singleton: cbef056a920a5eadcbef056a920a5ead -> 
  custom:DOTSType/Unity.Entities.ChunkHeader: 490bb3205bb29fe6490bb3205bb29fe6 -> 
  custom:DOTSType/Unity.Scenes.IsSectionLoaded: 2e3c12f14f7600232e3c12f14f760023 -> 
  custom:DOTSType/Unity.Entities.Editor.SystemInfo: e869e7d857e70a99e869e7d857e70a99 -> 
  custom:DOTSType/Zenject.MonoInstaller: d4f508a97531178fd4f508a97531178f -> 
  custom:DOTSType/Unity.Entities.WorldTimeQueue: 48ce29752c66702348ce29752c667023 -> 
  custom:DOTSType/Unity.Entities.StaticOptimizeEntity: 346cca765bf51c72346cca765bf51c72 -> 
  custom:DOTSType/Unity.Entities.SectionMetadataSetup: 75ea136fdb0e54ba75ea136fdb0e54ba -> 
  custom:DOTSType/Tanks.ProjectilePool: ae6caa17fe3924ceae6caa17fe3924ce -> 
  custom:DOTSType/Unity.Scenes.SceneSectionReferencedUnityObjects: 2797689ad57679a22797689ad57679a2 -> 
  custom:DOTSType/Unity.Physics.Editor.PhysicsStepAuthoringEditor: b0470546a7982481b0470546a7982481 -> 
  custom:DOTSType/Unity.Physics.GraphicsIntegration.PhysicsRenderEntity: 17b73fa380da9cf517b73fa380da9cf5 -> 
  custom:DOTSType/Unity.Entities.Hybrid.Baking.LinkedEntityGroupBakingData: cd33507256493e18cd33507256493e18 -> 
  custom:DOTSType/UnityEngine.LODGroup: 15ad22bb5260348e15ad22bb5260348e -> 
  custom:DOTSType/Tanks.BaseInputController: 7c3584087687be277c3584087687be27 -> 
  custom:DOTSType/Unity.Entities.Editor.HierarchySelectionContext: eb8c02bbb8571091eb8c02bbb8571091 -> 
  custom:DOTSType/Unity.Physics.DummyColliderFakesComponent`1[[Unity.Physics.CompoundCollider, Unity.Physics, Version=0.0.0.0, Culture=neutral, PublicKeyToken=null]]: f0b0c805df9aab48f0b0c805df9aab48 -> 
  custom:DOTSType/Unity.Physics.Authoring.PhysicsColliderAuthoringData: 237ab57c84eb023d237ab57c84eb023d -> 
  custom:DOTSType/Unity.Entities.Entity: 295b0c964d12026f295b0c964d12026f -> 
  custom:DOTSType/Unity.Physics.DummyColliderFakesComponent`1[[Unity.Physics.TerrainCollider, Unity.Physics, Version=0.0.0.0, Culture=neutral, PublicKeyToken=null]]: 76d2966f42dff4df76d2966f42dff4df -> 
  custom:DOTSType/Unity.Scenes.PublicEntityRef: b380cfe1712d4500b380cfe1712d4500 -> 
  custom:DOTSType/Unity.Entities.Asset: 5205195e4c6bea1c5205195e4c6bea1c -> 
  custom:DOTSType/Unity.Physics.GraphicsIntegration.PhysicsGraphicalSmoothing: 1a649a11034ac6061a649a11034ac606 -> 
  custom:DOTSType/Unity.Physics.Systems.PhysicsAnalyticsSingleton: 261d1a0e3f762c88261d1a0e3f762c88 -> 
  custom:DOTSType/Unity.Physics.PhysicsTemporalCoherenceInfo: dd862a3ef5746267dd862a3ef5746267 -> 
  custom:DOTSType/Tanks.EffectPoolContainer: bf19857e7a596a2bbf19857e7a596a2b -> 
  custom:DOTSType/Unity.Physics.PhysicsStep: 4ca665c06bcf89ca4ca665c06bcf89ca -> 
  custom:DOTSType/UnityEngine.TextMesh: 6784c791d05273aa6784c791d05273aa -> 
  custom:DOTSType/Unity.Entities.CompanionGameObjectActiveCleanup: 4ff09409f1cce51f4ff09409f1cce51f -> 
  custom:DOTSType/Tanks.ReloadIndicator: 83d1d641d15e1d5483d1d641d15e1d54 -> 
  custom:DOTSType/Zenject.RunnableContext: f37beb99d06e39fbf37beb99d06e39fb -> 
  custom:DOTSType/Unity.Physics.Authoring.PhysicsDebugDisplayData: 0cdccf70b9e5e20d0cdccf70b9e5e20d -> 
  custom:DOTSType/Unity.Scenes.AssetObjectManifest: 84d682f40d46c88184d682f40d46c881 -> 
  custom:DOTSType/Unity.Entities.PostLoadCommandBuffer: d658541e4a41540dd658541e4a41540d -> 
  custom:DOTSType/Unity.Entities.Editor.ArchetypeInfo: b8b1bbcc600f6437b8b1bbcc600f6437 -> 
  custom:DOTSType/Tanks.Interface.Speedometer: 158cdf1f7f3d0d9c158cdf1f7f3d0d9c -> 
  custom:DOTSType/Tanks.BattleRam: 87a27f4ae62d951387a27f4ae62d9513 -> 
  custom:DOTSType/UnityEngine.BoxCollider: 8e5b85c4fec088d48e5b85c4fec088d4 -> 
  custom:DOTSType/Unity.Entities.Serialization.ExternalEntityReference: 415f45c8b00c90a4415f45c8b00c90a4 -> 
  custom:DOTSType/Unity.Entities.SceneSectionComponent: 22f65411cbba718222f65411cbba7182 -> 
  custom:DOTSType/Unity.Scenes.PrefabLoadResult: 71615367c37f030371615367c37f0303 -> 
  custom:DOTSType/Unity.Scenes.SceneSectionStreamingSystem+StreamingState: 7014161ec3350ad07014161ec3350ad0 -> 
  custom:DOTSType/Unity.Entities.Editor.UnsupportedEntityEditor: f4c4238e5d78020af4c4238e5d78020a -> 
  custom:DOTSType/Unity.Scenes.ResolvedSectionEntity: e83509e6ef73df7ae83509e6ef73df7a -> 
  custom:DOTSType/Unity.Scenes.DisableSceneResolveAndLoad: 41c98fa73f31b21a41c98fa73f31b21a -> 
  custom:DOTSType/Unity.Entities.LinkedEntityGroup: c1b61ecd5260e852c1b61ecd5260e852 -> 
  custom:DOTSType/Unity.Physics.Authoring.RigidbodyBakingData: 66caf1f3818b52fc66caf1f3818b52fc -> 
  custom:DOTSType/Zenject.ScriptableObjectInstaller: 47201fb43b11147d47201fb43b11147d -> 
  custom:DOTSType/Unity.Physics.Authoring.DetailedStaticMeshCollisionAuthoring: 35a7576e30820a5e35a7576e30820a5e -> 
  custom:DOTSType/Unity.Entities.Editor.UnsupportedGameObjectEditor: 5cff923fd1c387e15cff923fd1c387e1 -> 
  custom:DOTSType/Tanks.CinemachineInputCustomProvider: 53bf68681542a65453bf68681542a654 -> 
  custom:DOTSType/Zenject.SceneContext: 30c70a59093b925c30c70a59093b925c -> 
  custom:DOTSType/UnityEngine.MeshRenderer: 77aa4cb33b84a90377aa4cb33b84a903 -> 
  custom:DOTSType/Unity.Physics.Authoring.BakeStaticRoot: ac81d98288eb78feac81d98288eb78fe -> 
  custom:DOTSType/Unity.Entities.Serialization.DotsSerialization+StringTableNode: db9aacf636d95b56db9aacf636d95b56 -> 
  custom:DOTSType/Zenject.SceneContextEditor: f5ac3d9288ab62bbf5ac3d9288ab62bb -> 
  custom:DOTSType/Unity.Entities.Disabled: ea10d702b0a42592ea10d702b0a42592 -> 
  custom:DOTSType/Unity.Entities.Editor.EntityEditor: 4502e3ccdb7ac0e04502e3ccdb7ac0e0 -> 
  custom:DOTSType/Unity.Physics.Systems.BroadphaseData: cf796e61bbb1c05fcf796e61bbb1c05f -> 
  custom:DOTSType/Unity.Entities.Editor.ArchetypesWindow: bde482c89698b5c7bde482c89698b5c7 -> 
  custom:DOTSType/Unity.Physics.PhysicsMass: dd66b9b7945f3ac7dd66b9b7945f3ac7 -> 
  custom:DOTSType/Unity.Physics.Systems.BuildPhysicsWorldData: 403d401e5c7292c3403d401e5c7292c3 -> 
  custom:DOTSType/Unity.Scenes.SceneBoundingVolume: 3407604aa951263f3407604aa951263f -> 
  custom:video-encoder-webm-vp8: eb34c28f22e8b96e1ab97ce403110664 -> 
  custom:DOTSType/Unity.Physics.Authoring.PhysicsColliderBakedData: 4b51dd6d702fa42d4b51dd6d702fa42d -> 
  custom:DOTSType/UnityEngine.SphereCollider: 82c25a73f4a3118382c25a73f4a31183 -> 
  custom:DOTSType/Unity.Scenes.SubScene: ac4196b7e94e44ecac4196b7e94e44ec -> 
  custom:DOTSType/Unity.Physics.DummyColliderFakesComponent`1[[Unity.Physics.Collider, Unity.Physics, Version=0.0.0.0, Culture=neutral, PublicKeyToken=null]]: 9b1dfcaf09a3b4529b1dfcaf09a3b452 -> 
  custom:DOTSType/Unity.Entities.Editor.HierarchyEntityChangeTracker+UnusedTag: e99f3a5fcb8d8012e99f3a5fcb8d8012 -> 
  custom:DOTSType/Unity.Physics.PhysicsMassOverride: 6fcef11ae9d1bc306fcef11ae9d1bc30 -> 
  custom:DOTSType/Unity.Entities.BlobAssetOwner: c83c63163f833390c83c63163f833390 -> 
  custom:DOTSType/Zenject.CheatSheet+Foo: 818256864703f221818256864703f221 -> 
  custom:DOTSType/Unity.Physics.Authoring.CustomPhysicsBodyTagNames: cf633e3d702fe67dcf633e3d702fe67d -> 
  custom:DOTSType/UnityEngine.CapsuleCollider: be84ea475def5c96be84ea475def5c96 -> 
  custom:DOTSType/Unity.Physics.PhysicsTemporalCoherenceTag: 078e815b3514dfd3078e815b3514dfd3 -> 
  custom:DOTSType/Unity.Entities.Editor.JournalManagerWrapperEditor: cb69e60b3422ccebcb69e60b3422cceb -> 
  custom:DOTSType/Unity.Entities.SceneReference: 93a995b4b28fc25393a995b4b28fc253 -> 
  custom:DOTSType/Unity.Entities.Editor.UnsupportedPrefabEntityEditor: 42b92ebb8c8886cf42b92ebb8c8886cf -> 
  custom:DOTSType/Unity.Entities.Serialization.DotsSerialization+NodeHeader: 2a912a6fdedc77ae2a912a6fdedc77ae -> 
  custom:DOTSType/Zenject.ZenAutoInjecter: 778eb5667a6355bc778eb5667a6355bc -> 
  custom:DOTSType/Unity.Entities.SceneSection: bdba69731fc8f3e7bdba69731fc8f3e7 -> 
  custom:DOTSType/Tanks.Patrol: af24d179ee3e03f0af24d179ee3e03f0 -> 
  custom:DOTSType/Unity.Physics.DummyColliderFakesComponent`1[[Unity.Physics.BoxCollider, Unity.Physics, Version=0.0.0.0, Culture=neutral, PublicKeyToken=null]]: f425b7fd66e06988f425b7fd66e06988 -> 
  custom:DOTSType/Unity.Entities.TransformAuthoring: d03322d6827741e8d03322d6827741e8 -> 
  custom:DOTSType/Zenject.ProjectKernel: efdc3d3e4e17fb07efdc3d3e4e17fb07 -> 
  custom:DOTSType/Tanks.TransmissionSettings: b0a3fa15cf2503fcb0a3fa15cf2503fc -> 
  custom:DOTSType/UnityEngine.ParticleSystemRenderer: 818ef389bd33d482818ef389bd33d482 -> 
  custom:DOTSType/Unity.Entities.BeginSimulationEntityCommandBufferSystem+Singleton: 5406e750b86f24a55406e750b86f24a5 -> 
  custom:DOTSType/Unity.Scenes.Editor.GlobalEntitiesDependencyInspector: 3df09afcbb66d7bb3df09afcbb66d7bb -> 
========================================================================
Received Prepare
Assembly reference Packages/com.unity.entities/Unity.Scenes.Editor/Internals/Properties/Unity.Properties.Internals.asmref has no target assembly definition
Assembly reference Packages/com.unity.entities/Unity.Scenes.Editor/Internals/Properties/Unity.Properties.Internals.asmref has no target assembly definition
Begin MonoManager ReloadAssembly
- Loaded All Assemblies, in  1.102 seconds
Refreshing native plugins compatible for Editor in 14.53 ms, found 5 plugins.
Native extension for WindowsStandalone target not found
Assembly reference Packages/com.unity.entities/Unity.Scenes.Editor/Internals/Properties/Unity.Properties.Internals.asmref has no target assembly definition
TypeManager.Initialize took: 243ms
Mono: successfully reloaded assembly
- Finished resetting the current domain, in  2.792 seconds
Domain Reload Profiling: 3891ms
	BeginReloadAssembly (346ms)
		ExecutionOrderSort (0ms)
		DisableScriptedObjects (12ms)
		BackupInstance (0ms)
		ReleaseScriptingObjects (0ms)
		CreateAndSetChildDomain (110ms)
	RebuildCommonClasses (60ms)
	RebuildNativeTypeToScriptingClass (17ms)
	initialDomainReloadingComplete (61ms)
	LoadAllAssembliesAndSetupDomain (614ms)
		LoadAssemblies (740ms)
		RebuildTransferFunctionScriptingTraits (0ms)
		AnalyzeDomain (42ms)
			TypeCache.Refresh (14ms)
				TypeCache.ScanAssembly (0ms)
			ScanForSourceGeneratedMonoScriptInfo (0ms)
			ResolveRequiredComponents (23ms)
	FinalizeReload (2793ms)
		ReleaseScriptCaches (0ms)
		RebuildScriptCaches (0ms)
		SetupLoadedEditorAssemblies (1863ms)
			LogAssemblyErrors (0ms)
			InitializePlatformSupportModulesInManaged (12ms)
			SetLoadedEditorAssemblies (14ms)
			RefreshPlugins (0ms)
			BeforeProcessingInitializeOnLoad (342ms)
			ProcessInitializeOnLoadAttributes (1151ms)
			ProcessInitializeOnLoadMethodAttributes (332ms)
			AfterProcessingInitializeOnLoad (10ms)
			EditorAssembliesLoaded (1ms)
		ExecutionOrderSort2 (0ms)
		AwakeInstancesAfterBackupRestoration (8ms)
Refreshing native plugins compatible for Editor in 9.40 ms, found 5 plugins.
Preloading 0 native plugins for Editor in 0.00 ms.
Unloading 6859 Unused Serialized files (Serialized files now loaded: 0)
Unloading 95 unused Assets / (123.8 KB). Loaded Objects now: 7323.
Memory consumption went from 217.0 MB to 216.9 MB.
Total: 6.332900 ms (FindLiveObjects: 0.754200 ms CreateObjectMapping: 0.403000 ms MarkObjects: 5.011900 ms  DeleteObjects: 0.162200 ms)

Unloading 0 Unused Serialized files (Serialized files now loaded: 0)
Unloading 0 unused Assets / (148.5 KB). Loaded Objects now: 7323.
Memory consumption went from 216.8 MB to 216.7 MB.
Total: 6.671500 ms (FindLiveObjects: 0.737400 ms CreateObjectMapping: 0.473700 ms MarkObjects: 5.371000 ms  DeleteObjects: 0.088300 ms)

Prepare: number of updated asset objects reloaded= 0
AssetImportParameters requested are different than current active one (requested -> active):
  custom:DOTSType/Zenject.MonoInstallerBase: 95f86c107dc723fe95f86c107dc723fe -> 
  custom:DOTSType/Unity.Entities.EntityGuid: 8e99211435a26d668e99211435a26d66 -> 
  custom:DOTSType/Tanks.TurretController: e7fde51fa66b4c5ee7fde51fa66b4c5e -> 
  custom:DOTSType/Unity.Entities.DefaultWorldInitializationProxy: 3bc53c9cad9070363bc53c9cad907036 -> 
  custom:container-demuxer-ogg: 62fdf1f143b41e24485cea50d1cbac27 -> 
  custom:DOTSType/Zenject.Internal.DefaultSceneContractConfig: a78f29ab0132239ca78f29ab0132239c -> 
  custom:DOTSType/Unity.Physics.EnsureUniqueColliderBlobTag: 3e3264c9c7497b3b3e3264c9c7497b3b -> 
  custom:DOTSType/Unity.Scenes.SceneEntityReference: 646ffd19b744bbdb646ffd19b744bbdb -> 
  custom:DOTSType/Unity.Entities.Hybrid.Baking.BakingOnlyEntityAuthoringBaker+BakingOnlyChildren: 9c3cc3aa8ff875949c3cc3aa8ff87594 -> 
  custom:DOTSType/Unity.Entities.EntityManager+IsolateCopiedEntities: 703c8c39c22b63af703c8c39c22b63af -> 
  custom:DOTSType/Unity.Entities.BeginVariableRateSimulationEntityCommandBufferSystem+Singleton: 40006e500ad5800440006e500ad58004 -> 
  custom:DOTSType/UnityEngine.LightProbeProxyVolume: cd06291433fcac4ccd06291433fcac4c -> 
  custom:EntityBinaryFileFormatVersion: b618570c169a919bbb95b4bd7e4084ba -> 
  custom:DOTSType/Unity.Physics.Authoring.DisplayGizmoColliderEdges+DrawWithGizmos: a6749ec75af14c28a6749ec75af14c28 -> 
  custom:DOTSType/Tanks.SkyRotation: 6a30c8e81d68dcd96a30c8e81d68dcd9 -> 
  custom:DOTSType/Unity.Entities.Editor.ComponentInfo: b6911f4bc3b03db5b6911f4bc3b03db5 -> 
  custom:DOTSType/Unity.Entities.BurstCompatibleComponentData: 1d232e8370167ced1d232e8370167ced -> 
  custom:DOTSType/Unity.Entities.RetainBlobAssetPtr: f51a437fde39ac82f51a437fde39ac82 -> 
  custom:DOTSType/Unity.Physics.Authoring.PhysicsStepAuthoring: 29ca86243fe93d3b29ca86243fe93d3b -> 
  custom:DOTSType/Unity.Entities.BakedEntity: 6cda7616df5335d16cda7616df5335d1 -> 
  custom:DOTSType/Unity.Transforms.Static: a08c19e85cdd5a49a08c19e85cdd5a49 -> 
  custom:DOTSType/Unity.Entities.Editor.InvalidEntityEditor: c09028623072dbb6c09028623072dbb6 -> 
  custom:DOTSType/UnityEngine.Collider: e796157eabb2316ee796157eabb2316e -> 
  custom:framework-win-MediaFoundation: 216162199b28c13a410421893ffa2e32 -> 
  custom:DOTSType/UnityEngine.Transform: 3954159e9eb625f23954159e9eb625f2 -> 
  custom:DOTSType/Unity.Physics.Authoring.PhysicsWorldIndexAuthoring: c35779b88bcbf0f5c35779b88bcbf0f5 -> 
  custom:DOTSType/Unity.Scenes.Editor.GameObjectSceneMetaDataImporter: 35c29e171f7f1b1235c29e171f7f1b12 -> 
  custom:DOTSType/Tanks.Wheel: 8000d516241cf2618000d516241cf261 -> 
  custom:DOTSType/Unity.Entities.Editor.EntitySelectionProxy: 640f096afb1dc192640f096afb1dc192 -> 
  custom:DOTSType/Tanks.Tests.TestInputController: da9d7109e7aa2efada9d7109e7aa2efa -> 
  custom:DOTSType/Unity.Entities.OmitLinkedEntityGroupFromPrefabInstance: d5447758848371b8d5447758848371b8 -> 
  custom:DOTSType/Unity.Entities.Editor.HierarchyWindow: 68a3d7f4e81dfa3968a3d7f4e81dfa39 -> 
  custom:DOTSType/Unity.Entities.CleanupEntity: 91c2e7742ff7a40291c2e7742ff7a402 -> 
  custom:DOTSType/Zenject.MonoKernel: ad622fbf2f55726ead622fbf2f55726e -> 
  custom:DOTSType/Zenject.DefaultGameObjectKernel: 4e750c357d05f8164e750c357d05f816 -> 
  custom:DOTSType/Zenject.GameObjectContextEditor: e47fe5c2e2a879a3e47fe5c2e2a879a3 -> 
  custom:DOTSType/Unity.Scenes.RequestSceneHeader: 539e2df9dd1c5383539e2df9dd1c5383 -> 
  custom:DOTSType/Unity.Entities.BakingOnlyEntity: 6d61bb30b0fe96a06d61bb30b0fe96a0 -> 
  custom:DOTSType/UnityEngine.ReflectionProbe: 74c5d94e403ee5bf74c5d94e403ee5bf -> 
  custom:DOTSType/Unity.Physics.Authoring.PhysicsWorldIndexBakingData: eb7993b47224fdb3eb7993b47224fdb3 -> 
  custom:DOTSType/Tanks.TankController: 5fe8cedbca51d9d55fe8cedbca51d9d5 -> 
  custom:DOTSType/Unity.Scenes.Editor.ClearEntitiesCacheWindow: ff5e4942d7943fe4ff5e4942d7943fe4 -> 
  custom:DOTSType/Unity.Entities.Serialization.DotsSerialization+TypeNamesNode: 481f56363f3115ba481f56363f3115ba -> 
  custom:DOTSType/Unity.Entities.Hybrid.Baking.BakingOnlyEntityAuthoring: b00feda2188a9371b00feda2188a9371 -> 
  custom:DOTSType/Unity.Scenes.ResolvedSectionPath: bf9e38f006f83cb7bf9e38f006f83cb7 -> 
  custom:DOTSType/Unity.Deformations.BlendShapeWeight: d26eabb95dfc9b4dd26eabb95dfc9b4d -> 
  custom:DOTSType/Unity.Scenes.ReferencedUnityObjects: b8073d4731436522b8073d4731436522 -> 
  custom:DOTSType/Unity.Physics.Authoring.PhysicsDebugDisplayAuthoring: 048169f5bbaf7cd0048169f5bbaf7cd0 -> 
  custom:DOTSType/Unity.Scenes.Editor.SubSceneInspector: 6e96e553cf64778e6e96e553cf64778e -> 
  custom:DOTSType/Unity.Physics.GraphicsIntegration.SmoothRigidBodiesGraphicalMotion+RigidBodySmoothingWorldIndex: 988440dd19a406ed988440dd19a406ed -> 
  custom:DOTSType/Unity.Physics.PhysicsConstrainedBodyPair: 37ca29e9e58c191137ca29e9e58c1911 -> 
  custom:DOTSType/Unity.Physics.ColliderBlobCleanupData: 18f3eb94199c5e3618f3eb94199c5e36 -> 
  custom:DOTSType/Unity.Physics.PhysicsDamping: 579a7188c5fb1464579a7188c5fb1464 -> 
  custom:container-muxer-webm: aa71ff27fc2769a1b78a27578f13a17b -> 
  custom:DOTSType/Unity.Entities.CompanionGameObjectUpdateTransformCleanup: 0a4e12c25aaf05e00a4e12c25aaf05e0 -> 
  custom:DOTSType/Tanks.Editor.TransmissionSettingsEditor: 5c05f270edf687155c05f270edf68715 -> 
  custom:DOTSType/Unity.Entities.EndSimulationEntityCommandBufferSystem+Singleton: 6cc3a7136f47def06cc3a7136f47def0 -> 
  custom:DOTSType/Unity.Physics.Authoring.PhysicsDebugDisplaySystem+DrawComponent: fbecd1af1d76e089fbecd1af1d76e089 -> 
  custom:video-decoder-webm-vp8: 9c59270c3fd7afecdb556c50c9e8de78 -> 
  custom:DOTSType/Zenject.GuiRenderer: 77a380f71106289e77a380f71106289e -> 
  custom:DOTSType/Zenject.AnimatorMoveHandlerManager: 48d7fbeaa25297da48d7fbeaa25297da -> 
  custom:DOTSType/UnityEngine.GameObject: aef60e3f2ae5ad9aaef60e3f2ae5ad9a -> 
  custom:SearchIndexIgnoredProperties: e643bd26f0fe6173181afceb89e7c659 -> 
  custom:DOTSAllSystemsVersion: ffb3322ebf2cc81fbcc35437f1236753 -> 
  custom:DOTSType/Unity.Physics.GraphicsIntegration.PhysicsGraphicalInterpolationBuffer: 7baea6e725f3208c7baea6e725f3208c -> 
  custom:AudioImporter_EditorPlatform: d09bf68614088b80899f8185d706f6e7 -> 
  custom:DOTSType/Tanks.Interface.CarnageSettings: 06a0f3af603600f206a0f3af603600f2 -> 
  custom:DOTSType/Zenject.ProjectContextEditor: f68c5f17562ef273f68c5f17562ef273 -> 
  custom:DOTSType/Unity.Entities.Serialization.DotsSerialization+FolderNode: 98c33d003d1b152b98c33d003d1b152b -> 
  custom:DOTSType/Unity.Entities.CompanionReference: 4de8f4179bbe96e74de8f4179bbe96e7 -> 
  custom:DOTSType/UnityEngine.VFX.VisualEffect: dc0e74262f371f63dc0e74262f371f63 -> 
  custom:DOTSType/Unity.Entities.Hybrid.Baking.AdditionalEntitiesBakingData: d81e35bf039925b8d81e35bf039925b8 -> 
  custom:DOTSType/UnityEngine.SpriteRenderer: 61a676ec163f72b161a676ec163f72b1 -> 
  custom:DOTSType/Unity.Entities.Editor.JournalingWrapperEditor: 7820ec03259d9ee57820ec03259d9ee5 -> 
  custom:DOTSType/Tanks.Tank.ProjectileTracker: 101b4b340f8400be101b4b340f8400be -> 
  custom:DOTSType/Unity.Deformations.SkinMatrix: 4b50a0962ac5e60d4b50a0962ac5e60d -> 
  custom:DOTSType/Unity.Scenes.WeakAssetReferenceLoadingData: 451a8b20bc4a35f6451a8b20bc4a35f6 -> 
  custom:DOTSType/Unity.Entities.BurstCompatibleSharedComponentData: 6239fcd2cd3b1c316239fcd2cd3b1c31 -> 
  custom:DOTSType/Unity.Physics.PhysicsCustomTags: 7d9dddf48b181c997d9dddf48b181c99 -> 
  custom:DOTSType/Zenject.SceneDecoratorContext: 47847979bf9052df47847979bf9052df -> 
  custom:DOTSType/Unity.Entities.Editor.ArchetypeWrapperEditor: fcd41c2e8cb6c202fcd41c2e8cb6c202 -> 
  custom:DOTSType/Unity.Physics.PhysicsGravityFactor: 8ab51309e4cdebcc8ab51309e4cdebcc -> 
  custom:DOTSType/Tanks.PlayerInputController: eeac7a82da062014eeac7a82da062014 -> 
  custom:DOTSType/Unity.Entities.SceneTag: 7a384971715860367a38497171586036 -> 
  custom:DOTSType/Unity.Physics.Systems.DummySimulationData: e73bf206ed8976b1e73bf206ed8976b1 -> 
  custom:DOTSType/Unity.Physics.CustomPhysicsProxyDriver: d8e4875a8f47327fd8e4875a8f47327f -> 
  custom:DOTSType/Unity.Entities.Editor.InvalidSelectionEditor: bb0f099005812d55bb0f099005812d55 -> 
  custom:DOTSType/Tanks.Interface.CarnageIndicator: 7a2a70789a91028f7a2a70789a91028f -> 
  custom:DOTSType/Unity.Physics.StepInputSingleton: f5a13022ab227cfff5a13022ab227cff -> 
  custom:DOTSType/Unity.Transforms.LocalToWorld: f07e17bb4e08548ef07e17bb4e08548e -> 
  custom:DOTSType/Unity.Entities.Prefab: 8cefcfc0e3366a618cefcfc0e3366a61 -> 
  custom:DOTSType/Unity.Transforms.PreviousParent: f7f96ed2f665f721f7f96ed2f665f721 -> 
  custom:DOTSType/Unity.Entities.EditorRenderData: 23031dfb0b685e0c23031dfb0b685e0c -> 
  custom:DOTSType/Tanks.TankGameInstaller: ab41efd1a1117644ab41efd1a1117644 -> 
  custom:DOTSType/Tanks.Tests.TestCarnageIndicator: c8904b0627773241c8904b0627773241 -> 
  custom:DOTSType/Unity.Entities.Editor.JournalEntry: fa64f1a8d5097849fa64f1a8d5097849 -> 
  custom:DOTSType/Unity.Scenes.GlobalEntitiesDependency: 272e3c9ba12b159e272e3c9ba12b159e -> 
  custom:audio-decoder-ogg-vorbis: bf7c407c2cedff20999df2af8eb42d56 -> 
  custom:ProjectSettings/EntitiesClientSettings.asset: 57fa4463d8597ee36c3803b5983b6213 -> 
  custom:DOTSType/Unity.Entities.RetainBlobAssets: e3007bd0d4f5ba8be3007bd0d4f5ba8b -> 
  custom:DOTSType/Tanks.TankAudioSystem: e0c4f60227f2a2a8e0c4f60227f2a2a8 -> 
  custom:DOTSType/Unity.Scenes.SceneSystemData: 358f9772a0e70c53358f9772a0e70c53 -> 
  custom:DOTSType/Zenject.SceneDecoratorContextEditor: ca86c2fb23338ef7ca86c2fb23338ef7 -> 
  custom:DOTSType/Unity.Physics.PhysicsWorldIndex: 44b485a5651ecbf844b485a5651ecbf8 -> 
  custom:DOTSType/Unity.Entities.EndInitializationEntityCommandBufferSystem+Singleton: 75800829e25c245f75800829e25c245f -> 
  custom:DOTSType/Unity.Entities.Build.EntitiesClientSettings: 379ca95f1f31bbbc379ca95f1f31bbbc -> 
  custom:DOTSType/Zenject.ProjectContext: 73c2192ee2a3347973c2192ee2a33479 -> 
  custom:DOTSType/Zenject.RunnableContextEditor: 761811f71f3da7bc761811f71f3da7bc -> 
  custom:DOTSType/UnityEngine.AudioSource: aed3a424fdd48d59aed3a424fdd48d59 -> 
  custom:DOTSType/Unity.Scenes.RequestEntityPrefabLoaded: fc4092a08e154a96fc4092a08e154a96 -> 
  custom:DOTSType/Unity.Entities.SystemInstance: bb0dfff8e9a48357bb0dfff8e9a48357 -> 
  custom:DOTSType/Unity.Entities.RemoveUnusedEntityInBake: 0973223cb916c16b0973223cb916c16b -> 
  custom:DOTSType/Unity.Entities.EndVariableRateSimulationEntityCommandBufferSystem+Singleton: 78d2450a82ebc20778d2450a82ebc207 -> 
  custom:DOTSType/Unity.Physics.DummyColliderFakesComponent`1[[Unity.Physics.CylinderCollider, Unity.Physics, Version=0.0.0.0, Culture=neutral, PublicKeyToken=null]]: 2d82e9daa82955bf2d82e9daa82955bf -> 
  custom:audio-encoder-webm-vorbis: bf7c407c2cedff20999df2af8eb42d56 -> 
  custom:DOTSType/Unity.Entities.BeginFixedStepSimulationEntityCommandBufferSystem+Singleton: 5857035820ee1e635857035820ee1e63 -> 
  custom:DOTSType/Unity.Physics.PhysicsJointCompanion: 655fde98af64ce94655fde98af64ce94 -> 
  custom:DOTSType/Unity.Scenes.WeakAssetPrefabLoadRequest: b6d72391c4d3d049b6d72391c4d3d049 -> 
  custom:DOTSType/Tanks.Legacy.LegacyTransmissionSettings: 84b2093787e9240c84b2093787e9240c -> 
  custom:DOTSType/Tanks.Legacy.Editor.LegacyTransmissionSettingsEditor: f063a9f322024a22f063a9f322024a22 -> 
  custom:DOTSType/Zenject.ScriptableObjectInstallerBase: 564d9b68561bb94d564d9b68561bb94d -> 
  custom:DOTSType/Unity.Physics.Editor.CustomPhysicsBodyTagNamesEditor: 5e056a649e13a00c5e056a649e13a00c -> 
  custom:DOTSType/Unity.Physics.PhysicsWorldSingleton: 90bad7c95a54d00590bad7c95a54d005 -> 
  custom:DOTSType/Unity.Entities.BurstCompatibleBufferElement: 9256282cac425e579256282cac425e57 -> 
  custom:DOTSType/Unity.Entities.CompanionLink: 4813070be25c6d6a4813070be25c6d6a -> 
  custom:DOTSType/Unity.Physics.DummyColliderFakesComponent`1[[Unity.Physics.PolygonCollider, Unity.Physics, Version=0.0.0.0, Culture=neutral, PublicKeyToken=null]]: 3f38e3dc511d48d23f38e3dc511d48d2 -> 
  custom:SceneMetaDataFileFormatVersion: 18e216f4893c3ae43d5b4b3a88de92ca -> 
  custom:DOTSType/Unity.Entities.Editor.SystemScheduleWindow: dfecb8af58c97f0adfecb8af58c97f0a -> 
  custom:DOTSType/Unity.Physics.PhysicsColliderKeyEntityPair: e3185876db01deade3185876db01dead -> 
  custom:DOTSType/Zenject.ContextEditor: 0791a612a42c17bc0791a612a42c17bc -> 
  custom:DOTSType/Zenject.AnimatorIkHandlerManager: 6bf1f62125213c446bf1f62125213c44 -> 
  custom:DOTSType/Unity.Transforms.LocalTransform: d07f194ee4791f00d07f194ee4791f00 -> 
  custom:DOTSType/Unity.Physics.PhysicsJoint: e49afdd9ec82159fe49afdd9ec82159f -> 
  custom:DOTSType/Unity.Scenes.PrefabAssetReference: 924b87ecab3719ce924b87ecab3719ce -> 
  custom:DOTSType/UnityEngine.Rigidbody: 90d4f52b90e97d3190d4f52b90e97d31 -> 
  custom:DOTSType/Unity.Transforms.PostTransformMatrix: d5b773053bc4fc92d5b773053bc4fc92 -> 
  custom:DOTSType/Unity.Entities.WorldTime: efd6631e6d47e1c0efd6631e6d47e1c0 -> 
  custom:DOTSType/Unity.Entities.Editor.ComponentsWindow: f3a47022486a5e37f3a47022486a5e37 -> 
  custom:DOTSType/Unity.Entities.Editor.JournalManager: bd6303929aef5048bd6303929aef5048 -> 
  custom:DOTSType/Zenject.SceneKernel: 14c92f57ead5fa5a14c92f57ead5fa5a -> 
  custom:DOTSType/Unity.Scenes.Editor.SubSceneImporter: fbc2a6bb48307f94fbc2a6bb48307f94 -> 
  custom:DOTSType/UnityEngine.Light: 47f771faf20222f647f771faf20222f6 -> 
  custom:DOTSType/Unity.Entities.EndFixedStepSimulationEntityCommandBufferSystem+Singleton: 903138f233c08b6f903138f233c08b6f -> 
  custom:DOTSType/Unity.Entities.Hybrid.Baking.LinkedEntityGroupAuthoring: 463b7158f57f2778463b7158f57f2778 -> 
  custom:DOTSType/Unity.Entities.BeginInitializationEntityCommandBufferSystem+Singleton: 1dafdf6276a3f02d1dafdf6276a3f02d -> 
  custom:DOTSType/Unity.Physics.SimulationSingleton: 2c12c15cc1aaefd42c12c15cc1aaefd4 -> 
  custom:DOTSType/Unity.Transforms.Child: 5a0b111d3c5ef1ef5a0b111d3c5ef1ef -> 
  custom:DOTSType/Unity.Entities.Editor.ComponentWrapperEditor: 8a0108ac83962ca58a0108ac83962ca5 -> 
  custom:video-codec-MediaFoundation-h265: 746d11721c4dcdbdad8f713fa42b33f4 -> 
  custom:DOTSType/Unity.Entities.SceneSectionData: eeed08dab67953cbeeed08dab67953cb -> 
  custom:DOTSType/Tanks.EffectPool: b07fd26d384c1aadb07fd26d384c1aad -> 
  custom:DOTSType/Zenject.Context: 7a9b164638a7c5fb7a9b164638a7c5fb -> 
  custom:DOTSType/Unity.Entities.Editor.EntitiesJournalingWindow: fb6228252c0089dcfb6228252c0089dc -> 
  custom:video-decoder-ogg-theora: a1e56fd34408186e4bbccfd4996cb3dc -> 
  custom:DOTSType/Unity.Scenes.ResolvedSceneHash: 10c2d6fb478167a310c2d6fb478167a3 -> 
  custom:DOTSType/Unity.Scenes.SceneSectionStreamingData: 01ac29b86b18dacf01ac29b86b18dacf -> 
  custom:DOTSType/Zenject.ZenjectStateMachineBehaviourAutoInjecter: bc2fa2415d8a8ef6bc2fa2415d8a8ef6 -> 
  custom:DOTSType/Unity.Entities.AdditionalEntityParent: a24d1678b03f0479a24d1678b03f0479 -> 
  custom:DOTSType/Unity.Entities.Simulate: e0c92315ec24632de0c92315ec24632d -> 
  custom:DOTSType/Unity.Physics.PhysicsVelocity: eae7719776411411eae7719776411411 -> 
  custom:DOTSType/Unity.Entities.Editor.SystemWrapperEditor: 8c892c6354f3a3138c892c6354f3a313 -> 
  custom:DOTSType/Unity.Entities.RetainBlobAssetBatchPtr: 14017b765908ee1d14017b765908ee1d -> 
  custom:DOTSType/Zenject.ZenjectBinding: 0569f6cfa9645a6e0569f6cfa9645a6e -> 
  custom:DOTSType/Tanks.Tests.TestCarnageIndicator+TestCarnageIndicatorEditor: a518ed1603ea4192a518ed1603ea4192 -> 
  custom:DOTSType/Unity.Physics.Authoring.CustomPhysicsProxyAuthoring: 90a4b67ea7c61e0c90a4b67ea7c61e0c -> 
  custom:DOTSType/Unity.Physics.Authoring.PhysicsMeshAuthoringData: 07c891dbd84b5d1c07c891dbd84b5d1c -> 
  custom:DOTSType/Unity.Scenes.LiveConversionPatcher+LiveConvertedSceneCleanup: 97dadd0f05dbc86997dadd0f05dbc869 -> 
  custom:DOTSType/UnityEngine.MeshCollider: 745c145fdcf1939e745c145fdcf1939e -> 
  custom:DOTSType/Unity.Physics.Authoring.ForceUniqueColliderAuthoring: 34be871ed7a74d6234be871ed7a74d62 -> 
  custom:DOTSType/Zenject.GameObjectContext: 694c79f9ded4c948694c79f9ded4c948 -> 
  custom:DOTSType/Unity.Physics.DummyColliderFakesComponent`1[[Unity.Physics.CapsuleCollider, Unity.Physics, Version=0.0.0.0, Culture=neutral, PublicKeyToken=null]]: 840aede77f375b4f840aede77f375b4f -> 
  custom:DOTSType/Unity.Physics.Authoring.StaticOptimizePhysicsBaking: f3a03d29cca9ceabf3a03d29cca9ceab -> 
  custom:DOTSType/Unity.Scenes.DisableLiveConversion: 543070e84ec00e2c543070e84ec00e2c -> 
  custom:DOTSType/Unity.Physics.Authoring.PhysicsCompoundData: 41f933035064165d41f933035064165d -> 
  custom:DOTSType/Tanks.AudioPool: 65d2a3a778887e6e65d2a3a778887e6e -> 
  custom:DOTSType/Unity.Physics.DummyColliderFakesComponent`1[[Unity.Physics.SphereCollider, Unity.Physics, Version=0.0.0.0, Culture=neutral, PublicKeyToken=null]]: 4818ec4955a46c414818ec4955a46c41 -> 
  custom:DOTSType/Unity.Transforms.Parent: 00b45826652a5ec600b45826652a5ec6 -> 
  custom:DOTSType/Unity.Physics.PhysicsCollider: 00548c0f8c0147a000548c0f8c0147a0 -> 
  custom:DOTSType/Unity.Physics.Authoring.PhysicsRootBaked: a150145af5348f6da150145af5348f6d -> 
  custom:DOTSType/Unity.Scenes.ResolveSceneReferenceSystem+AssetDependencyTrackerState: b2d132c8f66d836db2d132c8f66d836d -> 
  custom:DOTSType/Unity.Entities.CompanionLinkTransform: e392322015c13880e392322015c13880 -> 
  custom:DOTSType/Unity.Entities.Serialization.DotsSerialization+RevisionedRawDataNode: 7e711ae70d27259d7e711ae70d27259d -> 
  custom:CustomObjectIndexerAttribute: 9a22284fe3817be447336de3de66b15e -> 
  custom:DOTSType/Tanks.Projectile: 620e548336351b1d620e548336351b1d -> 
  custom:DOTSType/Unity.Physics.GraphicsIntegration.MostRecentFixedTime: 6c4396236e6646a76c4396236e6646a7 -> 
  custom:DOTSType/UnityEngine.ParticleSystem: 28fa60303afd747328fa60303afd7473 -> 
  custom:DOTSType/Unity.Physics.DummyColliderFakesComponent`1[[Unity.Physics.ConvexCollider, Unity.Physics, Version=0.0.0.0, Culture=neutral, PublicKeyToken=null]]: d00615a7bde8681ed00615a7bde8681e -> 
  custom:DOTSType/Unity.Physics.DummyColliderFakesComponent`1[[Unity.Physics.MeshCollider, Unity.Physics, Version=0.0.0.0, Culture=neutral, PublicKeyToken=null]]: 52b224b25d7c5a2552b224b25d7c5a25 -> 
  custom:container-demuxer-webm: 4f35f7cbe854078d1ac9338744f61a02 -> 
  custom:DOTSType/Unity.Entities.PrefabRoot: ea04b60a31090316ea04b60a31090316 -> 
  custom:DOTSType/Unity.Entities.RequestSceneLoaded: 62c081c918aff6ee62c081c918aff6ee -> 
  custom:DOTSType/Unity.Entities.BeginPresentationEntityCommandBufferSystem+Singleton: cbef056a920a5eadcbef056a920a5ead -> 
  custom:DOTSType/Unity.Entities.ChunkHeader: 490bb3205bb29fe6490bb3205bb29fe6 -> 
  custom:DOTSType/Unity.Scenes.IsSectionLoaded: 2e3c12f14f7600232e3c12f14f760023 -> 
  custom:DOTSType/Unity.Entities.Editor.SystemInfo: e869e7d857e70a99e869e7d857e70a99 -> 
  custom:DOTSType/Zenject.MonoInstaller: d4f508a97531178fd4f508a97531178f -> 
  custom:DOTSType/Unity.Entities.WorldTimeQueue: 48ce29752c66702348ce29752c667023 -> 
  custom:DOTSType/Unity.Entities.StaticOptimizeEntity: 346cca765bf51c72346cca765bf51c72 -> 
  custom:DOTSType/Unity.Entities.SectionMetadataSetup: 75ea136fdb0e54ba75ea136fdb0e54ba -> 
  custom:DOTSType/Tanks.ProjectilePool: ae6caa17fe3924ceae6caa17fe3924ce -> 
  custom:DOTSType/Unity.Scenes.SceneSectionReferencedUnityObjects: 2797689ad57679a22797689ad57679a2 -> 
  custom:DOTSType/Unity.Physics.Editor.PhysicsStepAuthoringEditor: b0470546a7982481b0470546a7982481 -> 
  custom:DOTSType/Unity.Physics.GraphicsIntegration.PhysicsRenderEntity: 17b73fa380da9cf517b73fa380da9cf5 -> 
  custom:DOTSType/Unity.Entities.Hybrid.Baking.LinkedEntityGroupBakingData: cd33507256493e18cd33507256493e18 -> 
  custom:DOTSType/UnityEngine.LODGroup: 15ad22bb5260348e15ad22bb5260348e -> 
  custom:DOTSType/Tanks.BaseInputController: 7c3584087687be277c3584087687be27 -> 
  custom:DOTSType/Unity.Entities.Editor.HierarchySelectionContext: eb8c02bbb8571091eb8c02bbb8571091 -> 
  custom:DOTSType/Unity.Physics.DummyColliderFakesComponent`1[[Unity.Physics.CompoundCollider, Unity.Physics, Version=0.0.0.0, Culture=neutral, PublicKeyToken=null]]: f0b0c805df9aab48f0b0c805df9aab48 -> 
  custom:DOTSType/Unity.Physics.Authoring.PhysicsColliderAuthoringData: 237ab57c84eb023d237ab57c84eb023d -> 
  custom:DOTSType/Unity.Entities.Entity: 295b0c964d12026f295b0c964d12026f -> 
  custom:DOTSType/Unity.Physics.DummyColliderFakesComponent`1[[Unity.Physics.TerrainCollider, Unity.Physics, Version=0.0.0.0, Culture=neutral, PublicKeyToken=null]]: 76d2966f42dff4df76d2966f42dff4df -> 
  custom:DOTSType/Unity.Scenes.PublicEntityRef: b380cfe1712d4500b380cfe1712d4500 -> 
  custom:DOTSType/Unity.Entities.Asset: 5205195e4c6bea1c5205195e4c6bea1c -> 
  custom:DOTSType/Unity.Physics.GraphicsIntegration.PhysicsGraphicalSmoothing: 1a649a11034ac6061a649a11034ac606 -> 
  custom:DOTSType/Unity.Physics.Systems.PhysicsAnalyticsSingleton: 261d1a0e3f762c88261d1a0e3f762c88 -> 
  custom:DOTSType/Unity.Physics.PhysicsTemporalCoherenceInfo: dd862a3ef5746267dd862a3ef5746267 -> 
  custom:DOTSType/Tanks.EffectPoolContainer: bf19857e7a596a2bbf19857e7a596a2b -> 
  custom:DOTSType/Unity.Physics.PhysicsStep: 4ca665c06bcf89ca4ca665c06bcf89ca -> 
  custom:DOTSType/UnityEngine.TextMesh: 6784c791d05273aa6784c791d05273aa -> 
  custom:DOTSType/Unity.Entities.CompanionGameObjectActiveCleanup: 4ff09409f1cce51f4ff09409f1cce51f -> 
  custom:DOTSType/Tanks.ReloadIndicator: 83d1d641d15e1d5483d1d641d15e1d54 -> 
  custom:DOTSType/Zenject.RunnableContext: f37beb99d06e39fbf37beb99d06e39fb -> 
  custom:DOTSType/Unity.Physics.Authoring.PhysicsDebugDisplayData: 0cdccf70b9e5e20d0cdccf70b9e5e20d -> 
  custom:DOTSType/Unity.Scenes.AssetObjectManifest: 84d682f40d46c88184d682f40d46c881 -> 
  custom:DOTSType/Unity.Entities.PostLoadCommandBuffer: d658541e4a41540dd658541e4a41540d -> 
  custom:DOTSType/Unity.Entities.Editor.ArchetypeInfo: b8b1bbcc600f6437b8b1bbcc600f6437 -> 
  custom:DOTSType/Tanks.Interface.Speedometer: 158cdf1f7f3d0d9c158cdf1f7f3d0d9c -> 
  custom:DOTSType/Tanks.BattleRam: 87a27f4ae62d951387a27f4ae62d9513 -> 
  custom:DOTSType/UnityEngine.BoxCollider: 8e5b85c4fec088d48e5b85c4fec088d4 -> 
  custom:DOTSType/Unity.Entities.Serialization.ExternalEntityReference: 415f45c8b00c90a4415f45c8b00c90a4 -> 
  custom:DOTSType/Unity.Entities.SceneSectionComponent: 22f65411cbba718222f65411cbba7182 -> 
  custom:DOTSType/Unity.Scenes.PrefabLoadResult: 71615367c37f030371615367c37f0303 -> 
  custom:DOTSType/Unity.Scenes.SceneSectionStreamingSystem+StreamingState: 7014161ec3350ad07014161ec3350ad0 -> 
  custom:DOTSType/Unity.Entities.Editor.UnsupportedEntityEditor: f4c4238e5d78020af4c4238e5d78020a -> 
  custom:DOTSType/Unity.Scenes.ResolvedSectionEntity: e83509e6ef73df7ae83509e6ef73df7a -> 
  custom:DOTSType/Unity.Scenes.DisableSceneResolveAndLoad: 41c98fa73f31b21a41c98fa73f31b21a -> 
  custom:DOTSType/Unity.Entities.LinkedEntityGroup: c1b61ecd5260e852c1b61ecd5260e852 -> 
  custom:DOTSType/Unity.Physics.Authoring.RigidbodyBakingData: 66caf1f3818b52fc66caf1f3818b52fc -> 
  custom:DOTSType/Zenject.ScriptableObjectInstaller: 47201fb43b11147d47201fb43b11147d -> 
  custom:DOTSType/Unity.Physics.Authoring.DetailedStaticMeshCollisionAuthoring: 35a7576e30820a5e35a7576e30820a5e -> 
  custom:DOTSType/Unity.Entities.Editor.UnsupportedGameObjectEditor: 5cff923fd1c387e15cff923fd1c387e1 -> 
  custom:DOTSType/Tanks.CinemachineInputCustomProvider: 53bf68681542a65453bf68681542a654 -> 
  custom:DOTSType/Zenject.SceneContext: 30c70a59093b925c30c70a59093b925c -> 
  custom:DOTSType/UnityEngine.MeshRenderer: 77aa4cb33b84a90377aa4cb33b84a903 -> 
  custom:DOTSType/Unity.Physics.Authoring.BakeStaticRoot: ac81d98288eb78feac81d98288eb78fe -> 
  custom:DOTSType/Unity.Entities.Serialization.DotsSerialization+StringTableNode: db9aacf636d95b56db9aacf636d95b56 -> 
  custom:DOTSType/Zenject.SceneContextEditor: f5ac3d9288ab62bbf5ac3d9288ab62bb -> 
  custom:DOTSType/Unity.Entities.Disabled: ea10d702b0a42592ea10d702b0a42592 -> 
  custom:DOTSType/Unity.Entities.Editor.EntityEditor: 4502e3ccdb7ac0e04502e3ccdb7ac0e0 -> 
  custom:DOTSType/Unity.Physics.Systems.BroadphaseData: cf796e61bbb1c05fcf796e61bbb1c05f -> 
  custom:DOTSType/Unity.Entities.Editor.ArchetypesWindow: bde482c89698b5c7bde482c89698b5c7 -> 
  custom:DOTSType/Unity.Physics.PhysicsMass: dd66b9b7945f3ac7dd66b9b7945f3ac7 -> 
  custom:DOTSType/Unity.Physics.Systems.BuildPhysicsWorldData: 403d401e5c7292c3403d401e5c7292c3 -> 
  custom:DOTSType/Unity.Scenes.SceneBoundingVolume: 3407604aa951263f3407604aa951263f -> 
  custom:video-encoder-webm-vp8: eb34c28f22e8b96e1ab97ce403110664 -> 
  custom:DOTSType/Unity.Physics.Authoring.PhysicsColliderBakedData: 4b51dd6d702fa42d4b51dd6d702fa42d -> 
  custom:DOTSType/UnityEngine.SphereCollider: 82c25a73f4a3118382c25a73f4a31183 -> 
  custom:DOTSType/Unity.Scenes.SubScene: ac4196b7e94e44ecac4196b7e94e44ec -> 
  custom:DOTSType/Unity.Physics.DummyColliderFakesComponent`1[[Unity.Physics.Collider, Unity.Physics, Version=0.0.0.0, Culture=neutral, PublicKeyToken=null]]: 9b1dfcaf09a3b4529b1dfcaf09a3b452 -> 
  custom:DOTSType/Unity.Entities.Editor.HierarchyEntityChangeTracker+UnusedTag: e99f3a5fcb8d8012e99f3a5fcb8d8012 -> 
  custom:DOTSType/Unity.Physics.PhysicsMassOverride: 6fcef11ae9d1bc306fcef11ae9d1bc30 -> 
  custom:DOTSType/Unity.Entities.BlobAssetOwner: c83c63163f833390c83c63163f833390 -> 
  custom:DOTSType/Zenject.CheatSheet+Foo: 818256864703f221818256864703f221 -> 
  custom:DOTSType/Unity.Physics.Authoring.CustomPhysicsBodyTagNames: cf633e3d702fe67dcf633e3d702fe67d -> 
  custom:DOTSType/UnityEngine.CapsuleCollider: be84ea475def5c96be84ea475def5c96 -> 
  custom:DOTSType/Unity.Physics.PhysicsTemporalCoherenceTag: 078e815b3514dfd3078e815b3514dfd3 -> 
  custom:DOTSType/Unity.Entities.Editor.JournalManagerWrapperEditor: cb69e60b3422ccebcb69e60b3422cceb -> 
  custom:DOTSType/Unity.Entities.SceneReference: 93a995b4b28fc25393a995b4b28fc253 -> 
  custom:DOTSType/Unity.Entities.Editor.UnsupportedPrefabEntityEditor: 42b92ebb8c8886cf42b92ebb8c8886cf -> 
  custom:DOTSType/Unity.Entities.Serialization.DotsSerialization+NodeHeader: 2a912a6fdedc77ae2a912a6fdedc77ae -> 
  custom:DOTSType/Zenject.ZenAutoInjecter: 778eb5667a6355bc778eb5667a6355bc -> 
  custom:DOTSType/Unity.Entities.SceneSection: bdba69731fc8f3e7bdba69731fc8f3e7 -> 
  custom:DOTSType/Tanks.Patrol: af24d179ee3e03f0af24d179ee3e03f0 -> 
  custom:DOTSType/Unity.Physics.DummyColliderFakesComponent`1[[Unity.Physics.BoxCollider, Unity.Physics, Version=0.0.0.0, Culture=neutral, PublicKeyToken=null]]: f425b7fd66e06988f425b7fd66e06988 -> 
  custom:DOTSType/Unity.Entities.TransformAuthoring: d03322d6827741e8d03322d6827741e8 -> 
  custom:DOTSType/Zenject.ProjectKernel: efdc3d3e4e17fb07efdc3d3e4e17fb07 -> 
  custom:DOTSType/Tanks.TransmissionSettings: b0a3fa15cf2503fcb0a3fa15cf2503fc -> 
  custom:DOTSType/UnityEngine.ParticleSystemRenderer: 818ef389bd33d482818ef389bd33d482 -> 
  custom:DOTSType/Unity.Entities.BeginSimulationEntityCommandBufferSystem+Singleton: 5406e750b86f24a55406e750b86f24a5 -> 
  custom:DOTSType/Unity.Scenes.Editor.GlobalEntitiesDependencyInspector: 3df09afcbb66d7bb3df09afcbb66d7bb -> 
========================================================================
Received Prepare
Assembly reference Packages/com.unity.entities/Unity.Scenes.Editor/Internals/Properties/Unity.Properties.Internals.asmref has no target assembly definition
Assembly reference Packages/com.unity.entities/Unity.Scenes.Editor/Internals/Properties/Unity.Properties.Internals.asmref has no target assembly definition
Begin MonoManager ReloadAssembly
- Loaded All Assemblies, in  0.964 seconds
Refreshing native plugins compatible for Editor in 9.57 ms, found 5 plugins.
Native extension for WindowsStandalone target not found
Assembly reference Packages/com.unity.entities/Unity.Scenes.Editor/Internals/Properties/Unity.Properties.Internals.asmref has no target assembly definition
TypeManager.Initialize took: 259ms
Mono: successfully reloaded assembly
- Finished resetting the current domain, in  4.037 seconds
Domain Reload Profiling: 4998ms
	BeginReloadAssembly (283ms)
		ExecutionOrderSort (0ms)
		DisableScriptedObjects (9ms)
		BackupInstance (0ms)
		ReleaseScriptingObjects (0ms)
		CreateAndSetChildDomain (101ms)
	RebuildCommonClasses (54ms)
	RebuildNativeTypeToScriptingClass (19ms)
	initialDomainReloadingComplete (63ms)
	LoadAllAssembliesAndSetupDomain (541ms)
		LoadAssemblies (650ms)
		RebuildTransferFunctionScriptingTraits (0ms)
		AnalyzeDomain (24ms)
			TypeCache.Refresh (9ms)
				TypeCache.ScanAssembly (0ms)
			ScanForSourceGeneratedMonoScriptInfo (0ms)
			ResolveRequiredComponents (12ms)
	FinalizeReload (4038ms)
		ReleaseScriptCaches (0ms)
		RebuildScriptCaches (0ms)
		SetupLoadedEditorAssemblies (1773ms)
			LogAssemblyErrors (0ms)
			InitializePlatformSupportModulesInManaged (12ms)
			SetLoadedEditorAssemblies (12ms)
			RefreshPlugins (0ms)
			BeforeProcessingInitializeOnLoad (306ms)
			ProcessInitializeOnLoadAttributes (1088ms)
			ProcessInitializeOnLoadMethodAttributes (344ms)
			AfterProcessingInitializeOnLoad (11ms)
			EditorAssembliesLoaded (1ms)
		ExecutionOrderSort2 (0ms)
		AwakeInstancesAfterBackupRestoration (8ms)
Refreshing native plugins compatible for Editor in 10.47 ms, found 5 plugins.
Preloading 0 native plugins for Editor in 0.00 ms.
Unloading 6859 Unused Serialized files (Serialized files now loaded: 0)
Unloading 95 unused Assets / (123.6 KB). Loaded Objects now: 7324.
Memory consumption went from 220.9 MB to 220.7 MB.
Total: 9.700400 ms (FindLiveObjects: 0.678900 ms CreateObjectMapping: 0.892900 ms MarkObjects: 7.847800 ms  DeleteObjects: 0.278900 ms)

Unloading 0 Unused Serialized files (Serialized files now loaded: 0)
Unloading 0 unused Assets / (172.4 KB). Loaded Objects now: 7324.
Memory consumption went from 220.7 MB to 220.5 MB.
Total: 9.726500 ms (FindLiveObjects: 0.937100 ms CreateObjectMapping: 1.273200 ms MarkObjects: 7.289600 ms  DeleteObjects: 0.225400 ms)

Prepare: number of updated asset objects reloaded= 0
AssetImportParameters requested are different than current active one (requested -> active):
  custom:DOTSType/Zenject.MonoInstallerBase: 95f86c107dc723fe95f86c107dc723fe -> 
  custom:DOTSType/Unity.Entities.EntityGuid: 8e99211435a26d668e99211435a26d66 -> 
  custom:DOTSType/Tanks.TurretController: e7fde51fa66b4c5ee7fde51fa66b4c5e -> 
  custom:DOTSType/Unity.Entities.DefaultWorldInitializationProxy: 3bc53c9cad9070363bc53c9cad907036 -> 
  custom:container-demuxer-ogg: 62fdf1f143b41e24485cea50d1cbac27 -> 
  custom:DOTSType/Zenject.Internal.DefaultSceneContractConfig: a78f29ab0132239ca78f29ab0132239c -> 
  custom:DOTSType/Unity.Physics.EnsureUniqueColliderBlobTag: 3e3264c9c7497b3b3e3264c9c7497b3b -> 
  custom:DOTSType/Unity.Scenes.SceneEntityReference: 646ffd19b744bbdb646ffd19b744bbdb -> 
  custom:DOTSType/Unity.Entities.Hybrid.Baking.BakingOnlyEntityAuthoringBaker+BakingOnlyChildren: 9c3cc3aa8ff875949c3cc3aa8ff87594 -> 
  custom:DOTSType/Unity.Entities.EntityManager+IsolateCopiedEntities: 703c8c39c22b63af703c8c39c22b63af -> 
  custom:DOTSType/Unity.Entities.BeginVariableRateSimulationEntityCommandBufferSystem+Singleton: 40006e500ad5800440006e500ad58004 -> 
  custom:DOTSType/UnityEngine.LightProbeProxyVolume: cd06291433fcac4ccd06291433fcac4c -> 
  custom:EntityBinaryFileFormatVersion: b618570c169a919bbb95b4bd7e4084ba -> 
  custom:DOTSType/Unity.Physics.Authoring.DisplayGizmoColliderEdges+DrawWithGizmos: a6749ec75af14c28a6749ec75af14c28 -> 
  custom:DOTSType/Tanks.SkyRotation: 6a30c8e81d68dcd96a30c8e81d68dcd9 -> 
  custom:DOTSType/Unity.Entities.Editor.ComponentInfo: b6911f4bc3b03db5b6911f4bc3b03db5 -> 
  custom:DOTSType/Unity.Entities.BurstCompatibleComponentData: 1d232e8370167ced1d232e8370167ced -> 
  custom:DOTSType/Unity.Entities.RetainBlobAssetPtr: f51a437fde39ac82f51a437fde39ac82 -> 
  custom:DOTSType/Unity.Physics.Authoring.PhysicsStepAuthoring: 29ca86243fe93d3b29ca86243fe93d3b -> 
  custom:DOTSType/Unity.Entities.BakedEntity: 6cda7616df5335d16cda7616df5335d1 -> 
  custom:DOTSType/Unity.Transforms.Static: a08c19e85cdd5a49a08c19e85cdd5a49 -> 
  custom:DOTSType/Unity.Entities.Editor.InvalidEntityEditor: c09028623072dbb6c09028623072dbb6 -> 
  custom:DOTSType/UnityEngine.Collider: e796157eabb2316ee796157eabb2316e -> 
  custom:framework-win-MediaFoundation: 216162199b28c13a410421893ffa2e32 -> 
  custom:DOTSType/UnityEngine.Transform: 3954159e9eb625f23954159e9eb625f2 -> 
  custom:DOTSType/Unity.Physics.Authoring.PhysicsWorldIndexAuthoring: c35779b88bcbf0f5c35779b88bcbf0f5 -> 
  custom:DOTSType/Unity.Scenes.Editor.GameObjectSceneMetaDataImporter: 35c29e171f7f1b1235c29e171f7f1b12 -> 
  custom:DOTSType/Tanks.Wheel: 8000d516241cf2618000d516241cf261 -> 
  custom:DOTSType/Unity.Entities.Editor.EntitySelectionProxy: 640f096afb1dc192640f096afb1dc192 -> 
  custom:DOTSType/Tanks.Tests.TestInputController: da9d7109e7aa2efada9d7109e7aa2efa -> 
  custom:DOTSType/Unity.Entities.OmitLinkedEntityGroupFromPrefabInstance: d5447758848371b8d5447758848371b8 -> 
  custom:DOTSType/Unity.Entities.Editor.HierarchyWindow: 68a3d7f4e81dfa3968a3d7f4e81dfa39 -> 
  custom:DOTSType/Unity.Entities.CleanupEntity: 91c2e7742ff7a40291c2e7742ff7a402 -> 
  custom:DOTSType/Zenject.MonoKernel: ad622fbf2f55726ead622fbf2f55726e -> 
  custom:DOTSType/Zenject.DefaultGameObjectKernel: 4e750c357d05f8164e750c357d05f816 -> 
  custom:DOTSType/Zenject.GameObjectContextEditor: e47fe5c2e2a879a3e47fe5c2e2a879a3 -> 
  custom:DOTSType/Unity.Scenes.RequestSceneHeader: 539e2df9dd1c5383539e2df9dd1c5383 -> 
  custom:DOTSType/Unity.Entities.BakingOnlyEntity: 6d61bb30b0fe96a06d61bb30b0fe96a0 -> 
  custom:DOTSType/UnityEngine.ReflectionProbe: 74c5d94e403ee5bf74c5d94e403ee5bf -> 
  custom:DOTSType/Unity.Physics.Authoring.PhysicsWorldIndexBakingData: eb7993b47224fdb3eb7993b47224fdb3 -> 
  custom:DOTSType/Tanks.TankController: 5fe8cedbca51d9d55fe8cedbca51d9d5 -> 
  custom:DOTSType/Unity.Scenes.Editor.ClearEntitiesCacheWindow: ff5e4942d7943fe4ff5e4942d7943fe4 -> 
  custom:DOTSType/Unity.Entities.Serialization.DotsSerialization+TypeNamesNode: 481f56363f3115ba481f56363f3115ba -> 
  custom:DOTSType/Unity.Entities.Hybrid.Baking.BakingOnlyEntityAuthoring: b00feda2188a9371b00feda2188a9371 -> 
  custom:DOTSType/Unity.Scenes.ResolvedSectionPath: bf9e38f006f83cb7bf9e38f006f83cb7 -> 
  custom:DOTSType/Unity.Deformations.BlendShapeWeight: d26eabb95dfc9b4dd26eabb95dfc9b4d -> 
  custom:DOTSType/Unity.Scenes.ReferencedUnityObjects: b8073d4731436522b8073d4731436522 -> 
  custom:DOTSType/Unity.Physics.Authoring.PhysicsDebugDisplayAuthoring: 048169f5bbaf7cd0048169f5bbaf7cd0 -> 
  custom:DOTSType/Unity.Scenes.Editor.SubSceneInspector: 6e96e553cf64778e6e96e553cf64778e -> 
  custom:DOTSType/Unity.Physics.GraphicsIntegration.SmoothRigidBodiesGraphicalMotion+RigidBodySmoothingWorldIndex: 988440dd19a406ed988440dd19a406ed -> 
  custom:DOTSType/Unity.Physics.PhysicsConstrainedBodyPair: 37ca29e9e58c191137ca29e9e58c1911 -> 
  custom:DOTSType/Unity.Physics.ColliderBlobCleanupData: 18f3eb94199c5e3618f3eb94199c5e36 -> 
  custom:DOTSType/Unity.Physics.PhysicsDamping: 579a7188c5fb1464579a7188c5fb1464 -> 
  custom:container-muxer-webm: aa71ff27fc2769a1b78a27578f13a17b -> 
  custom:DOTSType/Unity.Entities.CompanionGameObjectUpdateTransformCleanup: 0a4e12c25aaf05e00a4e12c25aaf05e0 -> 
  custom:DOTSType/Tanks.Editor.TransmissionSettingsEditor: 5c05f270edf687155c05f270edf68715 -> 
  custom:DOTSType/Unity.Entities.EndSimulationEntityCommandBufferSystem+Singleton: 6cc3a7136f47def06cc3a7136f47def0 -> 
  custom:DOTSType/Unity.Physics.Authoring.PhysicsDebugDisplaySystem+DrawComponent: fbecd1af1d76e089fbecd1af1d76e089 -> 
  custom:video-decoder-webm-vp8: 9c59270c3fd7afecdb556c50c9e8de78 -> 
  custom:DOTSType/Zenject.GuiRenderer: 77a380f71106289e77a380f71106289e -> 
  custom:DOTSType/Zenject.AnimatorMoveHandlerManager: 48d7fbeaa25297da48d7fbeaa25297da -> 
  custom:DOTSType/UnityEngine.GameObject: aef60e3f2ae5ad9aaef60e3f2ae5ad9a -> 
  custom:SearchIndexIgnoredProperties: e643bd26f0fe6173181afceb89e7c659 -> 
  custom:DOTSAllSystemsVersion: ffb3322ebf2cc81fbcc35437f1236753 -> 
  custom:DOTSType/Unity.Physics.GraphicsIntegration.PhysicsGraphicalInterpolationBuffer: 7baea6e725f3208c7baea6e725f3208c -> 
  custom:AudioImporter_EditorPlatform: d09bf68614088b80899f8185d706f6e7 -> 
  custom:DOTSType/Tanks.Interface.CarnageSettings: 06a0f3af603600f206a0f3af603600f2 -> 
  custom:DOTSType/Zenject.ProjectContextEditor: f68c5f17562ef273f68c5f17562ef273 -> 
  custom:DOTSType/Unity.Entities.Serialization.DotsSerialization+FolderNode: 98c33d003d1b152b98c33d003d1b152b -> 
  custom:DOTSType/Unity.Entities.CompanionReference: 4de8f4179bbe96e74de8f4179bbe96e7 -> 
  custom:DOTSType/UnityEngine.VFX.VisualEffect: dc0e74262f371f63dc0e74262f371f63 -> 
  custom:DOTSType/Unity.Entities.Hybrid.Baking.AdditionalEntitiesBakingData: d81e35bf039925b8d81e35bf039925b8 -> 
  custom:DOTSType/UnityEngine.SpriteRenderer: 61a676ec163f72b161a676ec163f72b1 -> 
  custom:DOTSType/Unity.Entities.Editor.JournalingWrapperEditor: 7820ec03259d9ee57820ec03259d9ee5 -> 
  custom:DOTSType/Tanks.Tank.ProjectileTracker: 101b4b340f8400be101b4b340f8400be -> 
  custom:DOTSType/Unity.Deformations.SkinMatrix: 4b50a0962ac5e60d4b50a0962ac5e60d -> 
  custom:DOTSType/Unity.Scenes.WeakAssetReferenceLoadingData: 451a8b20bc4a35f6451a8b20bc4a35f6 -> 
  custom:DOTSType/Unity.Entities.BurstCompatibleSharedComponentData: 6239fcd2cd3b1c316239fcd2cd3b1c31 -> 
  custom:DOTSType/Unity.Physics.PhysicsCustomTags: 7d9dddf48b181c997d9dddf48b181c99 -> 
  custom:DOTSType/Zenject.SceneDecoratorContext: 47847979bf9052df47847979bf9052df -> 
  custom:DOTSType/Unity.Entities.Editor.ArchetypeWrapperEditor: fcd41c2e8cb6c202fcd41c2e8cb6c202 -> 
  custom:DOTSType/Unity.Physics.PhysicsGravityFactor: 8ab51309e4cdebcc8ab51309e4cdebcc -> 
  custom:DOTSType/Tanks.PlayerInputController: eeac7a82da062014eeac7a82da062014 -> 
  custom:DOTSType/Unity.Entities.SceneTag: 7a384971715860367a38497171586036 -> 
  custom:DOTSType/Unity.Physics.Systems.DummySimulationData: e73bf206ed8976b1e73bf206ed8976b1 -> 
  custom:DOTSType/Unity.Physics.CustomPhysicsProxyDriver: d8e4875a8f47327fd8e4875a8f47327f -> 
  custom:DOTSType/Unity.Entities.Editor.InvalidSelectionEditor: bb0f099005812d55bb0f099005812d55 -> 
  custom:DOTSType/Tanks.Interface.CarnageIndicator: 7a2a70789a91028f7a2a70789a91028f -> 
  custom:DOTSType/Unity.Physics.StepInputSingleton: f5a13022ab227cfff5a13022ab227cff -> 
  custom:DOTSType/Unity.Transforms.LocalToWorld: f07e17bb4e08548ef07e17bb4e08548e -> 
  custom:DOTSType/Unity.Entities.Prefab: 8cefcfc0e3366a618cefcfc0e3366a61 -> 
  custom:DOTSType/Unity.Transforms.PreviousParent: f7f96ed2f665f721f7f96ed2f665f721 -> 
  custom:DOTSType/Unity.Entities.EditorRenderData: 23031dfb0b685e0c23031dfb0b685e0c -> 
  custom:DOTSType/Tanks.TankGameInstaller: ab41efd1a1117644ab41efd1a1117644 -> 
  custom:DOTSType/Tanks.Tests.TestCarnageIndicator: c8904b0627773241c8904b0627773241 -> 
  custom:DOTSType/Unity.Entities.Editor.JournalEntry: fa64f1a8d5097849fa64f1a8d5097849 -> 
  custom:DOTSType/Unity.Scenes.GlobalEntitiesDependency: 272e3c9ba12b159e272e3c9ba12b159e -> 
  custom:audio-decoder-ogg-vorbis: bf7c407c2cedff20999df2af8eb42d56 -> 
  custom:ProjectSettings/EntitiesClientSettings.asset: 57fa4463d8597ee36c3803b5983b6213 -> 
  custom:DOTSType/Unity.Entities.RetainBlobAssets: e3007bd0d4f5ba8be3007bd0d4f5ba8b -> 
  custom:DOTSType/Tanks.TankAudioSystem: e0c4f60227f2a2a8e0c4f60227f2a2a8 -> 
  custom:DOTSType/Unity.Scenes.SceneSystemData: 358f9772a0e70c53358f9772a0e70c53 -> 
  custom:DOTSType/Zenject.SceneDecoratorContextEditor: ca86c2fb23338ef7ca86c2fb23338ef7 -> 
  custom:DOTSType/Unity.Physics.PhysicsWorldIndex: 44b485a5651ecbf844b485a5651ecbf8 -> 
  custom:DOTSType/Unity.Entities.EndInitializationEntityCommandBufferSystem+Singleton: 75800829e25c245f75800829e25c245f -> 
  custom:DOTSType/Unity.Entities.Build.EntitiesClientSettings: 379ca95f1f31bbbc379ca95f1f31bbbc -> 
  custom:DOTSType/Zenject.ProjectContext: 73c2192ee2a3347973c2192ee2a33479 -> 
  custom:DOTSType/Zenject.RunnableContextEditor: 761811f71f3da7bc761811f71f3da7bc -> 
  custom:DOTSType/UnityEngine.AudioSource: aed3a424fdd48d59aed3a424fdd48d59 -> 
  custom:DOTSType/Unity.Scenes.RequestEntityPrefabLoaded: fc4092a08e154a96fc4092a08e154a96 -> 
  custom:DOTSType/Unity.Entities.SystemInstance: bb0dfff8e9a48357bb0dfff8e9a48357 -> 
  custom:DOTSType/Unity.Entities.RemoveUnusedEntityInBake: 0973223cb916c16b0973223cb916c16b -> 
  custom:DOTSType/Unity.Entities.EndVariableRateSimulationEntityCommandBufferSystem+Singleton: 78d2450a82ebc20778d2450a82ebc207 -> 
  custom:DOTSType/Unity.Physics.DummyColliderFakesComponent`1[[Unity.Physics.CylinderCollider, Unity.Physics, Version=0.0.0.0, Culture=neutral, PublicKeyToken=null]]: 2d82e9daa82955bf2d82e9daa82955bf -> 
  custom:audio-encoder-webm-vorbis: bf7c407c2cedff20999df2af8eb42d56 -> 
  custom:DOTSType/Unity.Entities.BeginFixedStepSimulationEntityCommandBufferSystem+Singleton: 5857035820ee1e635857035820ee1e63 -> 
  custom:DOTSType/Unity.Physics.PhysicsJointCompanion: 655fde98af64ce94655fde98af64ce94 -> 
  custom:DOTSType/Unity.Scenes.WeakAssetPrefabLoadRequest: b6d72391c4d3d049b6d72391c4d3d049 -> 
  custom:DOTSType/Tanks.Legacy.LegacyTransmissionSettings: 84b2093787e9240c84b2093787e9240c -> 
  custom:DOTSType/Tanks.Legacy.Editor.LegacyTransmissionSettingsEditor: f063a9f322024a22f063a9f322024a22 -> 
  custom:DOTSType/Zenject.ScriptableObjectInstallerBase: 564d9b68561bb94d564d9b68561bb94d -> 
  custom:DOTSType/Unity.Physics.Editor.CustomPhysicsBodyTagNamesEditor: 5e056a649e13a00c5e056a649e13a00c -> 
  custom:DOTSType/Unity.Physics.PhysicsWorldSingleton: 90bad7c95a54d00590bad7c95a54d005 -> 
  custom:DOTSType/Unity.Entities.BurstCompatibleBufferElement: 9256282cac425e579256282cac425e57 -> 
  custom:DOTSType/Unity.Entities.CompanionLink: 4813070be25c6d6a4813070be25c6d6a -> 
  custom:DOTSType/Unity.Physics.DummyColliderFakesComponent`1[[Unity.Physics.PolygonCollider, Unity.Physics, Version=0.0.0.0, Culture=neutral, PublicKeyToken=null]]: 3f38e3dc511d48d23f38e3dc511d48d2 -> 
  custom:SceneMetaDataFileFormatVersion: 18e216f4893c3ae43d5b4b3a88de92ca -> 
  custom:DOTSType/Unity.Entities.Editor.SystemScheduleWindow: dfecb8af58c97f0adfecb8af58c97f0a -> 
  custom:DOTSType/Unity.Physics.PhysicsColliderKeyEntityPair: e3185876db01deade3185876db01dead -> 
  custom:DOTSType/Zenject.ContextEditor: 0791a612a42c17bc0791a612a42c17bc -> 
  custom:DOTSType/Zenject.AnimatorIkHandlerManager: 6bf1f62125213c446bf1f62125213c44 -> 
  custom:DOTSType/Unity.Transforms.LocalTransform: d07f194ee4791f00d07f194ee4791f00 -> 
  custom:DOTSType/Unity.Physics.PhysicsJoint: e49afdd9ec82159fe49afdd9ec82159f -> 
  custom:DOTSType/Unity.Scenes.PrefabAssetReference: 924b87ecab3719ce924b87ecab3719ce -> 
  custom:DOTSType/UnityEngine.Rigidbody: 90d4f52b90e97d3190d4f52b90e97d31 -> 
  custom:DOTSType/Unity.Transforms.PostTransformMatrix: d5b773053bc4fc92d5b773053bc4fc92 -> 
  custom:DOTSType/Unity.Entities.WorldTime: efd6631e6d47e1c0efd6631e6d47e1c0 -> 
  custom:DOTSType/Unity.Entities.Editor.ComponentsWindow: f3a47022486a5e37f3a47022486a5e37 -> 
  custom:DOTSType/Unity.Entities.Editor.JournalManager: bd6303929aef5048bd6303929aef5048 -> 
  custom:DOTSType/Zenject.SceneKernel: 14c92f57ead5fa5a14c92f57ead5fa5a -> 
  custom:DOTSType/Unity.Scenes.Editor.SubSceneImporter: fbc2a6bb48307f94fbc2a6bb48307f94 -> 
  custom:DOTSType/UnityEngine.Light: 47f771faf20222f647f771faf20222f6 -> 
  custom:DOTSType/Unity.Entities.EndFixedStepSimulationEntityCommandBufferSystem+Singleton: 903138f233c08b6f903138f233c08b6f -> 
  custom:DOTSType/Unity.Entities.Hybrid.Baking.LinkedEntityGroupAuthoring: 463b7158f57f2778463b7158f57f2778 -> 
  custom:DOTSType/Unity.Entities.BeginInitializationEntityCommandBufferSystem+Singleton: 1dafdf6276a3f02d1dafdf6276a3f02d -> 
  custom:DOTSType/Unity.Physics.SimulationSingleton: 2c12c15cc1aaefd42c12c15cc1aaefd4 -> 
  custom:DOTSType/Unity.Transforms.Child: 5a0b111d3c5ef1ef5a0b111d3c5ef1ef -> 
  custom:DOTSType/Unity.Entities.Editor.ComponentWrapperEditor: 8a0108ac83962ca58a0108ac83962ca5 -> 
  custom:video-codec-MediaFoundation-h265: 746d11721c4dcdbdad8f713fa42b33f4 -> 
  custom:DOTSType/Unity.Entities.SceneSectionData: eeed08dab67953cbeeed08dab67953cb -> 
  custom:DOTSType/Tanks.EffectPool: b07fd26d384c1aadb07fd26d384c1aad -> 
  custom:DOTSType/Zenject.Context: 7a9b164638a7c5fb7a9b164638a7c5fb -> 
  custom:DOTSType/Unity.Entities.Editor.EntitiesJournalingWindow: fb6228252c0089dcfb6228252c0089dc -> 
  custom:video-decoder-ogg-theora: a1e56fd34408186e4bbccfd4996cb3dc -> 
  custom:DOTSType/Unity.Scenes.ResolvedSceneHash: 10c2d6fb478167a310c2d6fb478167a3 -> 
  custom:DOTSType/Unity.Scenes.SceneSectionStreamingData: 01ac29b86b18dacf01ac29b86b18dacf -> 
  custom:DOTSType/Zenject.ZenjectStateMachineBehaviourAutoInjecter: bc2fa2415d8a8ef6bc2fa2415d8a8ef6 -> 
  custom:DOTSType/Unity.Entities.AdditionalEntityParent: a24d1678b03f0479a24d1678b03f0479 -> 
  custom:DOTSType/Unity.Entities.Simulate: e0c92315ec24632de0c92315ec24632d -> 
  custom:DOTSType/Unity.Physics.PhysicsVelocity: eae7719776411411eae7719776411411 -> 
  custom:DOTSType/Unity.Entities.Editor.SystemWrapperEditor: 8c892c6354f3a3138c892c6354f3a313 -> 
  custom:DOTSType/Unity.Entities.RetainBlobAssetBatchPtr: 14017b765908ee1d14017b765908ee1d -> 
  custom:DOTSType/Zenject.ZenjectBinding: 0569f6cfa9645a6e0569f6cfa9645a6e -> 
  custom:DOTSType/Tanks.Tests.TestCarnageIndicator+TestCarnageIndicatorEditor: a518ed1603ea4192a518ed1603ea4192 -> 
  custom:DOTSType/Unity.Physics.Authoring.CustomPhysicsProxyAuthoring: 90a4b67ea7c61e0c90a4b67ea7c61e0c -> 
  custom:DOTSType/Unity.Physics.Authoring.PhysicsMeshAuthoringData: 07c891dbd84b5d1c07c891dbd84b5d1c -> 
  custom:DOTSType/Unity.Scenes.LiveConversionPatcher+LiveConvertedSceneCleanup: 97dadd0f05dbc86997dadd0f05dbc869 -> 
  custom:DOTSType/UnityEngine.MeshCollider: 745c145fdcf1939e745c145fdcf1939e -> 
  custom:DOTSType/Unity.Physics.Authoring.ForceUniqueColliderAuthoring: 34be871ed7a74d6234be871ed7a74d62 -> 
  custom:DOTSType/Zenject.GameObjectContext: 694c79f9ded4c948694c79f9ded4c948 -> 
  custom:DOTSType/Unity.Physics.DummyColliderFakesComponent`1[[Unity.Physics.CapsuleCollider, Unity.Physics, Version=0.0.0.0, Culture=neutral, PublicKeyToken=null]]: 840aede77f375b4f840aede77f375b4f -> 
  custom:DOTSType/Unity.Physics.Authoring.StaticOptimizePhysicsBaking: f3a03d29cca9ceabf3a03d29cca9ceab -> 
  custom:DOTSType/Unity.Scenes.DisableLiveConversion: 543070e84ec00e2c543070e84ec00e2c -> 
  custom:DOTSType/Unity.Physics.Authoring.PhysicsCompoundData: 41f933035064165d41f933035064165d -> 
  custom:DOTSType/Tanks.AudioPool: 65d2a3a778887e6e65d2a3a778887e6e -> 
  custom:DOTSType/Unity.Physics.DummyColliderFakesComponent`1[[Unity.Physics.SphereCollider, Unity.Physics, Version=0.0.0.0, Culture=neutral, PublicKeyToken=null]]: 4818ec4955a46c414818ec4955a46c41 -> 
  custom:DOTSType/Unity.Transforms.Parent: 00b45826652a5ec600b45826652a5ec6 -> 
  custom:DOTSType/Unity.Physics.PhysicsCollider: 00548c0f8c0147a000548c0f8c0147a0 -> 
  custom:DOTSType/Unity.Physics.Authoring.PhysicsRootBaked: a150145af5348f6da150145af5348f6d -> 
  custom:DOTSType/Unity.Scenes.ResolveSceneReferenceSystem+AssetDependencyTrackerState: b2d132c8f66d836db2d132c8f66d836d -> 
  custom:DOTSType/Unity.Entities.CompanionLinkTransform: e392322015c13880e392322015c13880 -> 
  custom:DOTSType/Unity.Entities.Serialization.DotsSerialization+RevisionedRawDataNode: 7e711ae70d27259d7e711ae70d27259d -> 
  custom:CustomObjectIndexerAttribute: 9a22284fe3817be447336de3de66b15e -> 
  custom:DOTSType/Tanks.Projectile: 620e548336351b1d620e548336351b1d -> 
  custom:DOTSType/Unity.Physics.GraphicsIntegration.MostRecentFixedTime: 6c4396236e6646a76c4396236e6646a7 -> 
  custom:DOTSType/UnityEngine.ParticleSystem: 28fa60303afd747328fa60303afd7473 -> 
  custom:DOTSType/Unity.Physics.DummyColliderFakesComponent`1[[Unity.Physics.ConvexCollider, Unity.Physics, Version=0.0.0.0, Culture=neutral, PublicKeyToken=null]]: d00615a7bde8681ed00615a7bde8681e -> 
  custom:DOTSType/Unity.Physics.DummyColliderFakesComponent`1[[Unity.Physics.MeshCollider, Unity.Physics, Version=0.0.0.0, Culture=neutral, PublicKeyToken=null]]: 52b224b25d7c5a2552b224b25d7c5a25 -> 
  custom:container-demuxer-webm: 4f35f7cbe854078d1ac9338744f61a02 -> 
  custom:DOTSType/Unity.Entities.PrefabRoot: ea04b60a31090316ea04b60a31090316 -> 
  custom:DOTSType/Unity.Entities.RequestSceneLoaded: 62c081c918aff6ee62c081c918aff6ee -> 
  custom:DOTSType/Unity.Entities.BeginPresentationEntityCommandBufferSystem+Singleton: cbef056a920a5eadcbef056a920a5ead -> 
  custom:DOTSType/Unity.Entities.ChunkHeader: 490bb3205bb29fe6490bb3205bb29fe6 -> 
  custom:DOTSType/Unity.Scenes.IsSectionLoaded: 2e3c12f14f7600232e3c12f14f760023 -> 
  custom:DOTSType/Unity.Entities.Editor.SystemInfo: e869e7d857e70a99e869e7d857e70a99 -> 
  custom:DOTSType/Zenject.MonoInstaller: d4f508a97531178fd4f508a97531178f -> 
  custom:DOTSType/Unity.Entities.WorldTimeQueue: 48ce29752c66702348ce29752c667023 -> 
  custom:DOTSType/Unity.Entities.StaticOptimizeEntity: 346cca765bf51c72346cca765bf51c72 -> 
  custom:DOTSType/Unity.Entities.SectionMetadataSetup: 75ea136fdb0e54ba75ea136fdb0e54ba -> 
  custom:DOTSType/Tanks.ProjectilePool: ae6caa17fe3924ceae6caa17fe3924ce -> 
  custom:DOTSType/Unity.Scenes.SceneSectionReferencedUnityObjects: 2797689ad57679a22797689ad57679a2 -> 
  custom:DOTSType/Unity.Physics.Editor.PhysicsStepAuthoringEditor: b0470546a7982481b0470546a7982481 -> 
  custom:DOTSType/Unity.Physics.GraphicsIntegration.PhysicsRenderEntity: 17b73fa380da9cf517b73fa380da9cf5 -> 
  custom:DOTSType/Unity.Entities.Hybrid.Baking.LinkedEntityGroupBakingData: cd33507256493e18cd33507256493e18 -> 
  custom:DOTSType/UnityEngine.LODGroup: 15ad22bb5260348e15ad22bb5260348e -> 
  custom:DOTSType/Tanks.BaseInputController: 7c3584087687be277c3584087687be27 -> 
  custom:DOTSType/Unity.Entities.Editor.HierarchySelectionContext: eb8c02bbb8571091eb8c02bbb8571091 -> 
  custom:DOTSType/Unity.Physics.DummyColliderFakesComponent`1[[Unity.Physics.CompoundCollider, Unity.Physics, Version=0.0.0.0, Culture=neutral, PublicKeyToken=null]]: f0b0c805df9aab48f0b0c805df9aab48 -> 
  custom:DOTSType/Unity.Physics.Authoring.PhysicsColliderAuthoringData: 237ab57c84eb023d237ab57c84eb023d -> 
  custom:DOTSType/Unity.Entities.Entity: 295b0c964d12026f295b0c964d12026f -> 
  custom:DOTSType/Unity.Physics.DummyColliderFakesComponent`1[[Unity.Physics.TerrainCollider, Unity.Physics, Version=0.0.0.0, Culture=neutral, PublicKeyToken=null]]: 76d2966f42dff4df76d2966f42dff4df -> 
  custom:DOTSType/Unity.Scenes.PublicEntityRef: b380cfe1712d4500b380cfe1712d4500 -> 
  custom:DOTSType/Unity.Entities.Asset: 5205195e4c6bea1c5205195e4c6bea1c -> 
  custom:DOTSType/Unity.Physics.GraphicsIntegration.PhysicsGraphicalSmoothing: 1a649a11034ac6061a649a11034ac606 -> 
  custom:DOTSType/Unity.Physics.Systems.PhysicsAnalyticsSingleton: 261d1a0e3f762c88261d1a0e3f762c88 -> 
  custom:DOTSType/Unity.Physics.PhysicsTemporalCoherenceInfo: dd862a3ef5746267dd862a3ef5746267 -> 
  custom:DOTSType/Tanks.EffectPoolContainer: bf19857e7a596a2bbf19857e7a596a2b -> 
  custom:DOTSType/Unity.Physics.PhysicsStep: 4ca665c06bcf89ca4ca665c06bcf89ca -> 
  custom:DOTSType/UnityEngine.TextMesh: 6784c791d05273aa6784c791d05273aa -> 
  custom:DOTSType/Unity.Entities.CompanionGameObjectActiveCleanup: 4ff09409f1cce51f4ff09409f1cce51f -> 
  custom:DOTSType/Tanks.ReloadIndicator: 83d1d641d15e1d5483d1d641d15e1d54 -> 
  custom:DOTSType/Zenject.RunnableContext: f37beb99d06e39fbf37beb99d06e39fb -> 
  custom:DOTSType/Unity.Physics.Authoring.PhysicsDebugDisplayData: 0cdccf70b9e5e20d0cdccf70b9e5e20d -> 
  custom:DOTSType/Unity.Scenes.AssetObjectManifest: 84d682f40d46c88184d682f40d46c881 -> 
  custom:DOTSType/Unity.Entities.PostLoadCommandBuffer: d658541e4a41540dd658541e4a41540d -> 
  custom:DOTSType/Unity.Entities.Editor.ArchetypeInfo: b8b1bbcc600f6437b8b1bbcc600f6437 -> 
  custom:DOTSType/Tanks.Interface.Speedometer: 158cdf1f7f3d0d9c158cdf1f7f3d0d9c -> 
  custom:DOTSType/Tanks.BattleRam: 87a27f4ae62d951387a27f4ae62d9513 -> 
  custom:DOTSType/UnityEngine.BoxCollider: 8e5b85c4fec088d48e5b85c4fec088d4 -> 
  custom:DOTSType/Unity.Entities.Serialization.ExternalEntityReference: 415f45c8b00c90a4415f45c8b00c90a4 -> 
  custom:DOTSType/Unity.Entities.SceneSectionComponent: 22f65411cbba718222f65411cbba7182 -> 
  custom:DOTSType/Unity.Scenes.PrefabLoadResult: 71615367c37f030371615367c37f0303 -> 
  custom:DOTSType/Unity.Scenes.SceneSectionStreamingSystem+StreamingState: 7014161ec3350ad07014161ec3350ad0 -> 
  custom:DOTSType/Unity.Entities.Editor.UnsupportedEntityEditor: f4c4238e5d78020af4c4238e5d78020a -> 
  custom:DOTSType/Unity.Scenes.ResolvedSectionEntity: e83509e6ef73df7ae83509e6ef73df7a -> 
  custom:DOTSType/Unity.Scenes.DisableSceneResolveAndLoad: 41c98fa73f31b21a41c98fa73f31b21a -> 
  custom:DOTSType/Unity.Entities.LinkedEntityGroup: c1b61ecd5260e852c1b61ecd5260e852 -> 
  custom:DOTSType/Unity.Physics.Authoring.RigidbodyBakingData: 66caf1f3818b52fc66caf1f3818b52fc -> 
  custom:DOTSType/Zenject.ScriptableObjectInstaller: 47201fb43b11147d47201fb43b11147d -> 
  custom:DOTSType/Unity.Physics.Authoring.DetailedStaticMeshCollisionAuthoring: 35a7576e30820a5e35a7576e30820a5e -> 
  custom:DOTSType/Unity.Entities.Editor.UnsupportedGameObjectEditor: 5cff923fd1c387e15cff923fd1c387e1 -> 
  custom:DOTSType/Tanks.CinemachineInputCustomProvider: 53bf68681542a65453bf68681542a654 -> 
  custom:DOTSType/Zenject.SceneContext: 30c70a59093b925c30c70a59093b925c -> 
  custom:DOTSType/UnityEngine.MeshRenderer: 77aa4cb33b84a90377aa4cb33b84a903 -> 
  custom:DOTSType/Unity.Physics.Authoring.BakeStaticRoot: ac81d98288eb78feac81d98288eb78fe -> 
  custom:DOTSType/Unity.Entities.Serialization.DotsSerialization+StringTableNode: db9aacf636d95b56db9aacf636d95b56 -> 
  custom:DOTSType/Zenject.SceneContextEditor: f5ac3d9288ab62bbf5ac3d9288ab62bb -> 
  custom:DOTSType/Unity.Entities.Disabled: ea10d702b0a42592ea10d702b0a42592 -> 
  custom:DOTSType/Unity.Entities.Editor.EntityEditor: 4502e3ccdb7ac0e04502e3ccdb7ac0e0 -> 
  custom:DOTSType/Unity.Physics.Systems.BroadphaseData: cf796e61bbb1c05fcf796e61bbb1c05f -> 
  custom:DOTSType/Unity.Entities.Editor.ArchetypesWindow: bde482c89698b5c7bde482c89698b5c7 -> 
  custom:DOTSType/Unity.Physics.PhysicsMass: dd66b9b7945f3ac7dd66b9b7945f3ac7 -> 
  custom:DOTSType/Unity.Physics.Systems.BuildPhysicsWorldData: 403d401e5c7292c3403d401e5c7292c3 -> 
  custom:DOTSType/Unity.Scenes.SceneBoundingVolume: 3407604aa951263f3407604aa951263f -> 
  custom:video-encoder-webm-vp8: eb34c28f22e8b96e1ab97ce403110664 -> 
  custom:DOTSType/Unity.Physics.Authoring.PhysicsColliderBakedData: 4b51dd6d702fa42d4b51dd6d702fa42d -> 
  custom:DOTSType/UnityEngine.SphereCollider: 82c25a73f4a3118382c25a73f4a31183 -> 
  custom:DOTSType/Unity.Scenes.SubScene: ac4196b7e94e44ecac4196b7e94e44ec -> 
  custom:DOTSType/Unity.Physics.DummyColliderFakesComponent`1[[Unity.Physics.Collider, Unity.Physics, Version=0.0.0.0, Culture=neutral, PublicKeyToken=null]]: 9b1dfcaf09a3b4529b1dfcaf09a3b452 -> 
  custom:DOTSType/Unity.Entities.Editor.HierarchyEntityChangeTracker+UnusedTag: e99f3a5fcb8d8012e99f3a5fcb8d8012 -> 
  custom:DOTSType/Unity.Physics.PhysicsMassOverride: 6fcef11ae9d1bc306fcef11ae9d1bc30 -> 
  custom:DOTSType/Unity.Entities.BlobAssetOwner: c83c63163f833390c83c63163f833390 -> 
  custom:DOTSType/Zenject.CheatSheet+Foo: 818256864703f221818256864703f221 -> 
  custom:DOTSType/Unity.Physics.Authoring.CustomPhysicsBodyTagNames: cf633e3d702fe67dcf633e3d702fe67d -> 
  custom:DOTSType/UnityEngine.CapsuleCollider: be84ea475def5c96be84ea475def5c96 -> 
  custom:DOTSType/Unity.Physics.PhysicsTemporalCoherenceTag: 078e815b3514dfd3078e815b3514dfd3 -> 
  custom:DOTSType/Unity.Entities.Editor.JournalManagerWrapperEditor: cb69e60b3422ccebcb69e60b3422cceb -> 
  custom:DOTSType/Unity.Entities.SceneReference: 93a995b4b28fc25393a995b4b28fc253 -> 
  custom:DOTSType/Unity.Entities.Editor.UnsupportedPrefabEntityEditor: 42b92ebb8c8886cf42b92ebb8c8886cf -> 
  custom:DOTSType/Unity.Entities.Serialization.DotsSerialization+NodeHeader: 2a912a6fdedc77ae2a912a6fdedc77ae -> 
  custom:DOTSType/Zenject.ZenAutoInjecter: 778eb5667a6355bc778eb5667a6355bc -> 
  custom:DOTSType/Unity.Entities.SceneSection: bdba69731fc8f3e7bdba69731fc8f3e7 -> 
  custom:DOTSType/Tanks.Patrol: af24d179ee3e03f0af24d179ee3e03f0 -> 
  custom:DOTSType/Unity.Physics.DummyColliderFakesComponent`1[[Unity.Physics.BoxCollider, Unity.Physics, Version=0.0.0.0, Culture=neutral, PublicKeyToken=null]]: f425b7fd66e06988f425b7fd66e06988 -> 
  custom:DOTSType/Unity.Entities.TransformAuthoring: d03322d6827741e8d03322d6827741e8 -> 
  custom:DOTSType/Zenject.ProjectKernel: efdc3d3e4e17fb07efdc3d3e4e17fb07 -> 
  custom:DOTSType/Tanks.TransmissionSettings: b0a3fa15cf2503fcb0a3fa15cf2503fc -> 
  custom:DOTSType/UnityEngine.ParticleSystemRenderer: 818ef389bd33d482818ef389bd33d482 -> 
  custom:DOTSType/Unity.Entities.BeginSimulationEntityCommandBufferSystem+Singleton: 5406e750b86f24a55406e750b86f24a5 -> 
  custom:DOTSType/Unity.Scenes.Editor.GlobalEntitiesDependencyInspector: 3df09afcbb66d7bb3df09afcbb66d7bb -> 
========================================================================
Received Prepare
Assembly reference Packages/com.unity.entities/Unity.Scenes.Editor/Internals/Properties/Unity.Properties.Internals.asmref has no target assembly definition
Assembly reference Packages/com.unity.entities/Unity.Scenes.Editor/Internals/Properties/Unity.Properties.Internals.asmref has no target assembly definition
Begin MonoManager ReloadAssembly
- Loaded All Assemblies, in  0.920 seconds
Refreshing native plugins compatible for Editor in 8.98 ms, found 5 plugins.
Native extension for WindowsStandalone target not found
Assembly reference Packages/com.unity.entities/Unity.Scenes.Editor/Internals/Properties/Unity.Properties.Internals.asmref has no target assembly definition
TypeManager.Initialize took: 350ms
Mono: successfully reloaded assembly
- Finished resetting the current domain, in  3.074 seconds
Domain Reload Profiling: 3991ms
	BeginReloadAssembly (277ms)
		ExecutionOrderSort (0ms)
		DisableScriptedObjects (8ms)
		BackupInstance (0ms)
		ReleaseScriptingObjects (0ms)
		CreateAndSetChildDomain (96ms)
	RebuildCommonClasses (49ms)
	RebuildNativeTypeToScriptingClass (17ms)
	initialDomainReloadingComplete (63ms)
	LoadAllAssembliesAndSetupDomain (511ms)
		LoadAssemblies (606ms)
		RebuildTransferFunctionScriptingTraits (0ms)
		AnalyzeDomain (30ms)
			TypeCache.Refresh (9ms)
				TypeCache.ScanAssembly (0ms)
			ScanForSourceGeneratedMonoScriptInfo (0ms)
			ResolveRequiredComponents (16ms)
	FinalizeReload (3075ms)
		ReleaseScriptCaches (0ms)
		RebuildScriptCaches (0ms)
		SetupLoadedEditorAssemblies (2179ms)
			LogAssemblyErrors (0ms)
			InitializePlatformSupportModulesInManaged (9ms)
			SetLoadedEditorAssemblies (11ms)
			RefreshPlugins (0ms)
			BeforeProcessingInitializeOnLoad (300ms)
			ProcessInitializeOnLoadAttributes (1366ms)
			ProcessInitializeOnLoadMethodAttributes (479ms)
			AfterProcessingInitializeOnLoad (13ms)
			EditorAssembliesLoaded (1ms)
		ExecutionOrderSort2 (0ms)
		AwakeInstancesAfterBackupRestoration (12ms)
Refreshing native plugins compatible for Editor in 10.40 ms, found 5 plugins.
Preloading 0 native plugins for Editor in 0.00 ms.
Unloading 6859 Unused Serialized files (Serialized files now loaded: 0)
Unloading 95 unused Assets / (123.6 KB). Loaded Objects now: 7325.
Memory consumption went from 220.9 MB to 220.8 MB.
Total: 7.586500 ms (FindLiveObjects: 0.769000 ms CreateObjectMapping: 0.974000 ms MarkObjects: 5.668600 ms  DeleteObjects: 0.173700 ms)

Unloading 0 Unused Serialized files (Serialized files now loaded: 0)
Unloading 0 unused Assets / (154.4 KB). Loaded Objects now: 7325.
Memory consumption went from 220.7 MB to 220.5 MB.
Total: 7.624000 ms (FindLiveObjects: 0.724500 ms CreateObjectMapping: 0.768400 ms MarkObjects: 6.037200 ms  DeleteObjects: 0.092500 ms)

Prepare: number of updated asset objects reloaded= 0
AssetImportParameters requested are different than current active one (requested -> active):
  custom:DOTSType/Zenject.MonoInstallerBase: 95f86c107dc723fe95f86c107dc723fe -> 
  custom:DOTSType/Unity.Entities.EntityGuid: 8e99211435a26d668e99211435a26d66 -> 
  custom:DOTSType/Tanks.TurretController: e7fde51fa66b4c5ee7fde51fa66b4c5e -> 
  custom:DOTSType/Unity.Entities.DefaultWorldInitializationProxy: 3bc53c9cad9070363bc53c9cad907036 -> 
  custom:container-demuxer-ogg: 62fdf1f143b41e24485cea50d1cbac27 -> 
  custom:DOTSType/Zenject.Internal.DefaultSceneContractConfig: a78f29ab0132239ca78f29ab0132239c -> 
  custom:DOTSType/Unity.Physics.EnsureUniqueColliderBlobTag: 3e3264c9c7497b3b3e3264c9c7497b3b -> 
  custom:DOTSType/Unity.Scenes.SceneEntityReference: 646ffd19b744bbdb646ffd19b744bbdb -> 
  custom:DOTSType/Unity.Entities.Hybrid.Baking.BakingOnlyEntityAuthoringBaker+BakingOnlyChildren: 9c3cc3aa8ff875949c3cc3aa8ff87594 -> 
  custom:DOTSType/Unity.Entities.EntityManager+IsolateCopiedEntities: 703c8c39c22b63af703c8c39c22b63af -> 
  custom:DOTSType/Unity.Entities.BeginVariableRateSimulationEntityCommandBufferSystem+Singleton: 40006e500ad5800440006e500ad58004 -> 
  custom:DOTSType/UnityEngine.LightProbeProxyVolume: cd06291433fcac4ccd06291433fcac4c -> 
  custom:EntityBinaryFileFormatVersion: b618570c169a919bbb95b4bd7e4084ba -> 
  custom:DOTSType/Unity.Physics.Authoring.DisplayGizmoColliderEdges+DrawWithGizmos: a6749ec75af14c28a6749ec75af14c28 -> 
  custom:DOTSType/Tanks.SkyRotation: 6a30c8e81d68dcd96a30c8e81d68dcd9 -> 
  custom:DOTSType/Unity.Entities.Editor.ComponentInfo: b6911f4bc3b03db5b6911f4bc3b03db5 -> 
  custom:DOTSType/Unity.Entities.BurstCompatibleComponentData: 1d232e8370167ced1d232e8370167ced -> 
  custom:DOTSType/Unity.Entities.RetainBlobAssetPtr: f51a437fde39ac82f51a437fde39ac82 -> 
  custom:DOTSType/Unity.Physics.Authoring.PhysicsStepAuthoring: 29ca86243fe93d3b29ca86243fe93d3b -> 
  custom:DOTSType/Unity.Entities.BakedEntity: 6cda7616df5335d16cda7616df5335d1 -> 
  custom:DOTSType/Unity.Transforms.Static: a08c19e85cdd5a49a08c19e85cdd5a49 -> 
  custom:DOTSType/Unity.Entities.Editor.InvalidEntityEditor: c09028623072dbb6c09028623072dbb6 -> 
  custom:DOTSType/UnityEngine.Collider: e796157eabb2316ee796157eabb2316e -> 
  custom:framework-win-MediaFoundation: 216162199b28c13a410421893ffa2e32 -> 
  custom:DOTSType/UnityEngine.Transform: 3954159e9eb625f23954159e9eb625f2 -> 
  custom:DOTSType/Unity.Physics.Authoring.PhysicsWorldIndexAuthoring: c35779b88bcbf0f5c35779b88bcbf0f5 -> 
  custom:DOTSType/Unity.Scenes.Editor.GameObjectSceneMetaDataImporter: 35c29e171f7f1b1235c29e171f7f1b12 -> 
  custom:DOTSType/Tanks.Wheel: 8000d516241cf2618000d516241cf261 -> 
  custom:DOTSType/Unity.Entities.Editor.EntitySelectionProxy: 640f096afb1dc192640f096afb1dc192 -> 
  custom:DOTSType/Tanks.Tests.TestInputController: da9d7109e7aa2efada9d7109e7aa2efa -> 
  custom:DOTSType/Unity.Entities.OmitLinkedEntityGroupFromPrefabInstance: d5447758848371b8d5447758848371b8 -> 
  custom:DOTSType/Unity.Entities.Editor.HierarchyWindow: 68a3d7f4e81dfa3968a3d7f4e81dfa39 -> 
  custom:DOTSType/Unity.Entities.CleanupEntity: 91c2e7742ff7a40291c2e7742ff7a402 -> 
  custom:DOTSType/Zenject.MonoKernel: ad622fbf2f55726ead622fbf2f55726e -> 
  custom:DOTSType/Zenject.DefaultGameObjectKernel: 4e750c357d05f8164e750c357d05f816 -> 
  custom:DOTSType/Zenject.GameObjectContextEditor: e47fe5c2e2a879a3e47fe5c2e2a879a3 -> 
  custom:DOTSType/Unity.Scenes.RequestSceneHeader: 539e2df9dd1c5383539e2df9dd1c5383 -> 
  custom:DOTSType/Unity.Entities.BakingOnlyEntity: 6d61bb30b0fe96a06d61bb30b0fe96a0 -> 
  custom:DOTSType/UnityEngine.ReflectionProbe: 74c5d94e403ee5bf74c5d94e403ee5bf -> 
  custom:DOTSType/Unity.Physics.Authoring.PhysicsWorldIndexBakingData: eb7993b47224fdb3eb7993b47224fdb3 -> 
  custom:DOTSType/Tanks.TankController: 5fe8cedbca51d9d55fe8cedbca51d9d5 -> 
  custom:DOTSType/Unity.Scenes.Editor.ClearEntitiesCacheWindow: ff5e4942d7943fe4ff5e4942d7943fe4 -> 
  custom:DOTSType/Unity.Entities.Serialization.DotsSerialization+TypeNamesNode: 481f56363f3115ba481f56363f3115ba -> 
  custom:DOTSType/Unity.Entities.Hybrid.Baking.BakingOnlyEntityAuthoring: b00feda2188a9371b00feda2188a9371 -> 
  custom:DOTSType/Unity.Scenes.ResolvedSectionPath: bf9e38f006f83cb7bf9e38f006f83cb7 -> 
  custom:DOTSType/Unity.Deformations.BlendShapeWeight: d26eabb95dfc9b4dd26eabb95dfc9b4d -> 
  custom:DOTSType/Unity.Scenes.ReferencedUnityObjects: b8073d4731436522b8073d4731436522 -> 
  custom:DOTSType/Unity.Physics.Authoring.PhysicsDebugDisplayAuthoring: 048169f5bbaf7cd0048169f5bbaf7cd0 -> 
  custom:DOTSType/Unity.Scenes.Editor.SubSceneInspector: 6e96e553cf64778e6e96e553cf64778e -> 
  custom:DOTSType/Unity.Physics.GraphicsIntegration.SmoothRigidBodiesGraphicalMotion+RigidBodySmoothingWorldIndex: 988440dd19a406ed988440dd19a406ed -> 
  custom:DOTSType/Unity.Physics.PhysicsConstrainedBodyPair: 37ca29e9e58c191137ca29e9e58c1911 -> 
  custom:DOTSType/Unity.Physics.ColliderBlobCleanupData: 18f3eb94199c5e3618f3eb94199c5e36 -> 
  custom:DOTSType/Unity.Physics.PhysicsDamping: 579a7188c5fb1464579a7188c5fb1464 -> 
  custom:container-muxer-webm: aa71ff27fc2769a1b78a27578f13a17b -> 
  custom:DOTSType/Unity.Entities.CompanionGameObjectUpdateTransformCleanup: 0a4e12c25aaf05e00a4e12c25aaf05e0 -> 
  custom:DOTSType/Tanks.Editor.TransmissionSettingsEditor: 5c05f270edf687155c05f270edf68715 -> 
  custom:DOTSType/Unity.Entities.EndSimulationEntityCommandBufferSystem+Singleton: 6cc3a7136f47def06cc3a7136f47def0 -> 
  custom:DOTSType/Unity.Physics.Authoring.PhysicsDebugDisplaySystem+DrawComponent: fbecd1af1d76e089fbecd1af1d76e089 -> 
  custom:video-decoder-webm-vp8: 9c59270c3fd7afecdb556c50c9e8de78 -> 
  custom:DOTSType/Zenject.GuiRenderer: 77a380f71106289e77a380f71106289e -> 
  custom:DOTSType/Zenject.AnimatorMoveHandlerManager: 48d7fbeaa25297da48d7fbeaa25297da -> 
  custom:DOTSType/UnityEngine.GameObject: aef60e3f2ae5ad9aaef60e3f2ae5ad9a -> 
  custom:SearchIndexIgnoredProperties: e643bd26f0fe6173181afceb89e7c659 -> 
  custom:DOTSAllSystemsVersion: ffb3322ebf2cc81fbcc35437f1236753 -> 
  custom:DOTSType/Unity.Physics.GraphicsIntegration.PhysicsGraphicalInterpolationBuffer: 7baea6e725f3208c7baea6e725f3208c -> 
  custom:AudioImporter_EditorPlatform: d09bf68614088b80899f8185d706f6e7 -> 
  custom:DOTSType/Tanks.Interface.CarnageSettings: 06a0f3af603600f206a0f3af603600f2 -> 
  custom:DOTSType/Zenject.ProjectContextEditor: f68c5f17562ef273f68c5f17562ef273 -> 
  custom:DOTSType/Unity.Entities.Serialization.DotsSerialization+FolderNode: 98c33d003d1b152b98c33d003d1b152b -> 
  custom:DOTSType/Unity.Entities.CompanionReference: 4de8f4179bbe96e74de8f4179bbe96e7 -> 
  custom:DOTSType/UnityEngine.VFX.VisualEffect: dc0e74262f371f63dc0e74262f371f63 -> 
  custom:DOTSType/Unity.Entities.Hybrid.Baking.AdditionalEntitiesBakingData: d81e35bf039925b8d81e35bf039925b8 -> 
  custom:DOTSType/UnityEngine.SpriteRenderer: 61a676ec163f72b161a676ec163f72b1 -> 
  custom:DOTSType/Unity.Entities.Editor.JournalingWrapperEditor: 7820ec03259d9ee57820ec03259d9ee5 -> 
  custom:DOTSType/Tanks.Tank.ProjectileTracker: 101b4b340f8400be101b4b340f8400be -> 
  custom:DOTSType/Unity.Deformations.SkinMatrix: 4b50a0962ac5e60d4b50a0962ac5e60d -> 
  custom:DOTSType/Unity.Scenes.WeakAssetReferenceLoadingData: 451a8b20bc4a35f6451a8b20bc4a35f6 -> 
  custom:DOTSType/Unity.Entities.BurstCompatibleSharedComponentData: 6239fcd2cd3b1c316239fcd2cd3b1c31 -> 
  custom:DOTSType/Unity.Physics.PhysicsCustomTags: 7d9dddf48b181c997d9dddf48b181c99 -> 
  custom:DOTSType/Zenject.SceneDecoratorContext: 47847979bf9052df47847979bf9052df -> 
  custom:DOTSType/Unity.Entities.Editor.ArchetypeWrapperEditor: fcd41c2e8cb6c202fcd41c2e8cb6c202 -> 
  custom:DOTSType/Unity.Physics.PhysicsGravityFactor: 8ab51309e4cdebcc8ab51309e4cdebcc -> 
  custom:DOTSType/Tanks.PlayerInputController: eeac7a82da062014eeac7a82da062014 -> 
  custom:DOTSType/Unity.Entities.SceneTag: 7a384971715860367a38497171586036 -> 
  custom:DOTSType/Unity.Physics.Systems.DummySimulationData: e73bf206ed8976b1e73bf206ed8976b1 -> 
  custom:DOTSType/Unity.Physics.CustomPhysicsProxyDriver: d8e4875a8f47327fd8e4875a8f47327f -> 
  custom:DOTSType/Unity.Entities.Editor.InvalidSelectionEditor: bb0f099005812d55bb0f099005812d55 -> 
  custom:DOTSType/Tanks.Interface.CarnageIndicator: 7a2a70789a91028f7a2a70789a91028f -> 
  custom:DOTSType/Unity.Physics.StepInputSingleton: f5a13022ab227cfff5a13022ab227cff -> 
  custom:DOTSType/Unity.Transforms.LocalToWorld: f07e17bb4e08548ef07e17bb4e08548e -> 
  custom:DOTSType/Unity.Entities.Prefab: 8cefcfc0e3366a618cefcfc0e3366a61 -> 
  custom:DOTSType/Unity.Transforms.PreviousParent: f7f96ed2f665f721f7f96ed2f665f721 -> 
  custom:DOTSType/Unity.Entities.EditorRenderData: 23031dfb0b685e0c23031dfb0b685e0c -> 
  custom:DOTSType/Tanks.TankGameInstaller: ab41efd1a1117644ab41efd1a1117644 -> 
  custom:DOTSType/Tanks.Tests.TestCarnageIndicator: c8904b0627773241c8904b0627773241 -> 
  custom:DOTSType/Unity.Entities.Editor.JournalEntry: fa64f1a8d5097849fa64f1a8d5097849 -> 
  custom:DOTSType/Unity.Scenes.GlobalEntitiesDependency: 272e3c9ba12b159e272e3c9ba12b159e -> 
  custom:audio-decoder-ogg-vorbis: bf7c407c2cedff20999df2af8eb42d56 -> 
  custom:ProjectSettings/EntitiesClientSettings.asset: 57fa4463d8597ee36c3803b5983b6213 -> 
  custom:DOTSType/Unity.Entities.RetainBlobAssets: e3007bd0d4f5ba8be3007bd0d4f5ba8b -> 
  custom:DOTSType/Tanks.TankAudioSystem: e0c4f60227f2a2a8e0c4f60227f2a2a8 -> 
  custom:DOTSType/Unity.Scenes.SceneSystemData: 358f9772a0e70c53358f9772a0e70c53 -> 
  custom:DOTSType/Zenject.SceneDecoratorContextEditor: ca86c2fb23338ef7ca86c2fb23338ef7 -> 
  custom:DOTSType/Unity.Physics.PhysicsWorldIndex: 44b485a5651ecbf844b485a5651ecbf8 -> 
  custom:DOTSType/Unity.Entities.EndInitializationEntityCommandBufferSystem+Singleton: 75800829e25c245f75800829e25c245f -> 
  custom:DOTSType/Unity.Entities.Build.EntitiesClientSettings: 379ca95f1f31bbbc379ca95f1f31bbbc -> 
  custom:DOTSType/Zenject.ProjectContext: 73c2192ee2a3347973c2192ee2a33479 -> 
  custom:DOTSType/Zenject.RunnableContextEditor: 761811f71f3da7bc761811f71f3da7bc -> 
  custom:DOTSType/UnityEngine.AudioSource: aed3a424fdd48d59aed3a424fdd48d59 -> 
  custom:DOTSType/Unity.Scenes.RequestEntityPrefabLoaded: fc4092a08e154a96fc4092a08e154a96 -> 
  custom:DOTSType/Unity.Entities.SystemInstance: bb0dfff8e9a48357bb0dfff8e9a48357 -> 
  custom:DOTSType/Unity.Entities.RemoveUnusedEntityInBake: 0973223cb916c16b0973223cb916c16b -> 
  custom:DOTSType/Unity.Entities.EndVariableRateSimulationEntityCommandBufferSystem+Singleton: 78d2450a82ebc20778d2450a82ebc207 -> 
  custom:DOTSType/Unity.Physics.DummyColliderFakesComponent`1[[Unity.Physics.CylinderCollider, Unity.Physics, Version=0.0.0.0, Culture=neutral, PublicKeyToken=null]]: 2d82e9daa82955bf2d82e9daa82955bf -> 
  custom:audio-encoder-webm-vorbis: bf7c407c2cedff20999df2af8eb42d56 -> 
  custom:DOTSType/Unity.Entities.BeginFixedStepSimulationEntityCommandBufferSystem+Singleton: 5857035820ee1e635857035820ee1e63 -> 
  custom:DOTSType/Unity.Physics.PhysicsJointCompanion: 655fde98af64ce94655fde98af64ce94 -> 
  custom:DOTSType/Unity.Scenes.WeakAssetPrefabLoadRequest: b6d72391c4d3d049b6d72391c4d3d049 -> 
  custom:DOTSType/Tanks.Legacy.LegacyTransmissionSettings: 84b2093787e9240c84b2093787e9240c -> 
  custom:DOTSType/Tanks.Legacy.Editor.LegacyTransmissionSettingsEditor: f063a9f322024a22f063a9f322024a22 -> 
  custom:DOTSType/Zenject.ScriptableObjectInstallerBase: 564d9b68561bb94d564d9b68561bb94d -> 
  custom:DOTSType/Unity.Physics.Editor.CustomPhysicsBodyTagNamesEditor: 5e056a649e13a00c5e056a649e13a00c -> 
  custom:DOTSType/Unity.Physics.PhysicsWorldSingleton: 90bad7c95a54d00590bad7c95a54d005 -> 
  custom:DOTSType/Unity.Entities.BurstCompatibleBufferElement: 9256282cac425e579256282cac425e57 -> 
  custom:DOTSType/Unity.Entities.CompanionLink: 4813070be25c6d6a4813070be25c6d6a -> 
  custom:DOTSType/Unity.Physics.DummyColliderFakesComponent`1[[Unity.Physics.PolygonCollider, Unity.Physics, Version=0.0.0.0, Culture=neutral, PublicKeyToken=null]]: 3f38e3dc511d48d23f38e3dc511d48d2 -> 
  custom:SceneMetaDataFileFormatVersion: 18e216f4893c3ae43d5b4b3a88de92ca -> 
  custom:DOTSType/Unity.Entities.Editor.SystemScheduleWindow: dfecb8af58c97f0adfecb8af58c97f0a -> 
  custom:DOTSType/Unity.Physics.PhysicsColliderKeyEntityPair: e3185876db01deade3185876db01dead -> 
  custom:DOTSType/Zenject.ContextEditor: 0791a612a42c17bc0791a612a42c17bc -> 
  custom:DOTSType/Zenject.AnimatorIkHandlerManager: 6bf1f62125213c446bf1f62125213c44 -> 
  custom:DOTSType/Unity.Transforms.LocalTransform: d07f194ee4791f00d07f194ee4791f00 -> 
  custom:DOTSType/Unity.Physics.PhysicsJoint: e49afdd9ec82159fe49afdd9ec82159f -> 
  custom:DOTSType/Unity.Scenes.PrefabAssetReference: 924b87ecab3719ce924b87ecab3719ce -> 
  custom:DOTSType/UnityEngine.Rigidbody: 90d4f52b90e97d3190d4f52b90e97d31 -> 
  custom:DOTSType/Unity.Transforms.PostTransformMatrix: d5b773053bc4fc92d5b773053bc4fc92 -> 
  custom:DOTSType/Unity.Entities.WorldTime: efd6631e6d47e1c0efd6631e6d47e1c0 -> 
  custom:DOTSType/Unity.Entities.Editor.ComponentsWindow: f3a47022486a5e37f3a47022486a5e37 -> 
  custom:DOTSType/Unity.Entities.Editor.JournalManager: bd6303929aef5048bd6303929aef5048 -> 
  custom:DOTSType/Zenject.SceneKernel: 14c92f57ead5fa5a14c92f57ead5fa5a -> 
  custom:DOTSType/Unity.Scenes.Editor.SubSceneImporter: fbc2a6bb48307f94fbc2a6bb48307f94 -> 
  custom:DOTSType/UnityEngine.Light: 47f771faf20222f647f771faf20222f6 -> 
  custom:DOTSType/Unity.Entities.EndFixedStepSimulationEntityCommandBufferSystem+Singleton: 903138f233c08b6f903138f233c08b6f -> 
  custom:DOTSType/Unity.Entities.Hybrid.Baking.LinkedEntityGroupAuthoring: 463b7158f57f2778463b7158f57f2778 -> 
  custom:DOTSType/Unity.Entities.BeginInitializationEntityCommandBufferSystem+Singleton: 1dafdf6276a3f02d1dafdf6276a3f02d -> 
  custom:DOTSType/Unity.Physics.SimulationSingleton: 2c12c15cc1aaefd42c12c15cc1aaefd4 -> 
  custom:DOTSType/Unity.Transforms.Child: 5a0b111d3c5ef1ef5a0b111d3c5ef1ef -> 
  custom:DOTSType/Unity.Entities.Editor.ComponentWrapperEditor: 8a0108ac83962ca58a0108ac83962ca5 -> 
  custom:video-codec-MediaFoundation-h265: 746d11721c4dcdbdad8f713fa42b33f4 -> 
  custom:DOTSType/Unity.Entities.SceneSectionData: eeed08dab67953cbeeed08dab67953cb -> 
  custom:DOTSType/Tanks.EffectPool: b07fd26d384c1aadb07fd26d384c1aad -> 
  custom:DOTSType/Zenject.Context: 7a9b164638a7c5fb7a9b164638a7c5fb -> 
  custom:DOTSType/Unity.Entities.Editor.EntitiesJournalingWindow: fb6228252c0089dcfb6228252c0089dc -> 
  custom:video-decoder-ogg-theora: a1e56fd34408186e4bbccfd4996cb3dc -> 
  custom:DOTSType/Unity.Scenes.ResolvedSceneHash: 10c2d6fb478167a310c2d6fb478167a3 -> 
  custom:DOTSType/Unity.Scenes.SceneSectionStreamingData: 01ac29b86b18dacf01ac29b86b18dacf -> 
  custom:DOTSType/Zenject.ZenjectStateMachineBehaviourAutoInjecter: bc2fa2415d8a8ef6bc2fa2415d8a8ef6 -> 
  custom:DOTSType/Unity.Entities.AdditionalEntityParent: a24d1678b03f0479a24d1678b03f0479 -> 
  custom:DOTSType/Unity.Entities.Simulate: e0c92315ec24632de0c92315ec24632d -> 
  custom:DOTSType/Unity.Physics.PhysicsVelocity: eae7719776411411eae7719776411411 -> 
  custom:DOTSType/Unity.Entities.Editor.SystemWrapperEditor: 8c892c6354f3a3138c892c6354f3a313 -> 
  custom:DOTSType/Unity.Entities.RetainBlobAssetBatchPtr: 14017b765908ee1d14017b765908ee1d -> 
  custom:DOTSType/Zenject.ZenjectBinding: 0569f6cfa9645a6e0569f6cfa9645a6e -> 
  custom:DOTSType/Tanks.Tests.TestCarnageIndicator+TestCarnageIndicatorEditor: a518ed1603ea4192a518ed1603ea4192 -> 
  custom:DOTSType/Unity.Physics.Authoring.CustomPhysicsProxyAuthoring: 90a4b67ea7c61e0c90a4b67ea7c61e0c -> 
  custom:DOTSType/Unity.Physics.Authoring.PhysicsMeshAuthoringData: 07c891dbd84b5d1c07c891dbd84b5d1c -> 
  custom:DOTSType/Unity.Scenes.LiveConversionPatcher+LiveConvertedSceneCleanup: 97dadd0f05dbc86997dadd0f05dbc869 -> 
  custom:DOTSType/UnityEngine.MeshCollider: 745c145fdcf1939e745c145fdcf1939e -> 
  custom:DOTSType/Unity.Physics.Authoring.ForceUniqueColliderAuthoring: 34be871ed7a74d6234be871ed7a74d62 -> 
  custom:DOTSType/Zenject.GameObjectContext: 694c79f9ded4c948694c79f9ded4c948 -> 
  custom:DOTSType/Unity.Physics.DummyColliderFakesComponent`1[[Unity.Physics.CapsuleCollider, Unity.Physics, Version=0.0.0.0, Culture=neutral, PublicKeyToken=null]]: 840aede77f375b4f840aede77f375b4f -> 
  custom:DOTSType/Unity.Physics.Authoring.StaticOptimizePhysicsBaking: f3a03d29cca9ceabf3a03d29cca9ceab -> 
  custom:DOTSType/Unity.Scenes.DisableLiveConversion: 543070e84ec00e2c543070e84ec00e2c -> 
  custom:DOTSType/Unity.Physics.Authoring.PhysicsCompoundData: 41f933035064165d41f933035064165d -> 
  custom:DOTSType/Tanks.AudioPool: 65d2a3a778887e6e65d2a3a778887e6e -> 
  custom:DOTSType/Unity.Physics.DummyColliderFakesComponent`1[[Unity.Physics.SphereCollider, Unity.Physics, Version=0.0.0.0, Culture=neutral, PublicKeyToken=null]]: 4818ec4955a46c414818ec4955a46c41 -> 
  custom:DOTSType/Unity.Transforms.Parent: 00b45826652a5ec600b45826652a5ec6 -> 
  custom:DOTSType/Unity.Physics.PhysicsCollider: 00548c0f8c0147a000548c0f8c0147a0 -> 
  custom:DOTSType/Unity.Physics.Authoring.PhysicsRootBaked: a150145af5348f6da150145af5348f6d -> 
  custom:DOTSType/Unity.Scenes.ResolveSceneReferenceSystem+AssetDependencyTrackerState: b2d132c8f66d836db2d132c8f66d836d -> 
  custom:DOTSType/Unity.Entities.CompanionLinkTransform: e392322015c13880e392322015c13880 -> 
  custom:DOTSType/Unity.Entities.Serialization.DotsSerialization+RevisionedRawDataNode: 7e711ae70d27259d7e711ae70d27259d -> 
  custom:CustomObjectIndexerAttribute: 9a22284fe3817be447336de3de66b15e -> 
  custom:DOTSType/Tanks.Projectile: 620e548336351b1d620e548336351b1d -> 
  custom:DOTSType/Unity.Physics.GraphicsIntegration.MostRecentFixedTime: 6c4396236e6646a76c4396236e6646a7 -> 
  custom:DOTSType/UnityEngine.ParticleSystem: 28fa60303afd747328fa60303afd7473 -> 
  custom:DOTSType/Unity.Physics.DummyColliderFakesComponent`1[[Unity.Physics.ConvexCollider, Unity.Physics, Version=0.0.0.0, Culture=neutral, PublicKeyToken=null]]: d00615a7bde8681ed00615a7bde8681e -> 
  custom:DOTSType/Unity.Physics.DummyColliderFakesComponent`1[[Unity.Physics.MeshCollider, Unity.Physics, Version=0.0.0.0, Culture=neutral, PublicKeyToken=null]]: 52b224b25d7c5a2552b224b25d7c5a25 -> 
  custom:container-demuxer-webm: 4f35f7cbe854078d1ac9338744f61a02 -> 
  custom:DOTSType/Unity.Entities.PrefabRoot: ea04b60a31090316ea04b60a31090316 -> 
  custom:DOTSType/Unity.Entities.RequestSceneLoaded: 62c081c918aff6ee62c081c918aff6ee -> 
  custom:DOTSType/Unity.Entities.BeginPresentationEntityCommandBufferSystem+Singleton: cbef056a920a5eadcbef056a920a5ead -> 
  custom:DOTSType/Unity.Entities.ChunkHeader: 490bb3205bb29fe6490bb3205bb29fe6 -> 
  custom:DOTSType/Unity.Scenes.IsSectionLoaded: 2e3c12f14f7600232e3c12f14f760023 -> 
  custom:DOTSType/Unity.Entities.Editor.SystemInfo: e869e7d857e70a99e869e7d857e70a99 -> 
  custom:DOTSType/Zenject.MonoInstaller: d4f508a97531178fd4f508a97531178f -> 
  custom:DOTSType/Unity.Entities.WorldTimeQueue: 48ce29752c66702348ce29752c667023 -> 
  custom:DOTSType/Unity.Entities.StaticOptimizeEntity: 346cca765bf51c72346cca765bf51c72 -> 
  custom:DOTSType/Unity.Entities.SectionMetadataSetup: 75ea136fdb0e54ba75ea136fdb0e54ba -> 
  custom:DOTSType/Tanks.ProjectilePool: ae6caa17fe3924ceae6caa17fe3924ce -> 
  custom:DOTSType/Unity.Scenes.SceneSectionReferencedUnityObjects: 2797689ad57679a22797689ad57679a2 -> 
  custom:DOTSType/Unity.Physics.Editor.PhysicsStepAuthoringEditor: b0470546a7982481b0470546a7982481 -> 
  custom:DOTSType/Unity.Physics.GraphicsIntegration.PhysicsRenderEntity: 17b73fa380da9cf517b73fa380da9cf5 -> 
  custom:DOTSType/Unity.Entities.Hybrid.Baking.LinkedEntityGroupBakingData: cd33507256493e18cd33507256493e18 -> 
  custom:DOTSType/UnityEngine.LODGroup: 15ad22bb5260348e15ad22bb5260348e -> 
  custom:DOTSType/Tanks.BaseInputController: 7c3584087687be277c3584087687be27 -> 
  custom:DOTSType/Unity.Entities.Editor.HierarchySelectionContext: eb8c02bbb8571091eb8c02bbb8571091 -> 
  custom:DOTSType/Unity.Physics.DummyColliderFakesComponent`1[[Unity.Physics.CompoundCollider, Unity.Physics, Version=0.0.0.0, Culture=neutral, PublicKeyToken=null]]: f0b0c805df9aab48f0b0c805df9aab48 -> 
  custom:DOTSType/Unity.Physics.Authoring.PhysicsColliderAuthoringData: 237ab57c84eb023d237ab57c84eb023d -> 
  custom:DOTSType/Unity.Entities.Entity: 295b0c964d12026f295b0c964d12026f -> 
  custom:DOTSType/Unity.Physics.DummyColliderFakesComponent`1[[Unity.Physics.TerrainCollider, Unity.Physics, Version=0.0.0.0, Culture=neutral, PublicKeyToken=null]]: 76d2966f42dff4df76d2966f42dff4df -> 
  custom:DOTSType/Unity.Scenes.PublicEntityRef: b380cfe1712d4500b380cfe1712d4500 -> 
  custom:DOTSType/Unity.Entities.Asset: 5205195e4c6bea1c5205195e4c6bea1c -> 
  custom:DOTSType/Unity.Physics.GraphicsIntegration.PhysicsGraphicalSmoothing: 1a649a11034ac6061a649a11034ac606 -> 
  custom:DOTSType/Unity.Physics.Systems.PhysicsAnalyticsSingleton: 261d1a0e3f762c88261d1a0e3f762c88 -> 
  custom:DOTSType/Unity.Physics.PhysicsTemporalCoherenceInfo: dd862a3ef5746267dd862a3ef5746267 -> 
  custom:DOTSType/Tanks.EffectPoolContainer: bf19857e7a596a2bbf19857e7a596a2b -> 
  custom:DOTSType/Unity.Physics.PhysicsStep: 4ca665c06bcf89ca4ca665c06bcf89ca -> 
  custom:DOTSType/UnityEngine.TextMesh: 6784c791d05273aa6784c791d05273aa -> 
  custom:DOTSType/Unity.Entities.CompanionGameObjectActiveCleanup: 4ff09409f1cce51f4ff09409f1cce51f -> 
  custom:DOTSType/Tanks.ReloadIndicator: 83d1d641d15e1d5483d1d641d15e1d54 -> 
  custom:DOTSType/Zenject.RunnableContext: f37beb99d06e39fbf37beb99d06e39fb -> 
  custom:DOTSType/Unity.Physics.Authoring.PhysicsDebugDisplayData: 0cdccf70b9e5e20d0cdccf70b9e5e20d -> 
  custom:DOTSType/Unity.Scenes.AssetObjectManifest: 84d682f40d46c88184d682f40d46c881 -> 
  custom:DOTSType/Unity.Entities.PostLoadCommandBuffer: d658541e4a41540dd658541e4a41540d -> 
  custom:DOTSType/Unity.Entities.Editor.ArchetypeInfo: b8b1bbcc600f6437b8b1bbcc600f6437 -> 
  custom:DOTSType/Tanks.Interface.Speedometer: 158cdf1f7f3d0d9c158cdf1f7f3d0d9c -> 
  custom:DOTSType/Tanks.BattleRam: 87a27f4ae62d951387a27f4ae62d9513 -> 
  custom:DOTSType/UnityEngine.BoxCollider: 8e5b85c4fec088d48e5b85c4fec088d4 -> 
  custom:DOTSType/Unity.Entities.Serialization.ExternalEntityReference: 415f45c8b00c90a4415f45c8b00c90a4 -> 
  custom:DOTSType/Unity.Entities.SceneSectionComponent: 22f65411cbba718222f65411cbba7182 -> 
  custom:DOTSType/Unity.Scenes.PrefabLoadResult: 71615367c37f030371615367c37f0303 -> 
  custom:DOTSType/Unity.Scenes.SceneSectionStreamingSystem+StreamingState: 7014161ec3350ad07014161ec3350ad0 -> 
  custom:DOTSType/Unity.Entities.Editor.UnsupportedEntityEditor: f4c4238e5d78020af4c4238e5d78020a -> 
  custom:DOTSType/Unity.Scenes.ResolvedSectionEntity: e83509e6ef73df7ae83509e6ef73df7a -> 
  custom:DOTSType/Unity.Scenes.DisableSceneResolveAndLoad: 41c98fa73f31b21a41c98fa73f31b21a -> 
  custom:DOTSType/Unity.Entities.LinkedEntityGroup: c1b61ecd5260e852c1b61ecd5260e852 -> 
  custom:DOTSType/Unity.Physics.Authoring.RigidbodyBakingData: 66caf1f3818b52fc66caf1f3818b52fc -> 
  custom:DOTSType/Zenject.ScriptableObjectInstaller: 47201fb43b11147d47201fb43b11147d -> 
  custom:DOTSType/Unity.Physics.Authoring.DetailedStaticMeshCollisionAuthoring: 35a7576e30820a5e35a7576e30820a5e -> 
  custom:DOTSType/Unity.Entities.Editor.UnsupportedGameObjectEditor: 5cff923fd1c387e15cff923fd1c387e1 -> 
  custom:DOTSType/Tanks.CinemachineInputCustomProvider: 53bf68681542a65453bf68681542a654 -> 
  custom:DOTSType/Zenject.SceneContext: 30c70a59093b925c30c70a59093b925c -> 
  custom:DOTSType/UnityEngine.MeshRenderer: 77aa4cb33b84a90377aa4cb33b84a903 -> 
  custom:DOTSType/Unity.Physics.Authoring.BakeStaticRoot: ac81d98288eb78feac81d98288eb78fe -> 
  custom:DOTSType/Unity.Entities.Serialization.DotsSerialization+StringTableNode: db9aacf636d95b56db9aacf636d95b56 -> 
  custom:DOTSType/Zenject.SceneContextEditor: f5ac3d9288ab62bbf5ac3d9288ab62bb -> 
  custom:DOTSType/Unity.Entities.Disabled: ea10d702b0a42592ea10d702b0a42592 -> 
  custom:DOTSType/Unity.Entities.Editor.EntityEditor: 4502e3ccdb7ac0e04502e3ccdb7ac0e0 -> 
  custom:DOTSType/Unity.Physics.Systems.BroadphaseData: cf796e61bbb1c05fcf796e61bbb1c05f -> 
  custom:DOTSType/Unity.Entities.Editor.ArchetypesWindow: bde482c89698b5c7bde482c89698b5c7 -> 
  custom:DOTSType/Unity.Physics.PhysicsMass: dd66b9b7945f3ac7dd66b9b7945f3ac7 -> 
  custom:DOTSType/Unity.Physics.Systems.BuildPhysicsWorldData: 403d401e5c7292c3403d401e5c7292c3 -> 
  custom:DOTSType/Unity.Scenes.SceneBoundingVolume: 3407604aa951263f3407604aa951263f -> 
  custom:video-encoder-webm-vp8: eb34c28f22e8b96e1ab97ce403110664 -> 
  custom:DOTSType/Unity.Physics.Authoring.PhysicsColliderBakedData: 4b51dd6d702fa42d4b51dd6d702fa42d -> 
  custom:DOTSType/UnityEngine.SphereCollider: 82c25a73f4a3118382c25a73f4a31183 -> 
  custom:DOTSType/Unity.Scenes.SubScene: ac4196b7e94e44ecac4196b7e94e44ec -> 
  custom:DOTSType/Unity.Physics.DummyColliderFakesComponent`1[[Unity.Physics.Collider, Unity.Physics, Version=0.0.0.0, Culture=neutral, PublicKeyToken=null]]: 9b1dfcaf09a3b4529b1dfcaf09a3b452 -> 
  custom:DOTSType/Unity.Entities.Editor.HierarchyEntityChangeTracker+UnusedTag: e99f3a5fcb8d8012e99f3a5fcb8d8012 -> 
  custom:DOTSType/Unity.Physics.PhysicsMassOverride: 6fcef11ae9d1bc306fcef11ae9d1bc30 -> 
  custom:DOTSType/Unity.Entities.BlobAssetOwner: c83c63163f833390c83c63163f833390 -> 
  custom:DOTSType/Zenject.CheatSheet+Foo: 818256864703f221818256864703f221 -> 
  custom:DOTSType/Unity.Physics.Authoring.CustomPhysicsBodyTagNames: cf633e3d702fe67dcf633e3d702fe67d -> 
  custom:DOTSType/UnityEngine.CapsuleCollider: be84ea475def5c96be84ea475def5c96 -> 
  custom:DOTSType/Unity.Physics.PhysicsTemporalCoherenceTag: 078e815b3514dfd3078e815b3514dfd3 -> 
  custom:DOTSType/Unity.Entities.Editor.JournalManagerWrapperEditor: cb69e60b3422ccebcb69e60b3422cceb -> 
  custom:DOTSType/Unity.Entities.SceneReference: 93a995b4b28fc25393a995b4b28fc253 -> 
  custom:DOTSType/Unity.Entities.Editor.UnsupportedPrefabEntityEditor: 42b92ebb8c8886cf42b92ebb8c8886cf -> 
  custom:DOTSType/Unity.Entities.Serialization.DotsSerialization+NodeHeader: 2a912a6fdedc77ae2a912a6fdedc77ae -> 
  custom:DOTSType/Zenject.ZenAutoInjecter: 778eb5667a6355bc778eb5667a6355bc -> 
  custom:DOTSType/Unity.Entities.SceneSection: bdba69731fc8f3e7bdba69731fc8f3e7 -> 
  custom:DOTSType/Tanks.Patrol: af24d179ee3e03f0af24d179ee3e03f0 -> 
  custom:DOTSType/Unity.Physics.DummyColliderFakesComponent`1[[Unity.Physics.BoxCollider, Unity.Physics, Version=0.0.0.0, Culture=neutral, PublicKeyToken=null]]: f425b7fd66e06988f425b7fd66e06988 -> 
  custom:DOTSType/Unity.Entities.TransformAuthoring: d03322d6827741e8d03322d6827741e8 -> 
  custom:DOTSType/Zenject.ProjectKernel: efdc3d3e4e17fb07efdc3d3e4e17fb07 -> 
  custom:DOTSType/Tanks.TransmissionSettings: b0a3fa15cf2503fcb0a3fa15cf2503fc -> 
  custom:DOTSType/UnityEngine.ParticleSystemRenderer: 818ef389bd33d482818ef389bd33d482 -> 
  custom:DOTSType/Unity.Entities.BeginSimulationEntityCommandBufferSystem+Singleton: 5406e750b86f24a55406e750b86f24a5 -> 
  custom:DOTSType/Unity.Scenes.Editor.GlobalEntitiesDependencyInspector: 3df09afcbb66d7bb3df09afcbb66d7bb -> 
========================================================================
Received Prepare
Assembly reference Packages/com.unity.entities/Unity.Scenes.Editor/Internals/Properties/Unity.Properties.Internals.asmref has no target assembly definition
Assembly reference Packages/com.unity.entities/Unity.Scenes.Editor/Internals/Properties/Unity.Properties.Internals.asmref has no target assembly definition
Begin MonoManager ReloadAssembly
- Loaded All Assemblies, in  0.957 seconds
Refreshing native plugins compatible for Editor in 11.60 ms, found 5 plugins.
Native extension for WindowsStandalone target not found
Assembly reference Packages/com.unity.entities/Unity.Scenes.Editor/Internals/Properties/Unity.Properties.Internals.asmref has no target assembly definition
TypeManager.Initialize took: 256ms
Mono: successfully reloaded assembly
- Finished resetting the current domain, in  2.612 seconds
Domain Reload Profiling: 3563ms
	BeginReloadAssembly (276ms)
		ExecutionOrderSort (0ms)
		DisableScriptedObjects (11ms)
		BackupInstance (0ms)
		ReleaseScriptingObjects (0ms)
		CreateAndSetChildDomain (93ms)
	RebuildCommonClasses (49ms)
	RebuildNativeTypeToScriptingClass (25ms)
	initialDomainReloadingComplete (64ms)
	LoadAllAssembliesAndSetupDomain (536ms)
		LoadAssemblies (638ms)
		RebuildTransferFunctionScriptingTraits (0ms)
		AnalyzeDomain (28ms)
			TypeCache.Refresh (11ms)
				TypeCache.ScanAssembly (0ms)
			ScanForSourceGeneratedMonoScriptInfo (0ms)
			ResolveRequiredComponents (14ms)
	FinalizeReload (2613ms)
		ReleaseScriptCaches (0ms)
		RebuildScriptCaches (0ms)
		SetupLoadedEditorAssemblies (1737ms)
			LogAssemblyErrors (0ms)
			InitializePlatformSupportModulesInManaged (9ms)
			SetLoadedEditorAssemblies (12ms)
			RefreshPlugins (0ms)
			BeforeProcessingInitializeOnLoad (281ms)
			ProcessInitializeOnLoadAttributes (1120ms)
			ProcessInitializeOnLoadMethodAttributes (305ms)
			AfterProcessingInitializeOnLoad (10ms)
			EditorAssembliesLoaded (1ms)
		ExecutionOrderSort2 (0ms)
		AwakeInstancesAfterBackupRestoration (7ms)
Refreshing native plugins compatible for Editor in 12.33 ms, found 5 plugins.
Preloading 0 native plugins for Editor in 0.00 ms.
Unloading 6859 Unused Serialized files (Serialized files now loaded: 0)
Unloading 95 unused Assets / (123.5 KB). Loaded Objects now: 7326.
Memory consumption went from 220.9 MB to 220.8 MB.
Total: 10.256600 ms (FindLiveObjects: 0.815400 ms CreateObjectMapping: 1.727600 ms MarkObjects: 7.497500 ms  DeleteObjects: 0.214300 ms)

Unloading 0 Unused Serialized files (Serialized files now loaded: 0)
Unloading 0 unused Assets / (145.6 KB). Loaded Objects now: 7326.
Memory consumption went from 220.7 MB to 220.5 MB.
Total: 8.179100 ms (FindLiveObjects: 0.864500 ms CreateObjectMapping: 0.920500 ms MarkObjects: 6.283800 ms  DeleteObjects: 0.109100 ms)

Prepare: number of updated asset objects reloaded= 0
AssetImportParameters requested are different than current active one (requested -> active):
  custom:DOTSType/Zenject.MonoInstallerBase: 95f86c107dc723fe95f86c107dc723fe -> 
  custom:DOTSType/Unity.Entities.EntityGuid: 8e99211435a26d668e99211435a26d66 -> 
  custom:DOTSType/Tanks.TurretController: e7fde51fa66b4c5ee7fde51fa66b4c5e -> 
  custom:DOTSType/Unity.Entities.DefaultWorldInitializationProxy: 3bc53c9cad9070363bc53c9cad907036 -> 
  custom:container-demuxer-ogg: 62fdf1f143b41e24485cea50d1cbac27 -> 
  custom:DOTSType/Zenject.Internal.DefaultSceneContractConfig: a78f29ab0132239ca78f29ab0132239c -> 
  custom:DOTSType/Unity.Physics.EnsureUniqueColliderBlobTag: 3e3264c9c7497b3b3e3264c9c7497b3b -> 
  custom:DOTSType/Unity.Scenes.SceneEntityReference: 646ffd19b744bbdb646ffd19b744bbdb -> 
  custom:DOTSType/Unity.Entities.Hybrid.Baking.BakingOnlyEntityAuthoringBaker+BakingOnlyChildren: 9c3cc3aa8ff875949c3cc3aa8ff87594 -> 
  custom:DOTSType/Unity.Entities.EntityManager+IsolateCopiedEntities: 703c8c39c22b63af703c8c39c22b63af -> 
  custom:DOTSType/Unity.Entities.BeginVariableRateSimulationEntityCommandBufferSystem+Singleton: 40006e500ad5800440006e500ad58004 -> 
  custom:DOTSType/UnityEngine.LightProbeProxyVolume: cd06291433fcac4ccd06291433fcac4c -> 
  custom:EntityBinaryFileFormatVersion: b618570c169a919bbb95b4bd7e4084ba -> 
  custom:DOTSType/Unity.Physics.Authoring.DisplayGizmoColliderEdges+DrawWithGizmos: a6749ec75af14c28a6749ec75af14c28 -> 
  custom:DOTSType/Tanks.SkyRotation: 6a30c8e81d68dcd96a30c8e81d68dcd9 -> 
  custom:DOTSType/Unity.Entities.Editor.ComponentInfo: b6911f4bc3b03db5b6911f4bc3b03db5 -> 
  custom:DOTSType/Unity.Entities.BurstCompatibleComponentData: 1d232e8370167ced1d232e8370167ced -> 
  custom:DOTSType/Unity.Entities.RetainBlobAssetPtr: f51a437fde39ac82f51a437fde39ac82 -> 
  custom:DOTSType/Unity.Physics.Authoring.PhysicsStepAuthoring: 29ca86243fe93d3b29ca86243fe93d3b -> 
  custom:DOTSType/Unity.Entities.BakedEntity: 6cda7616df5335d16cda7616df5335d1 -> 
  custom:DOTSType/Unity.Transforms.Static: a08c19e85cdd5a49a08c19e85cdd5a49 -> 
  custom:DOTSType/Unity.Entities.Editor.InvalidEntityEditor: c09028623072dbb6c09028623072dbb6 -> 
  custom:DOTSType/UnityEngine.Collider: e796157eabb2316ee796157eabb2316e -> 
  custom:framework-win-MediaFoundation: 216162199b28c13a410421893ffa2e32 -> 
  custom:DOTSType/UnityEngine.Transform: 3954159e9eb625f23954159e9eb625f2 -> 
  custom:DOTSType/Unity.Physics.Authoring.PhysicsWorldIndexAuthoring: c35779b88bcbf0f5c35779b88bcbf0f5 -> 
  custom:DOTSType/Unity.Scenes.Editor.GameObjectSceneMetaDataImporter: 35c29e171f7f1b1235c29e171f7f1b12 -> 
  custom:DOTSType/Tanks.Wheel: 8000d516241cf2618000d516241cf261 -> 
  custom:DOTSType/Unity.Entities.Editor.EntitySelectionProxy: 640f096afb1dc192640f096afb1dc192 -> 
  custom:DOTSType/Tanks.Tests.TestInputController: da9d7109e7aa2efada9d7109e7aa2efa -> 
  custom:DOTSType/Unity.Entities.OmitLinkedEntityGroupFromPrefabInstance: d5447758848371b8d5447758848371b8 -> 
  custom:DOTSType/Unity.Entities.Editor.HierarchyWindow: 68a3d7f4e81dfa3968a3d7f4e81dfa39 -> 
  custom:DOTSType/Unity.Entities.CleanupEntity: 91c2e7742ff7a40291c2e7742ff7a402 -> 
  custom:DOTSType/Zenject.MonoKernel: ad622fbf2f55726ead622fbf2f55726e -> 
  custom:DOTSType/Zenject.DefaultGameObjectKernel: 4e750c357d05f8164e750c357d05f816 -> 
  custom:DOTSType/Zenject.GameObjectContextEditor: e47fe5c2e2a879a3e47fe5c2e2a879a3 -> 
  custom:DOTSType/Unity.Scenes.RequestSceneHeader: 539e2df9dd1c5383539e2df9dd1c5383 -> 
  custom:DOTSType/Unity.Entities.BakingOnlyEntity: 6d61bb30b0fe96a06d61bb30b0fe96a0 -> 
  custom:DOTSType/UnityEngine.ReflectionProbe: 74c5d94e403ee5bf74c5d94e403ee5bf -> 
  custom:DOTSType/Unity.Physics.Authoring.PhysicsWorldIndexBakingData: eb7993b47224fdb3eb7993b47224fdb3 -> 
  custom:DOTSType/Tanks.TankController: 5fe8cedbca51d9d55fe8cedbca51d9d5 -> 
  custom:DOTSType/Unity.Scenes.Editor.ClearEntitiesCacheWindow: ff5e4942d7943fe4ff5e4942d7943fe4 -> 
  custom:DOTSType/Unity.Entities.Serialization.DotsSerialization+TypeNamesNode: 481f56363f3115ba481f56363f3115ba -> 
  custom:DOTSType/Unity.Entities.Hybrid.Baking.BakingOnlyEntityAuthoring: b00feda2188a9371b00feda2188a9371 -> 
  custom:DOTSType/Unity.Scenes.ResolvedSectionPath: bf9e38f006f83cb7bf9e38f006f83cb7 -> 
  custom:DOTSType/Unity.Deformations.BlendShapeWeight: d26eabb95dfc9b4dd26eabb95dfc9b4d -> 
  custom:DOTSType/Unity.Scenes.ReferencedUnityObjects: b8073d4731436522b8073d4731436522 -> 
  custom:DOTSType/Unity.Physics.Authoring.PhysicsDebugDisplayAuthoring: 048169f5bbaf7cd0048169f5bbaf7cd0 -> 
  custom:DOTSType/Unity.Scenes.Editor.SubSceneInspector: 6e96e553cf64778e6e96e553cf64778e -> 
  custom:DOTSType/Unity.Physics.GraphicsIntegration.SmoothRigidBodiesGraphicalMotion+RigidBodySmoothingWorldIndex: 988440dd19a406ed988440dd19a406ed -> 
  custom:DOTSType/Unity.Physics.PhysicsConstrainedBodyPair: 37ca29e9e58c191137ca29e9e58c1911 -> 
  custom:DOTSType/Unity.Physics.ColliderBlobCleanupData: 18f3eb94199c5e3618f3eb94199c5e36 -> 
  custom:DOTSType/Unity.Physics.PhysicsDamping: 579a7188c5fb1464579a7188c5fb1464 -> 
  custom:container-muxer-webm: aa71ff27fc2769a1b78a27578f13a17b -> 
  custom:DOTSType/Unity.Entities.CompanionGameObjectUpdateTransformCleanup: 0a4e12c25aaf05e00a4e12c25aaf05e0 -> 
  custom:DOTSType/Tanks.Editor.TransmissionSettingsEditor: 5c05f270edf687155c05f270edf68715 -> 
  custom:DOTSType/Unity.Entities.EndSimulationEntityCommandBufferSystem+Singleton: 6cc3a7136f47def06cc3a7136f47def0 -> 
  custom:DOTSType/Unity.Physics.Authoring.PhysicsDebugDisplaySystem+DrawComponent: fbecd1af1d76e089fbecd1af1d76e089 -> 
  custom:video-decoder-webm-vp8: 9c59270c3fd7afecdb556c50c9e8de78 -> 
  custom:DOTSType/Zenject.GuiRenderer: 77a380f71106289e77a380f71106289e -> 
  custom:DOTSType/Zenject.AnimatorMoveHandlerManager: 48d7fbeaa25297da48d7fbeaa25297da -> 
  custom:DOTSType/UnityEngine.GameObject: aef60e3f2ae5ad9aaef60e3f2ae5ad9a -> 
  custom:SearchIndexIgnoredProperties: e643bd26f0fe6173181afceb89e7c659 -> 
  custom:DOTSAllSystemsVersion: ffb3322ebf2cc81fbcc35437f1236753 -> 
  custom:DOTSType/Unity.Physics.GraphicsIntegration.PhysicsGraphicalInterpolationBuffer: 7baea6e725f3208c7baea6e725f3208c -> 
  custom:AudioImporter_EditorPlatform: d09bf68614088b80899f8185d706f6e7 -> 
  custom:DOTSType/Tanks.Interface.CarnageSettings: 06a0f3af603600f206a0f3af603600f2 -> 
  custom:DOTSType/Zenject.ProjectContextEditor: f68c5f17562ef273f68c5f17562ef273 -> 
  custom:DOTSType/Unity.Entities.Serialization.DotsSerialization+FolderNode: 98c33d003d1b152b98c33d003d1b152b -> 
  custom:DOTSType/Unity.Entities.CompanionReference: 4de8f4179bbe96e74de8f4179bbe96e7 -> 
  custom:DOTSType/UnityEngine.VFX.VisualEffect: dc0e74262f371f63dc0e74262f371f63 -> 
  custom:DOTSType/Unity.Entities.Hybrid.Baking.AdditionalEntitiesBakingData: d81e35bf039925b8d81e35bf039925b8 -> 
  custom:DOTSType/UnityEngine.SpriteRenderer: 61a676ec163f72b161a676ec163f72b1 -> 
  custom:DOTSType/Unity.Entities.Editor.JournalingWrapperEditor: 7820ec03259d9ee57820ec03259d9ee5 -> 
  custom:DOTSType/Tanks.Tank.ProjectileTracker: 101b4b340f8400be101b4b340f8400be -> 
  custom:DOTSType/Unity.Deformations.SkinMatrix: 4b50a0962ac5e60d4b50a0962ac5e60d -> 
  custom:DOTSType/Unity.Scenes.WeakAssetReferenceLoadingData: 451a8b20bc4a35f6451a8b20bc4a35f6 -> 
  custom:DOTSType/Unity.Entities.BurstCompatibleSharedComponentData: 6239fcd2cd3b1c316239fcd2cd3b1c31 -> 
  custom:DOTSType/Unity.Physics.PhysicsCustomTags: 7d9dddf48b181c997d9dddf48b181c99 -> 
  custom:DOTSType/Zenject.SceneDecoratorContext: 47847979bf9052df47847979bf9052df -> 
  custom:DOTSType/Unity.Entities.Editor.ArchetypeWrapperEditor: fcd41c2e8cb6c202fcd41c2e8cb6c202 -> 
  custom:DOTSType/Unity.Physics.PhysicsGravityFactor: 8ab51309e4cdebcc8ab51309e4cdebcc -> 
  custom:DOTSType/Tanks.PlayerInputController: eeac7a82da062014eeac7a82da062014 -> 
  custom:DOTSType/Unity.Entities.SceneTag: 7a384971715860367a38497171586036 -> 
  custom:DOTSType/Unity.Physics.Systems.DummySimulationData: e73bf206ed8976b1e73bf206ed8976b1 -> 
  custom:DOTSType/Unity.Physics.CustomPhysicsProxyDriver: d8e4875a8f47327fd8e4875a8f47327f -> 
  custom:DOTSType/Unity.Entities.Editor.InvalidSelectionEditor: bb0f099005812d55bb0f099005812d55 -> 
  custom:DOTSType/Tanks.Interface.CarnageIndicator: 7a2a70789a91028f7a2a70789a91028f -> 
  custom:DOTSType/Unity.Physics.StepInputSingleton: f5a13022ab227cfff5a13022ab227cff -> 
  custom:DOTSType/Unity.Transforms.LocalToWorld: f07e17bb4e08548ef07e17bb4e08548e -> 
  custom:DOTSType/Unity.Entities.Prefab: 8cefcfc0e3366a618cefcfc0e3366a61 -> 
  custom:DOTSType/Unity.Transforms.PreviousParent: f7f96ed2f665f721f7f96ed2f665f721 -> 
  custom:DOTSType/Unity.Entities.EditorRenderData: 23031dfb0b685e0c23031dfb0b685e0c -> 
  custom:DOTSType/Tanks.TankGameInstaller: ab41efd1a1117644ab41efd1a1117644 -> 
  custom:DOTSType/Tanks.Tests.TestCarnageIndicator: c8904b0627773241c8904b0627773241 -> 
  custom:DOTSType/Unity.Entities.Editor.JournalEntry: fa64f1a8d5097849fa64f1a8d5097849 -> 
  custom:DOTSType/Unity.Scenes.GlobalEntitiesDependency: 272e3c9ba12b159e272e3c9ba12b159e -> 
  custom:audio-decoder-ogg-vorbis: bf7c407c2cedff20999df2af8eb42d56 -> 
  custom:ProjectSettings/EntitiesClientSettings.asset: 57fa4463d8597ee36c3803b5983b6213 -> 
  custom:DOTSType/Unity.Entities.RetainBlobAssets: e3007bd0d4f5ba8be3007bd0d4f5ba8b -> 
  custom:DOTSType/Tanks.TankAudioSystem: e0c4f60227f2a2a8e0c4f60227f2a2a8 -> 
  custom:DOTSType/Unity.Scenes.SceneSystemData: 358f9772a0e70c53358f9772a0e70c53 -> 
  custom:DOTSType/Zenject.SceneDecoratorContextEditor: ca86c2fb23338ef7ca86c2fb23338ef7 -> 
  custom:DOTSType/Unity.Physics.PhysicsWorldIndex: 44b485a5651ecbf844b485a5651ecbf8 -> 
  custom:DOTSType/Unity.Entities.EndInitializationEntityCommandBufferSystem+Singleton: 75800829e25c245f75800829e25c245f -> 
  custom:DOTSType/Unity.Entities.Build.EntitiesClientSettings: 379ca95f1f31bbbc379ca95f1f31bbbc -> 
  custom:DOTSType/Zenject.ProjectContext: 73c2192ee2a3347973c2192ee2a33479 -> 
  custom:DOTSType/Zenject.RunnableContextEditor: 761811f71f3da7bc761811f71f3da7bc -> 
  custom:DOTSType/UnityEngine.AudioSource: aed3a424fdd48d59aed3a424fdd48d59 -> 
  custom:DOTSType/Unity.Scenes.RequestEntityPrefabLoaded: fc4092a08e154a96fc4092a08e154a96 -> 
  custom:DOTSType/Unity.Entities.SystemInstance: bb0dfff8e9a48357bb0dfff8e9a48357 -> 
  custom:DOTSType/Unity.Entities.RemoveUnusedEntityInBake: 0973223cb916c16b0973223cb916c16b -> 
  custom:DOTSType/Unity.Entities.EndVariableRateSimulationEntityCommandBufferSystem+Singleton: 78d2450a82ebc20778d2450a82ebc207 -> 
  custom:DOTSType/Unity.Physics.DummyColliderFakesComponent`1[[Unity.Physics.CylinderCollider, Unity.Physics, Version=0.0.0.0, Culture=neutral, PublicKeyToken=null]]: 2d82e9daa82955bf2d82e9daa82955bf -> 
  custom:audio-encoder-webm-vorbis: bf7c407c2cedff20999df2af8eb42d56 -> 
  custom:DOTSType/Unity.Entities.BeginFixedStepSimulationEntityCommandBufferSystem+Singleton: 5857035820ee1e635857035820ee1e63 -> 
  custom:DOTSType/Unity.Physics.PhysicsJointCompanion: 655fde98af64ce94655fde98af64ce94 -> 
  custom:DOTSType/Unity.Scenes.WeakAssetPrefabLoadRequest: b6d72391c4d3d049b6d72391c4d3d049 -> 
  custom:DOTSType/Tanks.Legacy.LegacyTransmissionSettings: 84b2093787e9240c84b2093787e9240c -> 
  custom:DOTSType/Tanks.Legacy.Editor.LegacyTransmissionSettingsEditor: f063a9f322024a22f063a9f322024a22 -> 
  custom:DOTSType/Zenject.ScriptableObjectInstallerBase: 564d9b68561bb94d564d9b68561bb94d -> 
  custom:DOTSType/Unity.Physics.Editor.CustomPhysicsBodyTagNamesEditor: 5e056a649e13a00c5e056a649e13a00c -> 
  custom:DOTSType/Unity.Physics.PhysicsWorldSingleton: 90bad7c95a54d00590bad7c95a54d005 -> 
  custom:DOTSType/Unity.Entities.BurstCompatibleBufferElement: 9256282cac425e579256282cac425e57 -> 
  custom:DOTSType/Unity.Entities.CompanionLink: 4813070be25c6d6a4813070be25c6d6a -> 
  custom:DOTSType/Unity.Physics.DummyColliderFakesComponent`1[[Unity.Physics.PolygonCollider, Unity.Physics, Version=0.0.0.0, Culture=neutral, PublicKeyToken=null]]: 3f38e3dc511d48d23f38e3dc511d48d2 -> 
  custom:SceneMetaDataFileFormatVersion: 18e216f4893c3ae43d5b4b3a88de92ca -> 
  custom:DOTSType/Unity.Entities.Editor.SystemScheduleWindow: dfecb8af58c97f0adfecb8af58c97f0a -> 
  custom:DOTSType/Unity.Physics.PhysicsColliderKeyEntityPair: e3185876db01deade3185876db01dead -> 
  custom:DOTSType/Zenject.ContextEditor: 0791a612a42c17bc0791a612a42c17bc -> 
  custom:DOTSType/Zenject.AnimatorIkHandlerManager: 6bf1f62125213c446bf1f62125213c44 -> 
  custom:DOTSType/Unity.Transforms.LocalTransform: d07f194ee4791f00d07f194ee4791f00 -> 
  custom:DOTSType/Unity.Physics.PhysicsJoint: e49afdd9ec82159fe49afdd9ec82159f -> 
  custom:DOTSType/Unity.Scenes.PrefabAssetReference: 924b87ecab3719ce924b87ecab3719ce -> 
  custom:DOTSType/UnityEngine.Rigidbody: 90d4f52b90e97d3190d4f52b90e97d31 -> 
  custom:DOTSType/Unity.Transforms.PostTransformMatrix: d5b773053bc4fc92d5b773053bc4fc92 -> 
  custom:DOTSType/Unity.Entities.WorldTime: efd6631e6d47e1c0efd6631e6d47e1c0 -> 
  custom:DOTSType/Unity.Entities.Editor.ComponentsWindow: f3a47022486a5e37f3a47022486a5e37 -> 
  custom:DOTSType/Unity.Entities.Editor.JournalManager: bd6303929aef5048bd6303929aef5048 -> 
  custom:DOTSType/Zenject.SceneKernel: 14c92f57ead5fa5a14c92f57ead5fa5a -> 
  custom:DOTSType/Unity.Scenes.Editor.SubSceneImporter: fbc2a6bb48307f94fbc2a6bb48307f94 -> 
  custom:DOTSType/UnityEngine.Light: 47f771faf20222f647f771faf20222f6 -> 
  custom:DOTSType/Unity.Entities.EndFixedStepSimulationEntityCommandBufferSystem+Singleton: 903138f233c08b6f903138f233c08b6f -> 
  custom:DOTSType/Unity.Entities.Hybrid.Baking.LinkedEntityGroupAuthoring: 463b7158f57f2778463b7158f57f2778 -> 
  custom:DOTSType/Unity.Entities.BeginInitializationEntityCommandBufferSystem+Singleton: 1dafdf6276a3f02d1dafdf6276a3f02d -> 
  custom:DOTSType/Unity.Physics.SimulationSingleton: 2c12c15cc1aaefd42c12c15cc1aaefd4 -> 
  custom:DOTSType/Unity.Transforms.Child: 5a0b111d3c5ef1ef5a0b111d3c5ef1ef -> 
  custom:DOTSType/Unity.Entities.Editor.ComponentWrapperEditor: 8a0108ac83962ca58a0108ac83962ca5 -> 
  custom:video-codec-MediaFoundation-h265: 746d11721c4dcdbdad8f713fa42b33f4 -> 
  custom:DOTSType/Unity.Entities.SceneSectionData: eeed08dab67953cbeeed08dab67953cb -> 
  custom:DOTSType/Tanks.EffectPool: b07fd26d384c1aadb07fd26d384c1aad -> 
  custom:DOTSType/Zenject.Context: 7a9b164638a7c5fb7a9b164638a7c5fb -> 
  custom:DOTSType/Unity.Entities.Editor.EntitiesJournalingWindow: fb6228252c0089dcfb6228252c0089dc -> 
  custom:video-decoder-ogg-theora: a1e56fd34408186e4bbccfd4996cb3dc -> 
  custom:DOTSType/Unity.Scenes.ResolvedSceneHash: 10c2d6fb478167a310c2d6fb478167a3 -> 
  custom:DOTSType/Unity.Scenes.SceneSectionStreamingData: 01ac29b86b18dacf01ac29b86b18dacf -> 
  custom:DOTSType/Zenject.ZenjectStateMachineBehaviourAutoInjecter: bc2fa2415d8a8ef6bc2fa2415d8a8ef6 -> 
  custom:DOTSType/Unity.Entities.AdditionalEntityParent: a24d1678b03f0479a24d1678b03f0479 -> 
  custom:DOTSType/Unity.Entities.Simulate: e0c92315ec24632de0c92315ec24632d -> 
  custom:DOTSType/Unity.Physics.PhysicsVelocity: eae7719776411411eae7719776411411 -> 
  custom:DOTSType/Unity.Entities.Editor.SystemWrapperEditor: 8c892c6354f3a3138c892c6354f3a313 -> 
  custom:DOTSType/Unity.Entities.RetainBlobAssetBatchPtr: 14017b765908ee1d14017b765908ee1d -> 
  custom:DOTSType/Zenject.ZenjectBinding: 0569f6cfa9645a6e0569f6cfa9645a6e -> 
  custom:DOTSType/Tanks.Tests.TestCarnageIndicator+TestCarnageIndicatorEditor: a518ed1603ea4192a518ed1603ea4192 -> 
  custom:DOTSType/Unity.Physics.Authoring.CustomPhysicsProxyAuthoring: 90a4b67ea7c61e0c90a4b67ea7c61e0c -> 
  custom:DOTSType/Unity.Physics.Authoring.PhysicsMeshAuthoringData: 07c891dbd84b5d1c07c891dbd84b5d1c -> 
  custom:DOTSType/Unity.Scenes.LiveConversionPatcher+LiveConvertedSceneCleanup: 97dadd0f05dbc86997dadd0f05dbc869 -> 
  custom:DOTSType/UnityEngine.MeshCollider: 745c145fdcf1939e745c145fdcf1939e -> 
  custom:DOTSType/Unity.Physics.Authoring.ForceUniqueColliderAuthoring: 34be871ed7a74d6234be871ed7a74d62 -> 
  custom:DOTSType/Zenject.GameObjectContext: 694c79f9ded4c948694c79f9ded4c948 -> 
  custom:DOTSType/Unity.Physics.DummyColliderFakesComponent`1[[Unity.Physics.CapsuleCollider, Unity.Physics, Version=0.0.0.0, Culture=neutral, PublicKeyToken=null]]: 840aede77f375b4f840aede77f375b4f -> 
  custom:DOTSType/Unity.Physics.Authoring.StaticOptimizePhysicsBaking: f3a03d29cca9ceabf3a03d29cca9ceab -> 
  custom:DOTSType/Unity.Scenes.DisableLiveConversion: 543070e84ec00e2c543070e84ec00e2c -> 
  custom:DOTSType/Unity.Physics.Authoring.PhysicsCompoundData: 41f933035064165d41f933035064165d -> 
  custom:DOTSType/Tanks.AudioPool: 65d2a3a778887e6e65d2a3a778887e6e -> 
  custom:DOTSType/Unity.Physics.DummyColliderFakesComponent`1[[Unity.Physics.SphereCollider, Unity.Physics, Version=0.0.0.0, Culture=neutral, PublicKeyToken=null]]: 4818ec4955a46c414818ec4955a46c41 -> 
  custom:DOTSType/Unity.Transforms.Parent: 00b45826652a5ec600b45826652a5ec6 -> 
  custom:DOTSType/Unity.Physics.PhysicsCollider: 00548c0f8c0147a000548c0f8c0147a0 -> 
  custom:DOTSType/Unity.Physics.Authoring.PhysicsRootBaked: a150145af5348f6da150145af5348f6d -> 
  custom:DOTSType/Unity.Scenes.ResolveSceneReferenceSystem+AssetDependencyTrackerState: b2d132c8f66d836db2d132c8f66d836d -> 
  custom:DOTSType/Unity.Entities.CompanionLinkTransform: e392322015c13880e392322015c13880 -> 
  custom:DOTSType/Unity.Entities.Serialization.DotsSerialization+RevisionedRawDataNode: 7e711ae70d27259d7e711ae70d27259d -> 
  custom:CustomObjectIndexerAttribute: 9a22284fe3817be447336de3de66b15e -> 
  custom:DOTSType/Tanks.Projectile: 620e548336351b1d620e548336351b1d -> 
  custom:DOTSType/Unity.Physics.GraphicsIntegration.MostRecentFixedTime: 6c4396236e6646a76c4396236e6646a7 -> 
  custom:DOTSType/UnityEngine.ParticleSystem: 28fa60303afd747328fa60303afd7473 -> 
  custom:DOTSType/Unity.Physics.DummyColliderFakesComponent`1[[Unity.Physics.ConvexCollider, Unity.Physics, Version=0.0.0.0, Culture=neutral, PublicKeyToken=null]]: d00615a7bde8681ed00615a7bde8681e -> 
  custom:DOTSType/Unity.Physics.DummyColliderFakesComponent`1[[Unity.Physics.MeshCollider, Unity.Physics, Version=0.0.0.0, Culture=neutral, PublicKeyToken=null]]: 52b224b25d7c5a2552b224b25d7c5a25 -> 
  custom:container-demuxer-webm: 4f35f7cbe854078d1ac9338744f61a02 -> 
  custom:DOTSType/Unity.Entities.PrefabRoot: ea04b60a31090316ea04b60a31090316 -> 
  custom:DOTSType/Unity.Entities.RequestSceneLoaded: 62c081c918aff6ee62c081c918aff6ee -> 
  custom:DOTSType/Unity.Entities.BeginPresentationEntityCommandBufferSystem+Singleton: cbef056a920a5eadcbef056a920a5ead -> 
  custom:DOTSType/Unity.Entities.ChunkHeader: 490bb3205bb29fe6490bb3205bb29fe6 -> 
  custom:DOTSType/Unity.Scenes.IsSectionLoaded: 2e3c12f14f7600232e3c12f14f760023 -> 
  custom:DOTSType/Unity.Entities.Editor.SystemInfo: e869e7d857e70a99e869e7d857e70a99 -> 
  custom:DOTSType/Zenject.MonoInstaller: d4f508a97531178fd4f508a97531178f -> 
  custom:DOTSType/Unity.Entities.WorldTimeQueue: 48ce29752c66702348ce29752c667023 -> 
  custom:DOTSType/Unity.Entities.StaticOptimizeEntity: 346cca765bf51c72346cca765bf51c72 -> 
  custom:DOTSType/Unity.Entities.SectionMetadataSetup: 75ea136fdb0e54ba75ea136fdb0e54ba -> 
  custom:DOTSType/Tanks.ProjectilePool: ae6caa17fe3924ceae6caa17fe3924ce -> 
  custom:DOTSType/Unity.Scenes.SceneSectionReferencedUnityObjects: 2797689ad57679a22797689ad57679a2 -> 
  custom:DOTSType/Unity.Physics.Editor.PhysicsStepAuthoringEditor: b0470546a7982481b0470546a7982481 -> 
  custom:DOTSType/Unity.Physics.GraphicsIntegration.PhysicsRenderEntity: 17b73fa380da9cf517b73fa380da9cf5 -> 
  custom:DOTSType/Unity.Entities.Hybrid.Baking.LinkedEntityGroupBakingData: cd33507256493e18cd33507256493e18 -> 
  custom:DOTSType/UnityEngine.LODGroup: 15ad22bb5260348e15ad22bb5260348e -> 
  custom:DOTSType/Tanks.BaseInputController: 7c3584087687be277c3584087687be27 -> 
  custom:DOTSType/Unity.Entities.Editor.HierarchySelectionContext: eb8c02bbb8571091eb8c02bbb8571091 -> 
  custom:DOTSType/Unity.Physics.DummyColliderFakesComponent`1[[Unity.Physics.CompoundCollider, Unity.Physics, Version=0.0.0.0, Culture=neutral, PublicKeyToken=null]]: f0b0c805df9aab48f0b0c805df9aab48 -> 
  custom:DOTSType/Unity.Physics.Authoring.PhysicsColliderAuthoringData: 237ab57c84eb023d237ab57c84eb023d -> 
  custom:DOTSType/Unity.Entities.Entity: 295b0c964d12026f295b0c964d12026f -> 
  custom:DOTSType/Unity.Physics.DummyColliderFakesComponent`1[[Unity.Physics.TerrainCollider, Unity.Physics, Version=0.0.0.0, Culture=neutral, PublicKeyToken=null]]: 76d2966f42dff4df76d2966f42dff4df -> 
  custom:DOTSType/Unity.Scenes.PublicEntityRef: b380cfe1712d4500b380cfe1712d4500 -> 
  custom:DOTSType/Unity.Entities.Asset: 5205195e4c6bea1c5205195e4c6bea1c -> 
  custom:DOTSType/Unity.Physics.GraphicsIntegration.PhysicsGraphicalSmoothing: 1a649a11034ac6061a649a11034ac606 -> 
  custom:DOTSType/Unity.Physics.Systems.PhysicsAnalyticsSingleton: 261d1a0e3f762c88261d1a0e3f762c88 -> 
  custom:DOTSType/Unity.Physics.PhysicsTemporalCoherenceInfo: dd862a3ef5746267dd862a3ef5746267 -> 
  custom:DOTSType/Tanks.EffectPoolContainer: bf19857e7a596a2bbf19857e7a596a2b -> 
  custom:DOTSType/Unity.Physics.PhysicsStep: 4ca665c06bcf89ca4ca665c06bcf89ca -> 
  custom:DOTSType/UnityEngine.TextMesh: 6784c791d05273aa6784c791d05273aa -> 
  custom:DOTSType/Unity.Entities.CompanionGameObjectActiveCleanup: 4ff09409f1cce51f4ff09409f1cce51f -> 
  custom:DOTSType/Tanks.ReloadIndicator: 83d1d641d15e1d5483d1d641d15e1d54 -> 
  custom:DOTSType/Zenject.RunnableContext: f37beb99d06e39fbf37beb99d06e39fb -> 
  custom:DOTSType/Unity.Physics.Authoring.PhysicsDebugDisplayData: 0cdccf70b9e5e20d0cdccf70b9e5e20d -> 
  custom:DOTSType/Unity.Scenes.AssetObjectManifest: 84d682f40d46c88184d682f40d46c881 -> 
  custom:DOTSType/Unity.Entities.PostLoadCommandBuffer: d658541e4a41540dd658541e4a41540d -> 
  custom:DOTSType/Unity.Entities.Editor.ArchetypeInfo: b8b1bbcc600f6437b8b1bbcc600f6437 -> 
  custom:DOTSType/Tanks.Interface.Speedometer: 158cdf1f7f3d0d9c158cdf1f7f3d0d9c -> 
  custom:DOTSType/Tanks.BattleRam: 87a27f4ae62d951387a27f4ae62d9513 -> 
  custom:DOTSType/UnityEngine.BoxCollider: 8e5b85c4fec088d48e5b85c4fec088d4 -> 
  custom:DOTSType/Unity.Entities.Serialization.ExternalEntityReference: 415f45c8b00c90a4415f45c8b00c90a4 -> 
  custom:DOTSType/Unity.Entities.SceneSectionComponent: 22f65411cbba718222f65411cbba7182 -> 
  custom:DOTSType/Unity.Scenes.PrefabLoadResult: 71615367c37f030371615367c37f0303 -> 
  custom:DOTSType/Unity.Scenes.SceneSectionStreamingSystem+StreamingState: 7014161ec3350ad07014161ec3350ad0 -> 
  custom:DOTSType/Unity.Entities.Editor.UnsupportedEntityEditor: f4c4238e5d78020af4c4238e5d78020a -> 
  custom:DOTSType/Unity.Scenes.ResolvedSectionEntity: e83509e6ef73df7ae83509e6ef73df7a -> 
  custom:DOTSType/Unity.Scenes.DisableSceneResolveAndLoad: 41c98fa73f31b21a41c98fa73f31b21a -> 
  custom:DOTSType/Unity.Entities.LinkedEntityGroup: c1b61ecd5260e852c1b61ecd5260e852 -> 
  custom:DOTSType/Unity.Physics.Authoring.RigidbodyBakingData: 66caf1f3818b52fc66caf1f3818b52fc -> 
  custom:DOTSType/Zenject.ScriptableObjectInstaller: 47201fb43b11147d47201fb43b11147d -> 
  custom:DOTSType/Unity.Physics.Authoring.DetailedStaticMeshCollisionAuthoring: 35a7576e30820a5e35a7576e30820a5e -> 
  custom:DOTSType/Unity.Entities.Editor.UnsupportedGameObjectEditor: 5cff923fd1c387e15cff923fd1c387e1 -> 
  custom:DOTSType/Tanks.CinemachineInputCustomProvider: 53bf68681542a65453bf68681542a654 -> 
  custom:DOTSType/Zenject.SceneContext: 30c70a59093b925c30c70a59093b925c -> 
  custom:DOTSType/UnityEngine.MeshRenderer: 77aa4cb33b84a90377aa4cb33b84a903 -> 
  custom:DOTSType/Unity.Physics.Authoring.BakeStaticRoot: ac81d98288eb78feac81d98288eb78fe -> 
  custom:DOTSType/Unity.Entities.Serialization.DotsSerialization+StringTableNode: db9aacf636d95b56db9aacf636d95b56 -> 
  custom:DOTSType/Zenject.SceneContextEditor: f5ac3d9288ab62bbf5ac3d9288ab62bb -> 
  custom:DOTSType/Unity.Entities.Disabled: ea10d702b0a42592ea10d702b0a42592 -> 
  custom:DOTSType/Unity.Entities.Editor.EntityEditor: 4502e3ccdb7ac0e04502e3ccdb7ac0e0 -> 
  custom:DOTSType/Unity.Physics.Systems.BroadphaseData: cf796e61bbb1c05fcf796e61bbb1c05f -> 
  custom:DOTSType/Unity.Entities.Editor.ArchetypesWindow: bde482c89698b5c7bde482c89698b5c7 -> 
  custom:DOTSType/Unity.Physics.PhysicsMass: dd66b9b7945f3ac7dd66b9b7945f3ac7 -> 
  custom:DOTSType/Unity.Physics.Systems.BuildPhysicsWorldData: 403d401e5c7292c3403d401e5c7292c3 -> 
  custom:DOTSType/Unity.Scenes.SceneBoundingVolume: 3407604aa951263f3407604aa951263f -> 
  custom:video-encoder-webm-vp8: eb34c28f22e8b96e1ab97ce403110664 -> 
  custom:DOTSType/Unity.Physics.Authoring.PhysicsColliderBakedData: 4b51dd6d702fa42d4b51dd6d702fa42d -> 
  custom:DOTSType/UnityEngine.SphereCollider: 82c25a73f4a3118382c25a73f4a31183 -> 
  custom:DOTSType/Unity.Scenes.SubScene: ac4196b7e94e44ecac4196b7e94e44ec -> 
  custom:DOTSType/Unity.Physics.DummyColliderFakesComponent`1[[Unity.Physics.Collider, Unity.Physics, Version=0.0.0.0, Culture=neutral, PublicKeyToken=null]]: 9b1dfcaf09a3b4529b1dfcaf09a3b452 -> 
  custom:DOTSType/Unity.Entities.Editor.HierarchyEntityChangeTracker+UnusedTag: e99f3a5fcb8d8012e99f3a5fcb8d8012 -> 
  custom:DOTSType/Unity.Physics.PhysicsMassOverride: 6fcef11ae9d1bc306fcef11ae9d1bc30 -> 
  custom:DOTSType/Unity.Entities.BlobAssetOwner: c83c63163f833390c83c63163f833390 -> 
  custom:DOTSType/Zenject.CheatSheet+Foo: 818256864703f221818256864703f221 -> 
  custom:DOTSType/Unity.Physics.Authoring.CustomPhysicsBodyTagNames: cf633e3d702fe67dcf633e3d702fe67d -> 
  custom:DOTSType/UnityEngine.CapsuleCollider: be84ea475def5c96be84ea475def5c96 -> 
  custom:DOTSType/Unity.Physics.PhysicsTemporalCoherenceTag: 078e815b3514dfd3078e815b3514dfd3 -> 
  custom:DOTSType/Unity.Entities.Editor.JournalManagerWrapperEditor: cb69e60b3422ccebcb69e60b3422cceb -> 
  custom:DOTSType/Unity.Entities.SceneReference: 93a995b4b28fc25393a995b4b28fc253 -> 
  custom:DOTSType/Unity.Entities.Editor.UnsupportedPrefabEntityEditor: 42b92ebb8c8886cf42b92ebb8c8886cf -> 
  custom:DOTSType/Unity.Entities.Serialization.DotsSerialization+NodeHeader: 2a912a6fdedc77ae2a912a6fdedc77ae -> 
  custom:DOTSType/Zenject.ZenAutoInjecter: 778eb5667a6355bc778eb5667a6355bc -> 
  custom:DOTSType/Unity.Entities.SceneSection: bdba69731fc8f3e7bdba69731fc8f3e7 -> 
  custom:DOTSType/Tanks.Patrol: af24d179ee3e03f0af24d179ee3e03f0 -> 
  custom:DOTSType/Unity.Physics.DummyColliderFakesComponent`1[[Unity.Physics.BoxCollider, Unity.Physics, Version=0.0.0.0, Culture=neutral, PublicKeyToken=null]]: f425b7fd66e06988f425b7fd66e06988 -> 
  custom:DOTSType/Unity.Entities.TransformAuthoring: d03322d6827741e8d03322d6827741e8 -> 
  custom:DOTSType/Zenject.ProjectKernel: efdc3d3e4e17fb07efdc3d3e4e17fb07 -> 
  custom:DOTSType/Tanks.TransmissionSettings: b0a3fa15cf2503fcb0a3fa15cf2503fc -> 
  custom:DOTSType/UnityEngine.ParticleSystemRenderer: 818ef389bd33d482818ef389bd33d482 -> 
  custom:DOTSType/Unity.Entities.BeginSimulationEntityCommandBufferSystem+Singleton: 5406e750b86f24a55406e750b86f24a5 -> 
  custom:DOTSType/Unity.Scenes.Editor.GlobalEntitiesDependencyInspector: 3df09afcbb66d7bb3df09afcbb66d7bb -> 
========================================================================
Received Prepare
Assembly reference Packages/com.unity.entities/Unity.Scenes.Editor/Internals/Properties/Unity.Properties.Internals.asmref has no target assembly definition
Assembly reference Packages/com.unity.entities/Unity.Scenes.Editor/Internals/Properties/Unity.Properties.Internals.asmref has no target assembly definition
Begin MonoManager ReloadAssembly
- Loaded All Assemblies, in  0.927 seconds
Refreshing native plugins compatible for Editor in 12.13 ms, found 5 plugins.
Native extension for WindowsStandalone target not found
Assembly reference Packages/com.unity.entities/Unity.Scenes.Editor/Internals/Properties/Unity.Properties.Internals.asmref has no target assembly definition
TypeManager.Initialize took: 330ms
Mono: successfully reloaded assembly
- Finished resetting the current domain, in  3.212 seconds
Domain Reload Profiling: 4136ms
	BeginReloadAssembly (273ms)
		ExecutionOrderSort (0ms)
		DisableScriptedObjects (8ms)
		BackupInstance (0ms)
		ReleaseScriptingObjects (0ms)
		CreateAndSetChildDomain (98ms)
	RebuildCommonClasses (55ms)
	RebuildNativeTypeToScriptingClass (14ms)
	initialDomainReloadingComplete (54ms)
	LoadAllAssembliesAndSetupDomain (528ms)
		LoadAssemblies (618ms)
		RebuildTransferFunctionScriptingTraits (0ms)
		AnalyzeDomain (32ms)
			TypeCache.Refresh (11ms)
				TypeCache.ScanAssembly (0ms)
			ScanForSourceGeneratedMonoScriptInfo (0ms)
			ResolveRequiredComponents (17ms)
	FinalizeReload (3213ms)
		ReleaseScriptCaches (0ms)
		RebuildScriptCaches (0ms)
		SetupLoadedEditorAssemblies (2206ms)
			LogAssemblyErrors (0ms)
			InitializePlatformSupportModulesInManaged (12ms)
			SetLoadedEditorAssemblies (15ms)
			RefreshPlugins (0ms)
			BeforeProcessingInitializeOnLoad (317ms)
			ProcessInitializeOnLoadAttributes (1364ms)
			ProcessInitializeOnLoadMethodAttributes (485ms)
			AfterProcessingInitializeOnLoad (13ms)
			EditorAssembliesLoaded (1ms)
		ExecutionOrderSort2 (0ms)
		AwakeInstancesAfterBackupRestoration (11ms)
Refreshing native plugins compatible for Editor in 12.46 ms, found 5 plugins.
Preloading 0 native plugins for Editor in 0.00 ms.
Unloading 6859 Unused Serialized files (Serialized files now loaded: 0)
Unloading 95 unused Assets / (123.6 KB). Loaded Objects now: 7327.
Memory consumption went from 220.9 MB to 220.8 MB.
Total: 6.915500 ms (FindLiveObjects: 0.755600 ms CreateObjectMapping: 0.737300 ms MarkObjects: 5.257600 ms  DeleteObjects: 0.163700 ms)

Unloading 0 Unused Serialized files (Serialized files now loaded: 0)
Unloading 0 unused Assets / (151.7 KB). Loaded Objects now: 7327.
Memory consumption went from 220.7 MB to 220.6 MB.
Total: 6.466100 ms (FindLiveObjects: 0.668000 ms CreateObjectMapping: 0.278700 ms MarkObjects: 5.408800 ms  DeleteObjects: 0.109500 ms)

Prepare: number of updated asset objects reloaded= 0
AssetImportParameters requested are different than current active one (requested -> active):
  custom:DOTSType/Zenject.MonoInstallerBase: 95f86c107dc723fe95f86c107dc723fe -> 
  custom:DOTSType/Unity.Entities.EntityGuid: 8e99211435a26d668e99211435a26d66 -> 
  custom:DOTSType/Tanks.TurretController: e7fde51fa66b4c5ee7fde51fa66b4c5e -> 
  custom:DOTSType/Unity.Entities.DefaultWorldInitializationProxy: 3bc53c9cad9070363bc53c9cad907036 -> 
  custom:container-demuxer-ogg: 62fdf1f143b41e24485cea50d1cbac27 -> 
  custom:DOTSType/Zenject.Internal.DefaultSceneContractConfig: a78f29ab0132239ca78f29ab0132239c -> 
  custom:DOTSType/Unity.Physics.EnsureUniqueColliderBlobTag: 3e3264c9c7497b3b3e3264c9c7497b3b -> 
  custom:DOTSType/Unity.Scenes.SceneEntityReference: 646ffd19b744bbdb646ffd19b744bbdb -> 
  custom:DOTSType/Unity.Entities.Hybrid.Baking.BakingOnlyEntityAuthoringBaker+BakingOnlyChildren: 9c3cc3aa8ff875949c3cc3aa8ff87594 -> 
  custom:DOTSType/Unity.Entities.EntityManager+IsolateCopiedEntities: 703c8c39c22b63af703c8c39c22b63af -> 
  custom:DOTSType/Unity.Entities.BeginVariableRateSimulationEntityCommandBufferSystem+Singleton: 40006e500ad5800440006e500ad58004 -> 
  custom:DOTSType/UnityEngine.LightProbeProxyVolume: cd06291433fcac4ccd06291433fcac4c -> 
  custom:EntityBinaryFileFormatVersion: b618570c169a919bbb95b4bd7e4084ba -> 
  custom:DOTSType/Unity.Physics.Authoring.DisplayGizmoColliderEdges+DrawWithGizmos: a6749ec75af14c28a6749ec75af14c28 -> 
  custom:DOTSType/Tanks.SkyRotation: 6a30c8e81d68dcd96a30c8e81d68dcd9 -> 
  custom:DOTSType/Unity.Entities.Editor.ComponentInfo: b6911f4bc3b03db5b6911f4bc3b03db5 -> 
  custom:DOTSType/Unity.Entities.BurstCompatibleComponentData: 1d232e8370167ced1d232e8370167ced -> 
  custom:DOTSType/Unity.Entities.RetainBlobAssetPtr: f51a437fde39ac82f51a437fde39ac82 -> 
  custom:DOTSType/Unity.Physics.Authoring.PhysicsStepAuthoring: 29ca86243fe93d3b29ca86243fe93d3b -> 
  custom:DOTSType/Unity.Entities.BakedEntity: 6cda7616df5335d16cda7616df5335d1 -> 
  custom:DOTSType/Unity.Transforms.Static: a08c19e85cdd5a49a08c19e85cdd5a49 -> 
  custom:DOTSType/Unity.Entities.Editor.InvalidEntityEditor: c09028623072dbb6c09028623072dbb6 -> 
  custom:DOTSType/UnityEngine.Collider: e796157eabb2316ee796157eabb2316e -> 
  custom:framework-win-MediaFoundation: 216162199b28c13a410421893ffa2e32 -> 
  custom:DOTSType/UnityEngine.Transform: 3954159e9eb625f23954159e9eb625f2 -> 
  custom:DOTSType/Unity.Physics.Authoring.PhysicsWorldIndexAuthoring: c35779b88bcbf0f5c35779b88bcbf0f5 -> 
  custom:DOTSType/Unity.Scenes.Editor.GameObjectSceneMetaDataImporter: 35c29e171f7f1b1235c29e171f7f1b12 -> 
  custom:DOTSType/Tanks.Wheel: 8000d516241cf2618000d516241cf261 -> 
  custom:DOTSType/Unity.Entities.Editor.EntitySelectionProxy: 640f096afb1dc192640f096afb1dc192 -> 
  custom:DOTSType/Tanks.Tests.TestInputController: da9d7109e7aa2efada9d7109e7aa2efa -> 
  custom:DOTSType/Unity.Entities.OmitLinkedEntityGroupFromPrefabInstance: d5447758848371b8d5447758848371b8 -> 
  custom:DOTSType/Unity.Entities.Editor.HierarchyWindow: 68a3d7f4e81dfa3968a3d7f4e81dfa39 -> 
  custom:DOTSType/Unity.Entities.CleanupEntity: 91c2e7742ff7a40291c2e7742ff7a402 -> 
  custom:DOTSType/Zenject.MonoKernel: ad622fbf2f55726ead622fbf2f55726e -> 
  custom:DOTSType/Zenject.DefaultGameObjectKernel: 4e750c357d05f8164e750c357d05f816 -> 
  custom:DOTSType/Zenject.GameObjectContextEditor: e47fe5c2e2a879a3e47fe5c2e2a879a3 -> 
  custom:DOTSType/Unity.Scenes.RequestSceneHeader: 539e2df9dd1c5383539e2df9dd1c5383 -> 
  custom:DOTSType/Unity.Entities.BakingOnlyEntity: 6d61bb30b0fe96a06d61bb30b0fe96a0 -> 
  custom:DOTSType/UnityEngine.ReflectionProbe: 74c5d94e403ee5bf74c5d94e403ee5bf -> 
  custom:DOTSType/Unity.Physics.Authoring.PhysicsWorldIndexBakingData: eb7993b47224fdb3eb7993b47224fdb3 -> 
  custom:DOTSType/Tanks.TankController: 5fe8cedbca51d9d55fe8cedbca51d9d5 -> 
  custom:DOTSType/Unity.Scenes.Editor.ClearEntitiesCacheWindow: ff5e4942d7943fe4ff5e4942d7943fe4 -> 
  custom:DOTSType/Unity.Entities.Serialization.DotsSerialization+TypeNamesNode: 481f56363f3115ba481f56363f3115ba -> 
  custom:DOTSType/Unity.Entities.Hybrid.Baking.BakingOnlyEntityAuthoring: b00feda2188a9371b00feda2188a9371 -> 
  custom:DOTSType/Unity.Scenes.ResolvedSectionPath: bf9e38f006f83cb7bf9e38f006f83cb7 -> 
  custom:DOTSType/Unity.Deformations.BlendShapeWeight: d26eabb95dfc9b4dd26eabb95dfc9b4d -> 
  custom:DOTSType/Unity.Scenes.ReferencedUnityObjects: b8073d4731436522b8073d4731436522 -> 
  custom:DOTSType/Unity.Physics.Authoring.PhysicsDebugDisplayAuthoring: 048169f5bbaf7cd0048169f5bbaf7cd0 -> 
  custom:DOTSType/Unity.Scenes.Editor.SubSceneInspector: 6e96e553cf64778e6e96e553cf64778e -> 
  custom:DOTSType/Unity.Physics.GraphicsIntegration.SmoothRigidBodiesGraphicalMotion+RigidBodySmoothingWorldIndex: 988440dd19a406ed988440dd19a406ed -> 
  custom:DOTSType/Unity.Physics.PhysicsConstrainedBodyPair: 37ca29e9e58c191137ca29e9e58c1911 -> 
  custom:DOTSType/Unity.Physics.ColliderBlobCleanupData: 18f3eb94199c5e3618f3eb94199c5e36 -> 
  custom:DOTSType/Unity.Physics.PhysicsDamping: 579a7188c5fb1464579a7188c5fb1464 -> 
  custom:container-muxer-webm: aa71ff27fc2769a1b78a27578f13a17b -> 
  custom:DOTSType/Unity.Entities.CompanionGameObjectUpdateTransformCleanup: 0a4e12c25aaf05e00a4e12c25aaf05e0 -> 
  custom:DOTSType/Tanks.Editor.TransmissionSettingsEditor: 5c05f270edf687155c05f270edf68715 -> 
  custom:DOTSType/Unity.Entities.EndSimulationEntityCommandBufferSystem+Singleton: 6cc3a7136f47def06cc3a7136f47def0 -> 
  custom:DOTSType/Unity.Physics.Authoring.PhysicsDebugDisplaySystem+DrawComponent: fbecd1af1d76e089fbecd1af1d76e089 -> 
  custom:video-decoder-webm-vp8: 9c59270c3fd7afecdb556c50c9e8de78 -> 
  custom:DOTSType/Zenject.GuiRenderer: 77a380f71106289e77a380f71106289e -> 
  custom:DOTSType/Zenject.AnimatorMoveHandlerManager: 48d7fbeaa25297da48d7fbeaa25297da -> 
  custom:DOTSType/UnityEngine.GameObject: aef60e3f2ae5ad9aaef60e3f2ae5ad9a -> 
  custom:SearchIndexIgnoredProperties: e643bd26f0fe6173181afceb89e7c659 -> 
  custom:DOTSAllSystemsVersion: ffb3322ebf2cc81fbcc35437f1236753 -> 
  custom:DOTSType/Unity.Physics.GraphicsIntegration.PhysicsGraphicalInterpolationBuffer: 7baea6e725f3208c7baea6e725f3208c -> 
  custom:AudioImporter_EditorPlatform: d09bf68614088b80899f8185d706f6e7 -> 
  custom:DOTSType/Tanks.Interface.CarnageSettings: 06a0f3af603600f206a0f3af603600f2 -> 
  custom:DOTSType/Zenject.ProjectContextEditor: f68c5f17562ef273f68c5f17562ef273 -> 
  custom:DOTSType/Unity.Entities.Serialization.DotsSerialization+FolderNode: 98c33d003d1b152b98c33d003d1b152b -> 
  custom:DOTSType/Unity.Entities.CompanionReference: 4de8f4179bbe96e74de8f4179bbe96e7 -> 
  custom:DOTSType/UnityEngine.VFX.VisualEffect: dc0e74262f371f63dc0e74262f371f63 -> 
  custom:DOTSType/Unity.Entities.Hybrid.Baking.AdditionalEntitiesBakingData: d81e35bf039925b8d81e35bf039925b8 -> 
  custom:DOTSType/UnityEngine.SpriteRenderer: 61a676ec163f72b161a676ec163f72b1 -> 
  custom:DOTSType/Unity.Entities.Editor.JournalingWrapperEditor: 7820ec03259d9ee57820ec03259d9ee5 -> 
  custom:DOTSType/Tanks.Tank.ProjectileTracker: 101b4b340f8400be101b4b340f8400be -> 
  custom:DOTSType/Unity.Deformations.SkinMatrix: 4b50a0962ac5e60d4b50a0962ac5e60d -> 
  custom:DOTSType/Unity.Scenes.WeakAssetReferenceLoadingData: 451a8b20bc4a35f6451a8b20bc4a35f6 -> 
  custom:DOTSType/Unity.Entities.BurstCompatibleSharedComponentData: 6239fcd2cd3b1c316239fcd2cd3b1c31 -> 
  custom:DOTSType/Unity.Physics.PhysicsCustomTags: 7d9dddf48b181c997d9dddf48b181c99 -> 
  custom:DOTSType/Zenject.SceneDecoratorContext: 47847979bf9052df47847979bf9052df -> 
  custom:DOTSType/Unity.Entities.Editor.ArchetypeWrapperEditor: fcd41c2e8cb6c202fcd41c2e8cb6c202 -> 
  custom:DOTSType/Unity.Physics.PhysicsGravityFactor: 8ab51309e4cdebcc8ab51309e4cdebcc -> 
  custom:DOTSType/Tanks.PlayerInputController: eeac7a82da062014eeac7a82da062014 -> 
  custom:DOTSType/Unity.Entities.SceneTag: 7a384971715860367a38497171586036 -> 
  custom:DOTSType/Unity.Physics.Systems.DummySimulationData: e73bf206ed8976b1e73bf206ed8976b1 -> 
  custom:DOTSType/Unity.Physics.CustomPhysicsProxyDriver: d8e4875a8f47327fd8e4875a8f47327f -> 
  custom:DOTSType/Unity.Entities.Editor.InvalidSelectionEditor: bb0f099005812d55bb0f099005812d55 -> 
  custom:DOTSType/Tanks.Interface.CarnageIndicator: 7a2a70789a91028f7a2a70789a91028f -> 
  custom:DOTSType/Unity.Physics.StepInputSingleton: f5a13022ab227cfff5a13022ab227cff -> 
  custom:DOTSType/Unity.Transforms.LocalToWorld: f07e17bb4e08548ef07e17bb4e08548e -> 
  custom:DOTSType/Unity.Entities.Prefab: 8cefcfc0e3366a618cefcfc0e3366a61 -> 
  custom:DOTSType/Unity.Transforms.PreviousParent: f7f96ed2f665f721f7f96ed2f665f721 -> 
  custom:DOTSType/Unity.Entities.EditorRenderData: 23031dfb0b685e0c23031dfb0b685e0c -> 
  custom:DOTSType/Tanks.TankGameInstaller: ab41efd1a1117644ab41efd1a1117644 -> 
  custom:DOTSType/Tanks.Tests.TestCarnageIndicator: c8904b0627773241c8904b0627773241 -> 
  custom:DOTSType/Unity.Entities.Editor.JournalEntry: fa64f1a8d5097849fa64f1a8d5097849 -> 
  custom:DOTSType/Unity.Scenes.GlobalEntitiesDependency: 272e3c9ba12b159e272e3c9ba12b159e -> 
  custom:audio-decoder-ogg-vorbis: bf7c407c2cedff20999df2af8eb42d56 -> 
  custom:ProjectSettings/EntitiesClientSettings.asset: 57fa4463d8597ee36c3803b5983b6213 -> 
  custom:DOTSType/Unity.Entities.RetainBlobAssets: e3007bd0d4f5ba8be3007bd0d4f5ba8b -> 
  custom:DOTSType/Tanks.TankAudioSystem: e0c4f60227f2a2a8e0c4f60227f2a2a8 -> 
  custom:DOTSType/Unity.Scenes.SceneSystemData: 358f9772a0e70c53358f9772a0e70c53 -> 
  custom:DOTSType/Zenject.SceneDecoratorContextEditor: ca86c2fb23338ef7ca86c2fb23338ef7 -> 
  custom:DOTSType/Unity.Physics.PhysicsWorldIndex: 44b485a5651ecbf844b485a5651ecbf8 -> 
  custom:DOTSType/Unity.Entities.EndInitializationEntityCommandBufferSystem+Singleton: 75800829e25c245f75800829e25c245f -> 
  custom:DOTSType/Unity.Entities.Build.EntitiesClientSettings: 379ca95f1f31bbbc379ca95f1f31bbbc -> 
  custom:DOTSType/Zenject.ProjectContext: 73c2192ee2a3347973c2192ee2a33479 -> 
  custom:DOTSType/Zenject.RunnableContextEditor: 761811f71f3da7bc761811f71f3da7bc -> 
  custom:DOTSType/UnityEngine.AudioSource: aed3a424fdd48d59aed3a424fdd48d59 -> 
  custom:DOTSType/Unity.Scenes.RequestEntityPrefabLoaded: fc4092a08e154a96fc4092a08e154a96 -> 
  custom:DOTSType/Unity.Entities.SystemInstance: bb0dfff8e9a48357bb0dfff8e9a48357 -> 
  custom:DOTSType/Unity.Entities.RemoveUnusedEntityInBake: 0973223cb916c16b0973223cb916c16b -> 
  custom:DOTSType/Unity.Entities.EndVariableRateSimulationEntityCommandBufferSystem+Singleton: 78d2450a82ebc20778d2450a82ebc207 -> 
  custom:DOTSType/Unity.Physics.DummyColliderFakesComponent`1[[Unity.Physics.CylinderCollider, Unity.Physics, Version=0.0.0.0, Culture=neutral, PublicKeyToken=null]]: 2d82e9daa82955bf2d82e9daa82955bf -> 
  custom:audio-encoder-webm-vorbis: bf7c407c2cedff20999df2af8eb42d56 -> 
  custom:DOTSType/Unity.Entities.BeginFixedStepSimulationEntityCommandBufferSystem+Singleton: 5857035820ee1e635857035820ee1e63 -> 
  custom:DOTSType/Unity.Physics.PhysicsJointCompanion: 655fde98af64ce94655fde98af64ce94 -> 
  custom:DOTSType/Unity.Scenes.WeakAssetPrefabLoadRequest: b6d72391c4d3d049b6d72391c4d3d049 -> 
  custom:DOTSType/Tanks.Legacy.LegacyTransmissionSettings: 84b2093787e9240c84b2093787e9240c -> 
  custom:DOTSType/Tanks.Legacy.Editor.LegacyTransmissionSettingsEditor: f063a9f322024a22f063a9f322024a22 -> 
  custom:DOTSType/Zenject.ScriptableObjectInstallerBase: 564d9b68561bb94d564d9b68561bb94d -> 
  custom:DOTSType/Unity.Physics.Editor.CustomPhysicsBodyTagNamesEditor: 5e056a649e13a00c5e056a649e13a00c -> 
  custom:DOTSType/Unity.Physics.PhysicsWorldSingleton: 90bad7c95a54d00590bad7c95a54d005 -> 
  custom:DOTSType/Unity.Entities.BurstCompatibleBufferElement: 9256282cac425e579256282cac425e57 -> 
  custom:DOTSType/Unity.Entities.CompanionLink: 4813070be25c6d6a4813070be25c6d6a -> 
  custom:DOTSType/Unity.Physics.DummyColliderFakesComponent`1[[Unity.Physics.PolygonCollider, Unity.Physics, Version=0.0.0.0, Culture=neutral, PublicKeyToken=null]]: 3f38e3dc511d48d23f38e3dc511d48d2 -> 
  custom:SceneMetaDataFileFormatVersion: 18e216f4893c3ae43d5b4b3a88de92ca -> 
  custom:DOTSType/Unity.Entities.Editor.SystemScheduleWindow: dfecb8af58c97f0adfecb8af58c97f0a -> 
  custom:DOTSType/Unity.Physics.PhysicsColliderKeyEntityPair: e3185876db01deade3185876db01dead -> 
  custom:DOTSType/Zenject.ContextEditor: 0791a612a42c17bc0791a612a42c17bc -> 
  custom:DOTSType/Zenject.AnimatorIkHandlerManager: 6bf1f62125213c446bf1f62125213c44 -> 
  custom:DOTSType/Unity.Transforms.LocalTransform: d07f194ee4791f00d07f194ee4791f00 -> 
  custom:DOTSType/Unity.Physics.PhysicsJoint: e49afdd9ec82159fe49afdd9ec82159f -> 
  custom:DOTSType/Unity.Scenes.PrefabAssetReference: 924b87ecab3719ce924b87ecab3719ce -> 
  custom:DOTSType/UnityEngine.Rigidbody: 90d4f52b90e97d3190d4f52b90e97d31 -> 
  custom:DOTSType/Unity.Transforms.PostTransformMatrix: d5b773053bc4fc92d5b773053bc4fc92 -> 
  custom:DOTSType/Unity.Entities.WorldTime: efd6631e6d47e1c0efd6631e6d47e1c0 -> 
  custom:DOTSType/Unity.Entities.Editor.ComponentsWindow: f3a47022486a5e37f3a47022486a5e37 -> 
  custom:DOTSType/Unity.Entities.Editor.JournalManager: bd6303929aef5048bd6303929aef5048 -> 
  custom:DOTSType/Zenject.SceneKernel: 14c92f57ead5fa5a14c92f57ead5fa5a -> 
  custom:DOTSType/Unity.Scenes.Editor.SubSceneImporter: fbc2a6bb48307f94fbc2a6bb48307f94 -> 
  custom:DOTSType/UnityEngine.Light: 47f771faf20222f647f771faf20222f6 -> 
  custom:DOTSType/Unity.Entities.EndFixedStepSimulationEntityCommandBufferSystem+Singleton: 903138f233c08b6f903138f233c08b6f -> 
  custom:DOTSType/Unity.Entities.Hybrid.Baking.LinkedEntityGroupAuthoring: 463b7158f57f2778463b7158f57f2778 -> 
  custom:DOTSType/Unity.Entities.BeginInitializationEntityCommandBufferSystem+Singleton: 1dafdf6276a3f02d1dafdf6276a3f02d -> 
  custom:DOTSType/Unity.Physics.SimulationSingleton: 2c12c15cc1aaefd42c12c15cc1aaefd4 -> 
  custom:DOTSType/Unity.Transforms.Child: 5a0b111d3c5ef1ef5a0b111d3c5ef1ef -> 
  custom:DOTSType/Unity.Entities.Editor.ComponentWrapperEditor: 8a0108ac83962ca58a0108ac83962ca5 -> 
  custom:video-codec-MediaFoundation-h265: 746d11721c4dcdbdad8f713fa42b33f4 -> 
  custom:DOTSType/Unity.Entities.SceneSectionData: eeed08dab67953cbeeed08dab67953cb -> 
  custom:DOTSType/Tanks.EffectPool: b07fd26d384c1aadb07fd26d384c1aad -> 
  custom:DOTSType/Zenject.Context: 7a9b164638a7c5fb7a9b164638a7c5fb -> 
  custom:DOTSType/Unity.Entities.Editor.EntitiesJournalingWindow: fb6228252c0089dcfb6228252c0089dc -> 
  custom:video-decoder-ogg-theora: a1e56fd34408186e4bbccfd4996cb3dc -> 
  custom:DOTSType/Unity.Scenes.ResolvedSceneHash: 10c2d6fb478167a310c2d6fb478167a3 -> 
  custom:DOTSType/Unity.Scenes.SceneSectionStreamingData: 01ac29b86b18dacf01ac29b86b18dacf -> 
  custom:DOTSType/Zenject.ZenjectStateMachineBehaviourAutoInjecter: bc2fa2415d8a8ef6bc2fa2415d8a8ef6 -> 
  custom:DOTSType/Unity.Entities.AdditionalEntityParent: a24d1678b03f0479a24d1678b03f0479 -> 
  custom:DOTSType/Unity.Entities.Simulate: e0c92315ec24632de0c92315ec24632d -> 
  custom:DOTSType/Unity.Physics.PhysicsVelocity: eae7719776411411eae7719776411411 -> 
  custom:DOTSType/Unity.Entities.Editor.SystemWrapperEditor: 8c892c6354f3a3138c892c6354f3a313 -> 
  custom:DOTSType/Unity.Entities.RetainBlobAssetBatchPtr: 14017b765908ee1d14017b765908ee1d -> 
  custom:DOTSType/Zenject.ZenjectBinding: 0569f6cfa9645a6e0569f6cfa9645a6e -> 
  custom:DOTSType/Tanks.Tests.TestCarnageIndicator+TestCarnageIndicatorEditor: a518ed1603ea4192a518ed1603ea4192 -> 
  custom:DOTSType/Unity.Physics.Authoring.CustomPhysicsProxyAuthoring: 90a4b67ea7c61e0c90a4b67ea7c61e0c -> 
  custom:DOTSType/Unity.Physics.Authoring.PhysicsMeshAuthoringData: 07c891dbd84b5d1c07c891dbd84b5d1c -> 
  custom:DOTSType/Unity.Scenes.LiveConversionPatcher+LiveConvertedSceneCleanup: 97dadd0f05dbc86997dadd0f05dbc869 -> 
  custom:DOTSType/UnityEngine.MeshCollider: 745c145fdcf1939e745c145fdcf1939e -> 
  custom:DOTSType/Unity.Physics.Authoring.ForceUniqueColliderAuthoring: 34be871ed7a74d6234be871ed7a74d62 -> 
  custom:DOTSType/Zenject.GameObjectContext: 694c79f9ded4c948694c79f9ded4c948 -> 
  custom:DOTSType/Unity.Physics.DummyColliderFakesComponent`1[[Unity.Physics.CapsuleCollider, Unity.Physics, Version=0.0.0.0, Culture=neutral, PublicKeyToken=null]]: 840aede77f375b4f840aede77f375b4f -> 
  custom:DOTSType/Unity.Physics.Authoring.StaticOptimizePhysicsBaking: f3a03d29cca9ceabf3a03d29cca9ceab -> 
  custom:DOTSType/Unity.Scenes.DisableLiveConversion: 543070e84ec00e2c543070e84ec00e2c -> 
  custom:DOTSType/Unity.Physics.Authoring.PhysicsCompoundData: 41f933035064165d41f933035064165d -> 
  custom:DOTSType/Tanks.AudioPool: 65d2a3a778887e6e65d2a3a778887e6e -> 
  custom:DOTSType/Unity.Physics.DummyColliderFakesComponent`1[[Unity.Physics.SphereCollider, Unity.Physics, Version=0.0.0.0, Culture=neutral, PublicKeyToken=null]]: 4818ec4955a46c414818ec4955a46c41 -> 
  custom:DOTSType/Unity.Transforms.Parent: 00b45826652a5ec600b45826652a5ec6 -> 
  custom:DOTSType/Unity.Physics.PhysicsCollider: 00548c0f8c0147a000548c0f8c0147a0 -> 
  custom:DOTSType/Unity.Physics.Authoring.PhysicsRootBaked: a150145af5348f6da150145af5348f6d -> 
  custom:DOTSType/Unity.Scenes.ResolveSceneReferenceSystem+AssetDependencyTrackerState: b2d132c8f66d836db2d132c8f66d836d -> 
  custom:DOTSType/Unity.Entities.CompanionLinkTransform: e392322015c13880e392322015c13880 -> 
  custom:DOTSType/Unity.Entities.Serialization.DotsSerialization+RevisionedRawDataNode: 7e711ae70d27259d7e711ae70d27259d -> 
  custom:CustomObjectIndexerAttribute: 9a22284fe3817be447336de3de66b15e -> 
  custom:DOTSType/Tanks.Projectile: 620e548336351b1d620e548336351b1d -> 
  custom:DOTSType/Unity.Physics.GraphicsIntegration.MostRecentFixedTime: 6c4396236e6646a76c4396236e6646a7 -> 
  custom:DOTSType/UnityEngine.ParticleSystem: 28fa60303afd747328fa60303afd7473 -> 
  custom:DOTSType/Unity.Physics.DummyColliderFakesComponent`1[[Unity.Physics.ConvexCollider, Unity.Physics, Version=0.0.0.0, Culture=neutral, PublicKeyToken=null]]: d00615a7bde8681ed00615a7bde8681e -> 
  custom:DOTSType/Unity.Physics.DummyColliderFakesComponent`1[[Unity.Physics.MeshCollider, Unity.Physics, Version=0.0.0.0, Culture=neutral, PublicKeyToken=null]]: 52b224b25d7c5a2552b224b25d7c5a25 -> 
  custom:container-demuxer-webm: 4f35f7cbe854078d1ac9338744f61a02 -> 
  custom:DOTSType/Unity.Entities.PrefabRoot: ea04b60a31090316ea04b60a31090316 -> 
  custom:DOTSType/Unity.Entities.RequestSceneLoaded: 62c081c918aff6ee62c081c918aff6ee -> 
  custom:DOTSType/Unity.Entities.BeginPresentationEntityCommandBufferSystem+Singleton: cbef056a920a5eadcbef056a920a5ead -> 
  custom:DOTSType/Unity.Entities.ChunkHeader: 490bb3205bb29fe6490bb3205bb29fe6 -> 
  custom:DOTSType/Unity.Scenes.IsSectionLoaded: 2e3c12f14f7600232e3c12f14f760023 -> 
  custom:DOTSType/Unity.Entities.Editor.SystemInfo: e869e7d857e70a99e869e7d857e70a99 -> 
  custom:DOTSType/Zenject.MonoInstaller: d4f508a97531178fd4f508a97531178f -> 
  custom:DOTSType/Unity.Entities.WorldTimeQueue: 48ce29752c66702348ce29752c667023 -> 
  custom:DOTSType/Unity.Entities.StaticOptimizeEntity: 346cca765bf51c72346cca765bf51c72 -> 
  custom:DOTSType/Unity.Entities.SectionMetadataSetup: 75ea136fdb0e54ba75ea136fdb0e54ba -> 
  custom:DOTSType/Tanks.ProjectilePool: ae6caa17fe3924ceae6caa17fe3924ce -> 
  custom:DOTSType/Unity.Scenes.SceneSectionReferencedUnityObjects: 2797689ad57679a22797689ad57679a2 -> 
  custom:DOTSType/Unity.Physics.Editor.PhysicsStepAuthoringEditor: b0470546a7982481b0470546a7982481 -> 
  custom:DOTSType/Unity.Physics.GraphicsIntegration.PhysicsRenderEntity: 17b73fa380da9cf517b73fa380da9cf5 -> 
  custom:DOTSType/Unity.Entities.Hybrid.Baking.LinkedEntityGroupBakingData: cd33507256493e18cd33507256493e18 -> 
  custom:DOTSType/UnityEngine.LODGroup: 15ad22bb5260348e15ad22bb5260348e -> 
  custom:DOTSType/Tanks.BaseInputController: 7c3584087687be277c3584087687be27 -> 
  custom:DOTSType/Unity.Entities.Editor.HierarchySelectionContext: eb8c02bbb8571091eb8c02bbb8571091 -> 
  custom:DOTSType/Unity.Physics.DummyColliderFakesComponent`1[[Unity.Physics.CompoundCollider, Unity.Physics, Version=0.0.0.0, Culture=neutral, PublicKeyToken=null]]: f0b0c805df9aab48f0b0c805df9aab48 -> 
  custom:DOTSType/Unity.Physics.Authoring.PhysicsColliderAuthoringData: 237ab57c84eb023d237ab57c84eb023d -> 
  custom:DOTSType/Unity.Entities.Entity: 295b0c964d12026f295b0c964d12026f -> 
  custom:DOTSType/Unity.Physics.DummyColliderFakesComponent`1[[Unity.Physics.TerrainCollider, Unity.Physics, Version=0.0.0.0, Culture=neutral, PublicKeyToken=null]]: 76d2966f42dff4df76d2966f42dff4df -> 
  custom:DOTSType/Unity.Scenes.PublicEntityRef: b380cfe1712d4500b380cfe1712d4500 -> 
  custom:DOTSType/Unity.Entities.Asset: 5205195e4c6bea1c5205195e4c6bea1c -> 
  custom:DOTSType/Unity.Physics.GraphicsIntegration.PhysicsGraphicalSmoothing: 1a649a11034ac6061a649a11034ac606 -> 
  custom:DOTSType/Unity.Physics.Systems.PhysicsAnalyticsSingleton: 261d1a0e3f762c88261d1a0e3f762c88 -> 
  custom:DOTSType/Unity.Physics.PhysicsTemporalCoherenceInfo: dd862a3ef5746267dd862a3ef5746267 -> 
  custom:DOTSType/Tanks.EffectPoolContainer: bf19857e7a596a2bbf19857e7a596a2b -> 
  custom:DOTSType/Unity.Physics.PhysicsStep: 4ca665c06bcf89ca4ca665c06bcf89ca -> 
  custom:DOTSType/UnityEngine.TextMesh: 6784c791d05273aa6784c791d05273aa -> 
  custom:DOTSType/Unity.Entities.CompanionGameObjectActiveCleanup: 4ff09409f1cce51f4ff09409f1cce51f -> 
  custom:DOTSType/Tanks.ReloadIndicator: 83d1d641d15e1d5483d1d641d15e1d54 -> 
  custom:DOTSType/Zenject.RunnableContext: f37beb99d06e39fbf37beb99d06e39fb -> 
  custom:DOTSType/Unity.Physics.Authoring.PhysicsDebugDisplayData: 0cdccf70b9e5e20d0cdccf70b9e5e20d -> 
  custom:DOTSType/Unity.Scenes.AssetObjectManifest: 84d682f40d46c88184d682f40d46c881 -> 
  custom:DOTSType/Unity.Entities.PostLoadCommandBuffer: d658541e4a41540dd658541e4a41540d -> 
  custom:DOTSType/Unity.Entities.Editor.ArchetypeInfo: b8b1bbcc600f6437b8b1bbcc600f6437 -> 
  custom:DOTSType/Tanks.Interface.Speedometer: 158cdf1f7f3d0d9c158cdf1f7f3d0d9c -> 
  custom:DOTSType/Tanks.BattleRam: 87a27f4ae62d951387a27f4ae62d9513 -> 
  custom:DOTSType/UnityEngine.BoxCollider: 8e5b85c4fec088d48e5b85c4fec088d4 -> 
  custom:DOTSType/Unity.Entities.Serialization.ExternalEntityReference: 415f45c8b00c90a4415f45c8b00c90a4 -> 
  custom:DOTSType/Unity.Entities.SceneSectionComponent: 22f65411cbba718222f65411cbba7182 -> 
  custom:DOTSType/Unity.Scenes.PrefabLoadResult: 71615367c37f030371615367c37f0303 -> 
  custom:DOTSType/Unity.Scenes.SceneSectionStreamingSystem+StreamingState: 7014161ec3350ad07014161ec3350ad0 -> 
  custom:DOTSType/Unity.Entities.Editor.UnsupportedEntityEditor: f4c4238e5d78020af4c4238e5d78020a -> 
  custom:DOTSType/Unity.Scenes.ResolvedSectionEntity: e83509e6ef73df7ae83509e6ef73df7a -> 
  custom:DOTSType/Unity.Scenes.DisableSceneResolveAndLoad: 41c98fa73f31b21a41c98fa73f31b21a -> 
  custom:DOTSType/Unity.Entities.LinkedEntityGroup: c1b61ecd5260e852c1b61ecd5260e852 -> 
  custom:DOTSType/Unity.Physics.Authoring.RigidbodyBakingData: 66caf1f3818b52fc66caf1f3818b52fc -> 
  custom:DOTSType/Zenject.ScriptableObjectInstaller: 47201fb43b11147d47201fb43b11147d -> 
  custom:DOTSType/Unity.Physics.Authoring.DetailedStaticMeshCollisionAuthoring: 35a7576e30820a5e35a7576e30820a5e -> 
  custom:DOTSType/Unity.Entities.Editor.UnsupportedGameObjectEditor: 5cff923fd1c387e15cff923fd1c387e1 -> 
  custom:DOTSType/Tanks.CinemachineInputCustomProvider: 53bf68681542a65453bf68681542a654 -> 
  custom:DOTSType/Zenject.SceneContext: 30c70a59093b925c30c70a59093b925c -> 
  custom:DOTSType/UnityEngine.MeshRenderer: 77aa4cb33b84a90377aa4cb33b84a903 -> 
  custom:DOTSType/Unity.Physics.Authoring.BakeStaticRoot: ac81d98288eb78feac81d98288eb78fe -> 
  custom:DOTSType/Unity.Entities.Serialization.DotsSerialization+StringTableNode: db9aacf636d95b56db9aacf636d95b56 -> 
  custom:DOTSType/Zenject.SceneContextEditor: f5ac3d9288ab62bbf5ac3d9288ab62bb -> 
  custom:DOTSType/Unity.Entities.Disabled: ea10d702b0a42592ea10d702b0a42592 -> 
  custom:DOTSType/Unity.Entities.Editor.EntityEditor: 4502e3ccdb7ac0e04502e3ccdb7ac0e0 -> 
  custom:DOTSType/Unity.Physics.Systems.BroadphaseData: cf796e61bbb1c05fcf796e61bbb1c05f -> 
  custom:DOTSType/Unity.Entities.Editor.ArchetypesWindow: bde482c89698b5c7bde482c89698b5c7 -> 
  custom:DOTSType/Unity.Physics.PhysicsMass: dd66b9b7945f3ac7dd66b9b7945f3ac7 -> 
  custom:DOTSType/Unity.Physics.Systems.BuildPhysicsWorldData: 403d401e5c7292c3403d401e5c7292c3 -> 
  custom:DOTSType/Unity.Scenes.SceneBoundingVolume: 3407604aa951263f3407604aa951263f -> 
  custom:video-encoder-webm-vp8: eb34c28f22e8b96e1ab97ce403110664 -> 
  custom:DOTSType/Unity.Physics.Authoring.PhysicsColliderBakedData: 4b51dd6d702fa42d4b51dd6d702fa42d -> 
  custom:DOTSType/UnityEngine.SphereCollider: 82c25a73f4a3118382c25a73f4a31183 -> 
  custom:DOTSType/Unity.Scenes.SubScene: ac4196b7e94e44ecac4196b7e94e44ec -> 
  custom:DOTSType/Unity.Physics.DummyColliderFakesComponent`1[[Unity.Physics.Collider, Unity.Physics, Version=0.0.0.0, Culture=neutral, PublicKeyToken=null]]: 9b1dfcaf09a3b4529b1dfcaf09a3b452 -> 
  custom:DOTSType/Unity.Entities.Editor.HierarchyEntityChangeTracker+UnusedTag: e99f3a5fcb8d8012e99f3a5fcb8d8012 -> 
  custom:DOTSType/Unity.Physics.PhysicsMassOverride: 6fcef11ae9d1bc306fcef11ae9d1bc30 -> 
  custom:DOTSType/Unity.Entities.BlobAssetOwner: c83c63163f833390c83c63163f833390 -> 
  custom:DOTSType/Zenject.CheatSheet+Foo: 818256864703f221818256864703f221 -> 
  custom:DOTSType/Unity.Physics.Authoring.CustomPhysicsBodyTagNames: cf633e3d702fe67dcf633e3d702fe67d -> 
  custom:DOTSType/UnityEngine.CapsuleCollider: be84ea475def5c96be84ea475def5c96 -> 
  custom:DOTSType/Unity.Physics.PhysicsTemporalCoherenceTag: 078e815b3514dfd3078e815b3514dfd3 -> 
  custom:DOTSType/Unity.Entities.Editor.JournalManagerWrapperEditor: cb69e60b3422ccebcb69e60b3422cceb -> 
  custom:DOTSType/Unity.Entities.SceneReference: 93a995b4b28fc25393a995b4b28fc253 -> 
  custom:DOTSType/Unity.Entities.Editor.UnsupportedPrefabEntityEditor: 42b92ebb8c8886cf42b92ebb8c8886cf -> 
  custom:DOTSType/Unity.Entities.Serialization.DotsSerialization+NodeHeader: 2a912a6fdedc77ae2a912a6fdedc77ae -> 
  custom:DOTSType/Zenject.ZenAutoInjecter: 778eb5667a6355bc778eb5667a6355bc -> 
  custom:DOTSType/Unity.Entities.SceneSection: bdba69731fc8f3e7bdba69731fc8f3e7 -> 
  custom:DOTSType/Tanks.Patrol: af24d179ee3e03f0af24d179ee3e03f0 -> 
  custom:DOTSType/Unity.Physics.DummyColliderFakesComponent`1[[Unity.Physics.BoxCollider, Unity.Physics, Version=0.0.0.0, Culture=neutral, PublicKeyToken=null]]: f425b7fd66e06988f425b7fd66e06988 -> 
  custom:DOTSType/Unity.Entities.TransformAuthoring: d03322d6827741e8d03322d6827741e8 -> 
  custom:DOTSType/Zenject.ProjectKernel: efdc3d3e4e17fb07efdc3d3e4e17fb07 -> 
  custom:DOTSType/Tanks.TransmissionSettings: b0a3fa15cf2503fcb0a3fa15cf2503fc -> 
  custom:DOTSType/UnityEngine.ParticleSystemRenderer: 818ef389bd33d482818ef389bd33d482 -> 
  custom:DOTSType/Unity.Entities.BeginSimulationEntityCommandBufferSystem+Singleton: 5406e750b86f24a55406e750b86f24a5 -> 
  custom:DOTSType/Unity.Scenes.Editor.GlobalEntitiesDependencyInspector: 3df09afcbb66d7bb3df09afcbb66d7bb -> 
========================================================================
Received Prepare
Assembly reference Packages/com.unity.entities/Unity.Scenes.Editor/Internals/Properties/Unity.Properties.Internals.asmref has no target assembly definition
Assembly reference Packages/com.unity.entities/Unity.Scenes.Editor/Internals/Properties/Unity.Properties.Internals.asmref has no target assembly definition
Begin MonoManager ReloadAssembly
- Loaded All Assemblies, in  0.915 seconds
Refreshing native plugins compatible for Editor in 11.77 ms, found 5 plugins.
Native extension for WindowsStandalone target not found
Assembly reference Packages/com.unity.entities/Unity.Scenes.Editor/Internals/Properties/Unity.Properties.Internals.asmref has no target assembly definition
TypeManager.Initialize took: 324ms
Mono: successfully reloaded assembly
- Finished resetting the current domain, in  3.030 seconds
Domain Reload Profiling: 3941ms
	BeginReloadAssembly (287ms)
		ExecutionOrderSort (0ms)
		DisableScriptedObjects (8ms)
		BackupInstance (0ms)
		ReleaseScriptingObjects (0ms)
		CreateAndSetChildDomain (112ms)
	RebuildCommonClasses (54ms)
	RebuildNativeTypeToScriptingClass (14ms)
	initialDomainReloadingComplete (50ms)
	LoadAllAssembliesAndSetupDomain (504ms)
		LoadAssemblies (595ms)
		RebuildTransferFunctionScriptingTraits (0ms)
		AnalyzeDomain (32ms)
			TypeCache.Refresh (12ms)
				TypeCache.ScanAssembly (0ms)
			ScanForSourceGeneratedMonoScriptInfo (0ms)
			ResolveRequiredComponents (17ms)
	FinalizeReload (3031ms)
		ReleaseScriptCaches (0ms)
		RebuildScriptCaches (0ms)
		SetupLoadedEditorAssemblies (2123ms)
			LogAssemblyErrors (0ms)
			InitializePlatformSupportModulesInManaged (12ms)
			SetLoadedEditorAssemblies (13ms)
			RefreshPlugins (0ms)
			BeforeProcessingInitializeOnLoad (313ms)
			ProcessInitializeOnLoadAttributes (1349ms)
			ProcessInitializeOnLoadMethodAttributes (424ms)
			AfterProcessingInitializeOnLoad (12ms)
			EditorAssembliesLoaded (1ms)
		ExecutionOrderSort2 (0ms)
		AwakeInstancesAfterBackupRestoration (10ms)
Refreshing native plugins compatible for Editor in 8.97 ms, found 5 plugins.
Preloading 0 native plugins for Editor in 0.00 ms.
Unloading 6859 Unused Serialized files (Serialized files now loaded: 0)
Unloading 95 unused Assets / (123.5 KB). Loaded Objects now: 7328.
Memory consumption went from 220.9 MB to 220.8 MB.
Total: 9.238200 ms (FindLiveObjects: 0.919600 ms CreateObjectMapping: 0.929200 ms MarkObjects: 7.221700 ms  DeleteObjects: 0.165600 ms)

Unloading 0 Unused Serialized files (Serialized files now loaded: 0)
Unloading 0 unused Assets / (157.1 KB). Loaded Objects now: 7328.
Memory consumption went from 220.7 MB to 220.6 MB.
Total: 6.581900 ms (FindLiveObjects: 0.655200 ms CreateObjectMapping: 0.285100 ms MarkObjects: 5.549800 ms  DeleteObjects: 0.091000 ms)

Prepare: number of updated asset objects reloaded= 0
AssetImportParameters requested are different than current active one (requested -> active):
  custom:DOTSType/Zenject.MonoInstallerBase: 95f86c107dc723fe95f86c107dc723fe -> 
  custom:DOTSType/Unity.Entities.EntityGuid: 8e99211435a26d668e99211435a26d66 -> 
  custom:DOTSType/Tanks.TurretController: e7fde51fa66b4c5ee7fde51fa66b4c5e -> 
  custom:DOTSType/Unity.Entities.DefaultWorldInitializationProxy: 3bc53c9cad9070363bc53c9cad907036 -> 
  custom:container-demuxer-ogg: 62fdf1f143b41e24485cea50d1cbac27 -> 
  custom:DOTSType/Zenject.Internal.DefaultSceneContractConfig: a78f29ab0132239ca78f29ab0132239c -> 
  custom:DOTSType/Unity.Physics.EnsureUniqueColliderBlobTag: 3e3264c9c7497b3b3e3264c9c7497b3b -> 
  custom:DOTSType/Unity.Scenes.SceneEntityReference: 646ffd19b744bbdb646ffd19b744bbdb -> 
  custom:DOTSType/Unity.Entities.Hybrid.Baking.BakingOnlyEntityAuthoringBaker+BakingOnlyChildren: 9c3cc3aa8ff875949c3cc3aa8ff87594 -> 
  custom:DOTSType/Unity.Entities.EntityManager+IsolateCopiedEntities: 703c8c39c22b63af703c8c39c22b63af -> 
  custom:DOTSType/Unity.Entities.BeginVariableRateSimulationEntityCommandBufferSystem+Singleton: 40006e500ad5800440006e500ad58004 -> 
  custom:DOTSType/UnityEngine.LightProbeProxyVolume: cd06291433fcac4ccd06291433fcac4c -> 
  custom:EntityBinaryFileFormatVersion: b618570c169a919bbb95b4bd7e4084ba -> 
  custom:DOTSType/Unity.Physics.Authoring.DisplayGizmoColliderEdges+DrawWithGizmos: a6749ec75af14c28a6749ec75af14c28 -> 
  custom:DOTSType/Tanks.SkyRotation: 6a30c8e81d68dcd96a30c8e81d68dcd9 -> 
  custom:DOTSType/Unity.Entities.Editor.ComponentInfo: b6911f4bc3b03db5b6911f4bc3b03db5 -> 
  custom:DOTSType/Unity.Entities.BurstCompatibleComponentData: 1d232e8370167ced1d232e8370167ced -> 
  custom:DOTSType/Unity.Entities.RetainBlobAssetPtr: f51a437fde39ac82f51a437fde39ac82 -> 
  custom:DOTSType/Unity.Physics.Authoring.PhysicsStepAuthoring: 29ca86243fe93d3b29ca86243fe93d3b -> 
  custom:DOTSType/Unity.Entities.BakedEntity: 6cda7616df5335d16cda7616df5335d1 -> 
  custom:DOTSType/Unity.Transforms.Static: a08c19e85cdd5a49a08c19e85cdd5a49 -> 
  custom:DOTSType/Unity.Entities.Editor.InvalidEntityEditor: c09028623072dbb6c09028623072dbb6 -> 
  custom:DOTSType/UnityEngine.Collider: e796157eabb2316ee796157eabb2316e -> 
  custom:framework-win-MediaFoundation: 216162199b28c13a410421893ffa2e32 -> 
  custom:DOTSType/UnityEngine.Transform: 3954159e9eb625f23954159e9eb625f2 -> 
  custom:DOTSType/Unity.Physics.Authoring.PhysicsWorldIndexAuthoring: c35779b88bcbf0f5c35779b88bcbf0f5 -> 
  custom:DOTSType/Unity.Scenes.Editor.GameObjectSceneMetaDataImporter: 35c29e171f7f1b1235c29e171f7f1b12 -> 
  custom:DOTSType/Tanks.Wheel: 8000d516241cf2618000d516241cf261 -> 
  custom:DOTSType/Unity.Entities.Editor.EntitySelectionProxy: 640f096afb1dc192640f096afb1dc192 -> 
  custom:DOTSType/Tanks.Tests.TestInputController: da9d7109e7aa2efada9d7109e7aa2efa -> 
  custom:DOTSType/Unity.Entities.OmitLinkedEntityGroupFromPrefabInstance: d5447758848371b8d5447758848371b8 -> 
  custom:DOTSType/Unity.Entities.Editor.HierarchyWindow: 68a3d7f4e81dfa3968a3d7f4e81dfa39 -> 
  custom:DOTSType/Unity.Entities.CleanupEntity: 91c2e7742ff7a40291c2e7742ff7a402 -> 
  custom:DOTSType/Zenject.MonoKernel: ad622fbf2f55726ead622fbf2f55726e -> 
  custom:DOTSType/Zenject.DefaultGameObjectKernel: 4e750c357d05f8164e750c357d05f816 -> 
  custom:DOTSType/Zenject.GameObjectContextEditor: e47fe5c2e2a879a3e47fe5c2e2a879a3 -> 
  custom:DOTSType/Unity.Scenes.RequestSceneHeader: 539e2df9dd1c5383539e2df9dd1c5383 -> 
  custom:DOTSType/Unity.Entities.BakingOnlyEntity: 6d61bb30b0fe96a06d61bb30b0fe96a0 -> 
  custom:DOTSType/UnityEngine.ReflectionProbe: 74c5d94e403ee5bf74c5d94e403ee5bf -> 
  custom:DOTSType/Unity.Physics.Authoring.PhysicsWorldIndexBakingData: eb7993b47224fdb3eb7993b47224fdb3 -> 
  custom:DOTSType/Tanks.TankController: 5fe8cedbca51d9d55fe8cedbca51d9d5 -> 
  custom:DOTSType/Unity.Scenes.Editor.ClearEntitiesCacheWindow: ff5e4942d7943fe4ff5e4942d7943fe4 -> 
  custom:DOTSType/Unity.Entities.Serialization.DotsSerialization+TypeNamesNode: 481f56363f3115ba481f56363f3115ba -> 
  custom:DOTSType/Unity.Entities.Hybrid.Baking.BakingOnlyEntityAuthoring: b00feda2188a9371b00feda2188a9371 -> 
  custom:DOTSType/Unity.Scenes.ResolvedSectionPath: bf9e38f006f83cb7bf9e38f006f83cb7 -> 
  custom:DOTSType/Unity.Deformations.BlendShapeWeight: d26eabb95dfc9b4dd26eabb95dfc9b4d -> 
  custom:DOTSType/Unity.Scenes.ReferencedUnityObjects: b8073d4731436522b8073d4731436522 -> 
  custom:DOTSType/Unity.Physics.Authoring.PhysicsDebugDisplayAuthoring: 048169f5bbaf7cd0048169f5bbaf7cd0 -> 
  custom:DOTSType/Unity.Scenes.Editor.SubSceneInspector: 6e96e553cf64778e6e96e553cf64778e -> 
  custom:DOTSType/Unity.Physics.GraphicsIntegration.SmoothRigidBodiesGraphicalMotion+RigidBodySmoothingWorldIndex: 988440dd19a406ed988440dd19a406ed -> 
  custom:DOTSType/Unity.Physics.PhysicsConstrainedBodyPair: 37ca29e9e58c191137ca29e9e58c1911 -> 
  custom:DOTSType/Unity.Physics.ColliderBlobCleanupData: 18f3eb94199c5e3618f3eb94199c5e36 -> 
  custom:DOTSType/Unity.Physics.PhysicsDamping: 579a7188c5fb1464579a7188c5fb1464 -> 
  custom:container-muxer-webm: aa71ff27fc2769a1b78a27578f13a17b -> 
  custom:DOTSType/Unity.Entities.CompanionGameObjectUpdateTransformCleanup: 0a4e12c25aaf05e00a4e12c25aaf05e0 -> 
  custom:DOTSType/Tanks.Editor.TransmissionSettingsEditor: 5c05f270edf687155c05f270edf68715 -> 
  custom:DOTSType/Unity.Entities.EndSimulationEntityCommandBufferSystem+Singleton: 6cc3a7136f47def06cc3a7136f47def0 -> 
  custom:DOTSType/Unity.Physics.Authoring.PhysicsDebugDisplaySystem+DrawComponent: fbecd1af1d76e089fbecd1af1d76e089 -> 
  custom:video-decoder-webm-vp8: 9c59270c3fd7afecdb556c50c9e8de78 -> 
  custom:DOTSType/Zenject.GuiRenderer: 77a380f71106289e77a380f71106289e -> 
  custom:DOTSType/Zenject.AnimatorMoveHandlerManager: 48d7fbeaa25297da48d7fbeaa25297da -> 
  custom:DOTSType/UnityEngine.GameObject: aef60e3f2ae5ad9aaef60e3f2ae5ad9a -> 
  custom:SearchIndexIgnoredProperties: e643bd26f0fe6173181afceb89e7c659 -> 
  custom:DOTSAllSystemsVersion: ffb3322ebf2cc81fbcc35437f1236753 -> 
  custom:DOTSType/Unity.Physics.GraphicsIntegration.PhysicsGraphicalInterpolationBuffer: 7baea6e725f3208c7baea6e725f3208c -> 
  custom:AudioImporter_EditorPlatform: d09bf68614088b80899f8185d706f6e7 -> 
  custom:DOTSType/Tanks.Interface.CarnageSettings: 06a0f3af603600f206a0f3af603600f2 -> 
  custom:DOTSType/Zenject.ProjectContextEditor: f68c5f17562ef273f68c5f17562ef273 -> 
  custom:DOTSType/Unity.Entities.Serialization.DotsSerialization+FolderNode: 98c33d003d1b152b98c33d003d1b152b -> 
  custom:DOTSType/Unity.Entities.CompanionReference: 4de8f4179bbe96e74de8f4179bbe96e7 -> 
  custom:DOTSType/UnityEngine.VFX.VisualEffect: dc0e74262f371f63dc0e74262f371f63 -> 
  custom:DOTSType/Unity.Entities.Hybrid.Baking.AdditionalEntitiesBakingData: d81e35bf039925b8d81e35bf039925b8 -> 
  custom:DOTSType/UnityEngine.SpriteRenderer: 61a676ec163f72b161a676ec163f72b1 -> 
  custom:DOTSType/Unity.Entities.Editor.JournalingWrapperEditor: 7820ec03259d9ee57820ec03259d9ee5 -> 
  custom:DOTSType/Tanks.Tank.ProjectileTracker: 101b4b340f8400be101b4b340f8400be -> 
  custom:DOTSType/Unity.Deformations.SkinMatrix: 4b50a0962ac5e60d4b50a0962ac5e60d -> 
  custom:DOTSType/Unity.Scenes.WeakAssetReferenceLoadingData: 451a8b20bc4a35f6451a8b20bc4a35f6 -> 
  custom:DOTSType/Unity.Entities.BurstCompatibleSharedComponentData: 6239fcd2cd3b1c316239fcd2cd3b1c31 -> 
  custom:DOTSType/Unity.Physics.PhysicsCustomTags: 7d9dddf48b181c997d9dddf48b181c99 -> 
  custom:DOTSType/Zenject.SceneDecoratorContext: 47847979bf9052df47847979bf9052df -> 
  custom:DOTSType/Unity.Entities.Editor.ArchetypeWrapperEditor: fcd41c2e8cb6c202fcd41c2e8cb6c202 -> 
  custom:DOTSType/Unity.Physics.PhysicsGravityFactor: 8ab51309e4cdebcc8ab51309e4cdebcc -> 
  custom:DOTSType/Tanks.PlayerInputController: eeac7a82da062014eeac7a82da062014 -> 
  custom:DOTSType/Unity.Entities.SceneTag: 7a384971715860367a38497171586036 -> 
  custom:DOTSType/Unity.Physics.Systems.DummySimulationData: e73bf206ed8976b1e73bf206ed8976b1 -> 
  custom:DOTSType/Unity.Physics.CustomPhysicsProxyDriver: d8e4875a8f47327fd8e4875a8f47327f -> 
  custom:DOTSType/Unity.Entities.Editor.InvalidSelectionEditor: bb0f099005812d55bb0f099005812d55 -> 
  custom:DOTSType/Tanks.Interface.CarnageIndicator: 7a2a70789a91028f7a2a70789a91028f -> 
  custom:DOTSType/Unity.Physics.StepInputSingleton: f5a13022ab227cfff5a13022ab227cff -> 
  custom:DOTSType/Unity.Transforms.LocalToWorld: f07e17bb4e08548ef07e17bb4e08548e -> 
  custom:DOTSType/Unity.Entities.Prefab: 8cefcfc0e3366a618cefcfc0e3366a61 -> 
  custom:DOTSType/Unity.Transforms.PreviousParent: f7f96ed2f665f721f7f96ed2f665f721 -> 
  custom:DOTSType/Unity.Entities.EditorRenderData: 23031dfb0b685e0c23031dfb0b685e0c -> 
  custom:DOTSType/Tanks.TankGameInstaller: ab41efd1a1117644ab41efd1a1117644 -> 
  custom:DOTSType/Tanks.Tests.TestCarnageIndicator: c8904b0627773241c8904b0627773241 -> 
  custom:DOTSType/Unity.Entities.Editor.JournalEntry: fa64f1a8d5097849fa64f1a8d5097849 -> 
  custom:DOTSType/Unity.Scenes.GlobalEntitiesDependency: 272e3c9ba12b159e272e3c9ba12b159e -> 
  custom:audio-decoder-ogg-vorbis: bf7c407c2cedff20999df2af8eb42d56 -> 
  custom:ProjectSettings/EntitiesClientSettings.asset: 57fa4463d8597ee36c3803b5983b6213 -> 
  custom:DOTSType/Unity.Entities.RetainBlobAssets: e3007bd0d4f5ba8be3007bd0d4f5ba8b -> 
  custom:DOTSType/Tanks.TankAudioSystem: e0c4f60227f2a2a8e0c4f60227f2a2a8 -> 
  custom:DOTSType/Unity.Scenes.SceneSystemData: 358f9772a0e70c53358f9772a0e70c53 -> 
  custom:DOTSType/Zenject.SceneDecoratorContextEditor: ca86c2fb23338ef7ca86c2fb23338ef7 -> 
  custom:DOTSType/Unity.Physics.PhysicsWorldIndex: 44b485a5651ecbf844b485a5651ecbf8 -> 
  custom:DOTSType/Unity.Entities.EndInitializationEntityCommandBufferSystem+Singleton: 75800829e25c245f75800829e25c245f -> 
  custom:DOTSType/Unity.Entities.Build.EntitiesClientSettings: 379ca95f1f31bbbc379ca95f1f31bbbc -> 
  custom:DOTSType/Zenject.ProjectContext: 73c2192ee2a3347973c2192ee2a33479 -> 
  custom:DOTSType/Zenject.RunnableContextEditor: 761811f71f3da7bc761811f71f3da7bc -> 
  custom:DOTSType/UnityEngine.AudioSource: aed3a424fdd48d59aed3a424fdd48d59 -> 
  custom:DOTSType/Unity.Scenes.RequestEntityPrefabLoaded: fc4092a08e154a96fc4092a08e154a96 -> 
  custom:DOTSType/Unity.Entities.SystemInstance: bb0dfff8e9a48357bb0dfff8e9a48357 -> 
  custom:DOTSType/Unity.Entities.RemoveUnusedEntityInBake: 0973223cb916c16b0973223cb916c16b -> 
  custom:DOTSType/Unity.Entities.EndVariableRateSimulationEntityCommandBufferSystem+Singleton: 78d2450a82ebc20778d2450a82ebc207 -> 
  custom:DOTSType/Unity.Physics.DummyColliderFakesComponent`1[[Unity.Physics.CylinderCollider, Unity.Physics, Version=0.0.0.0, Culture=neutral, PublicKeyToken=null]]: 2d82e9daa82955bf2d82e9daa82955bf -> 
  custom:audio-encoder-webm-vorbis: bf7c407c2cedff20999df2af8eb42d56 -> 
  custom:DOTSType/Unity.Entities.BeginFixedStepSimulationEntityCommandBufferSystem+Singleton: 5857035820ee1e635857035820ee1e63 -> 
  custom:DOTSType/Unity.Physics.PhysicsJointCompanion: 655fde98af64ce94655fde98af64ce94 -> 
  custom:DOTSType/Unity.Scenes.WeakAssetPrefabLoadRequest: b6d72391c4d3d049b6d72391c4d3d049 -> 
  custom:DOTSType/Tanks.Legacy.LegacyTransmissionSettings: 84b2093787e9240c84b2093787e9240c -> 
  custom:DOTSType/Tanks.Legacy.Editor.LegacyTransmissionSettingsEditor: f063a9f322024a22f063a9f322024a22 -> 
  custom:DOTSType/Zenject.ScriptableObjectInstallerBase: 564d9b68561bb94d564d9b68561bb94d -> 
  custom:DOTSType/Unity.Physics.Editor.CustomPhysicsBodyTagNamesEditor: 5e056a649e13a00c5e056a649e13a00c -> 
  custom:DOTSType/Unity.Physics.PhysicsWorldSingleton: 90bad7c95a54d00590bad7c95a54d005 -> 
  custom:DOTSType/Unity.Entities.BurstCompatibleBufferElement: 9256282cac425e579256282cac425e57 -> 
  custom:DOTSType/Unity.Entities.CompanionLink: 4813070be25c6d6a4813070be25c6d6a -> 
  custom:DOTSType/Unity.Physics.DummyColliderFakesComponent`1[[Unity.Physics.PolygonCollider, Unity.Physics, Version=0.0.0.0, Culture=neutral, PublicKeyToken=null]]: 3f38e3dc511d48d23f38e3dc511d48d2 -> 
  custom:SceneMetaDataFileFormatVersion: 18e216f4893c3ae43d5b4b3a88de92ca -> 
  custom:DOTSType/Unity.Entities.Editor.SystemScheduleWindow: dfecb8af58c97f0adfecb8af58c97f0a -> 
  custom:DOTSType/Unity.Physics.PhysicsColliderKeyEntityPair: e3185876db01deade3185876db01dead -> 
  custom:DOTSType/Zenject.ContextEditor: 0791a612a42c17bc0791a612a42c17bc -> 
  custom:DOTSType/Zenject.AnimatorIkHandlerManager: 6bf1f62125213c446bf1f62125213c44 -> 
  custom:DOTSType/Unity.Transforms.LocalTransform: d07f194ee4791f00d07f194ee4791f00 -> 
  custom:DOTSType/Unity.Physics.PhysicsJoint: e49afdd9ec82159fe49afdd9ec82159f -> 
  custom:DOTSType/Unity.Scenes.PrefabAssetReference: 924b87ecab3719ce924b87ecab3719ce -> 
  custom:DOTSType/UnityEngine.Rigidbody: 90d4f52b90e97d3190d4f52b90e97d31 -> 
  custom:DOTSType/Unity.Transforms.PostTransformMatrix: d5b773053bc4fc92d5b773053bc4fc92 -> 
  custom:DOTSType/Unity.Entities.WorldTime: efd6631e6d47e1c0efd6631e6d47e1c0 -> 
  custom:DOTSType/Unity.Entities.Editor.ComponentsWindow: f3a47022486a5e37f3a47022486a5e37 -> 
  custom:DOTSType/Unity.Entities.Editor.JournalManager: bd6303929aef5048bd6303929aef5048 -> 
  custom:DOTSType/Zenject.SceneKernel: 14c92f57ead5fa5a14c92f57ead5fa5a -> 
  custom:DOTSType/Unity.Scenes.Editor.SubSceneImporter: fbc2a6bb48307f94fbc2a6bb48307f94 -> 
  custom:DOTSType/UnityEngine.Light: 47f771faf20222f647f771faf20222f6 -> 
  custom:DOTSType/Unity.Entities.EndFixedStepSimulationEntityCommandBufferSystem+Singleton: 903138f233c08b6f903138f233c08b6f -> 
  custom:DOTSType/Unity.Entities.Hybrid.Baking.LinkedEntityGroupAuthoring: 463b7158f57f2778463b7158f57f2778 -> 
  custom:DOTSType/Unity.Entities.BeginInitializationEntityCommandBufferSystem+Singleton: 1dafdf6276a3f02d1dafdf6276a3f02d -> 
  custom:DOTSType/Unity.Physics.SimulationSingleton: 2c12c15cc1aaefd42c12c15cc1aaefd4 -> 
  custom:DOTSType/Unity.Transforms.Child: 5a0b111d3c5ef1ef5a0b111d3c5ef1ef -> 
  custom:DOTSType/Unity.Entities.Editor.ComponentWrapperEditor: 8a0108ac83962ca58a0108ac83962ca5 -> 
  custom:video-codec-MediaFoundation-h265: 746d11721c4dcdbdad8f713fa42b33f4 -> 
  custom:DOTSType/Unity.Entities.SceneSectionData: eeed08dab67953cbeeed08dab67953cb -> 
  custom:DOTSType/Tanks.EffectPool: b07fd26d384c1aadb07fd26d384c1aad -> 
  custom:DOTSType/Zenject.Context: 7a9b164638a7c5fb7a9b164638a7c5fb -> 
  custom:DOTSType/Unity.Entities.Editor.EntitiesJournalingWindow: fb6228252c0089dcfb6228252c0089dc -> 
  custom:video-decoder-ogg-theora: a1e56fd34408186e4bbccfd4996cb3dc -> 
  custom:DOTSType/Unity.Scenes.ResolvedSceneHash: 10c2d6fb478167a310c2d6fb478167a3 -> 
  custom:DOTSType/Unity.Scenes.SceneSectionStreamingData: 01ac29b86b18dacf01ac29b86b18dacf -> 
  custom:DOTSType/Zenject.ZenjectStateMachineBehaviourAutoInjecter: bc2fa2415d8a8ef6bc2fa2415d8a8ef6 -> 
  custom:DOTSType/Unity.Entities.AdditionalEntityParent: a24d1678b03f0479a24d1678b03f0479 -> 
  custom:DOTSType/Unity.Entities.Simulate: e0c92315ec24632de0c92315ec24632d -> 
  custom:DOTSType/Unity.Physics.PhysicsVelocity: eae7719776411411eae7719776411411 -> 
  custom:DOTSType/Unity.Entities.Editor.SystemWrapperEditor: 8c892c6354f3a3138c892c6354f3a313 -> 
  custom:DOTSType/Unity.Entities.RetainBlobAssetBatchPtr: 14017b765908ee1d14017b765908ee1d -> 
  custom:DOTSType/Zenject.ZenjectBinding: 0569f6cfa9645a6e0569f6cfa9645a6e -> 
  custom:DOTSType/Tanks.Tests.TestCarnageIndicator+TestCarnageIndicatorEditor: a518ed1603ea4192a518ed1603ea4192 -> 
  custom:DOTSType/Unity.Physics.Authoring.CustomPhysicsProxyAuthoring: 90a4b67ea7c61e0c90a4b67ea7c61e0c -> 
  custom:DOTSType/Unity.Physics.Authoring.PhysicsMeshAuthoringData: 07c891dbd84b5d1c07c891dbd84b5d1c -> 
  custom:DOTSType/Unity.Scenes.LiveConversionPatcher+LiveConvertedSceneCleanup: 97dadd0f05dbc86997dadd0f05dbc869 -> 
  custom:DOTSType/UnityEngine.MeshCollider: 745c145fdcf1939e745c145fdcf1939e -> 
  custom:DOTSType/Unity.Physics.Authoring.ForceUniqueColliderAuthoring: 34be871ed7a74d6234be871ed7a74d62 -> 
  custom:DOTSType/Zenject.GameObjectContext: 694c79f9ded4c948694c79f9ded4c948 -> 
  custom:DOTSType/Unity.Physics.DummyColliderFakesComponent`1[[Unity.Physics.CapsuleCollider, Unity.Physics, Version=0.0.0.0, Culture=neutral, PublicKeyToken=null]]: 840aede77f375b4f840aede77f375b4f -> 
  custom:DOTSType/Unity.Physics.Authoring.StaticOptimizePhysicsBaking: f3a03d29cca9ceabf3a03d29cca9ceab -> 
  custom:DOTSType/Unity.Scenes.DisableLiveConversion: 543070e84ec00e2c543070e84ec00e2c -> 
  custom:DOTSType/Unity.Physics.Authoring.PhysicsCompoundData: 41f933035064165d41f933035064165d -> 
  custom:DOTSType/Tanks.AudioPool: 65d2a3a778887e6e65d2a3a778887e6e -> 
  custom:DOTSType/Unity.Physics.DummyColliderFakesComponent`1[[Unity.Physics.SphereCollider, Unity.Physics, Version=0.0.0.0, Culture=neutral, PublicKeyToken=null]]: 4818ec4955a46c414818ec4955a46c41 -> 
  custom:DOTSType/Unity.Transforms.Parent: 00b45826652a5ec600b45826652a5ec6 -> 
  custom:DOTSType/Unity.Physics.PhysicsCollider: 00548c0f8c0147a000548c0f8c0147a0 -> 
  custom:DOTSType/Unity.Physics.Authoring.PhysicsRootBaked: a150145af5348f6da150145af5348f6d -> 
  custom:DOTSType/Unity.Scenes.ResolveSceneReferenceSystem+AssetDependencyTrackerState: b2d132c8f66d836db2d132c8f66d836d -> 
  custom:DOTSType/Unity.Entities.CompanionLinkTransform: e392322015c13880e392322015c13880 -> 
  custom:DOTSType/Unity.Entities.Serialization.DotsSerialization+RevisionedRawDataNode: 7e711ae70d27259d7e711ae70d27259d -> 
  custom:CustomObjectIndexerAttribute: 9a22284fe3817be447336de3de66b15e -> 
  custom:DOTSType/Tanks.Projectile: 620e548336351b1d620e548336351b1d -> 
  custom:DOTSType/Unity.Physics.GraphicsIntegration.MostRecentFixedTime: 6c4396236e6646a76c4396236e6646a7 -> 
  custom:DOTSType/UnityEngine.ParticleSystem: 28fa60303afd747328fa60303afd7473 -> 
  custom:DOTSType/Unity.Physics.DummyColliderFakesComponent`1[[Unity.Physics.ConvexCollider, Unity.Physics, Version=0.0.0.0, Culture=neutral, PublicKeyToken=null]]: d00615a7bde8681ed00615a7bde8681e -> 
  custom:DOTSType/Unity.Physics.DummyColliderFakesComponent`1[[Unity.Physics.MeshCollider, Unity.Physics, Version=0.0.0.0, Culture=neutral, PublicKeyToken=null]]: 52b224b25d7c5a2552b224b25d7c5a25 -> 
  custom:container-demuxer-webm: 4f35f7cbe854078d1ac9338744f61a02 -> 
  custom:DOTSType/Unity.Entities.PrefabRoot: ea04b60a31090316ea04b60a31090316 -> 
  custom:DOTSType/Unity.Entities.RequestSceneLoaded: 62c081c918aff6ee62c081c918aff6ee -> 
  custom:DOTSType/Unity.Entities.BeginPresentationEntityCommandBufferSystem+Singleton: cbef056a920a5eadcbef056a920a5ead -> 
  custom:DOTSType/Unity.Entities.ChunkHeader: 490bb3205bb29fe6490bb3205bb29fe6 -> 
  custom:DOTSType/Unity.Scenes.IsSectionLoaded: 2e3c12f14f7600232e3c12f14f760023 -> 
  custom:DOTSType/Unity.Entities.Editor.SystemInfo: e869e7d857e70a99e869e7d857e70a99 -> 
  custom:DOTSType/Zenject.MonoInstaller: d4f508a97531178fd4f508a97531178f -> 
  custom:DOTSType/Unity.Entities.WorldTimeQueue: 48ce29752c66702348ce29752c667023 -> 
  custom:DOTSType/Unity.Entities.StaticOptimizeEntity: 346cca765bf51c72346cca765bf51c72 -> 
  custom:DOTSType/Unity.Entities.SectionMetadataSetup: 75ea136fdb0e54ba75ea136fdb0e54ba -> 
  custom:DOTSType/Tanks.ProjectilePool: ae6caa17fe3924ceae6caa17fe3924ce -> 
  custom:DOTSType/Unity.Scenes.SceneSectionReferencedUnityObjects: 2797689ad57679a22797689ad57679a2 -> 
  custom:DOTSType/Unity.Physics.Editor.PhysicsStepAuthoringEditor: b0470546a7982481b0470546a7982481 -> 
  custom:DOTSType/Unity.Physics.GraphicsIntegration.PhysicsRenderEntity: 17b73fa380da9cf517b73fa380da9cf5 -> 
  custom:DOTSType/Unity.Entities.Hybrid.Baking.LinkedEntityGroupBakingData: cd33507256493e18cd33507256493e18 -> 
  custom:DOTSType/UnityEngine.LODGroup: 15ad22bb5260348e15ad22bb5260348e -> 
  custom:DOTSType/Tanks.BaseInputController: 7c3584087687be277c3584087687be27 -> 
  custom:DOTSType/Unity.Entities.Editor.HierarchySelectionContext: eb8c02bbb8571091eb8c02bbb8571091 -> 
  custom:DOTSType/Unity.Physics.DummyColliderFakesComponent`1[[Unity.Physics.CompoundCollider, Unity.Physics, Version=0.0.0.0, Culture=neutral, PublicKeyToken=null]]: f0b0c805df9aab48f0b0c805df9aab48 -> 
  custom:DOTSType/Unity.Physics.Authoring.PhysicsColliderAuthoringData: 237ab57c84eb023d237ab57c84eb023d -> 
  custom:DOTSType/Unity.Entities.Entity: 295b0c964d12026f295b0c964d12026f -> 
  custom:DOTSType/Unity.Physics.DummyColliderFakesComponent`1[[Unity.Physics.TerrainCollider, Unity.Physics, Version=0.0.0.0, Culture=neutral, PublicKeyToken=null]]: 76d2966f42dff4df76d2966f42dff4df -> 
  custom:DOTSType/Unity.Scenes.PublicEntityRef: b380cfe1712d4500b380cfe1712d4500 -> 
  custom:DOTSType/Unity.Entities.Asset: 5205195e4c6bea1c5205195e4c6bea1c -> 
  custom:DOTSType/Unity.Physics.GraphicsIntegration.PhysicsGraphicalSmoothing: 1a649a11034ac6061a649a11034ac606 -> 
  custom:DOTSType/Unity.Physics.Systems.PhysicsAnalyticsSingleton: 261d1a0e3f762c88261d1a0e3f762c88 -> 
  custom:DOTSType/Unity.Physics.PhysicsTemporalCoherenceInfo: dd862a3ef5746267dd862a3ef5746267 -> 
  custom:DOTSType/Tanks.EffectPoolContainer: bf19857e7a596a2bbf19857e7a596a2b -> 
  custom:DOTSType/Unity.Physics.PhysicsStep: 4ca665c06bcf89ca4ca665c06bcf89ca -> 
  custom:DOTSType/UnityEngine.TextMesh: 6784c791d05273aa6784c791d05273aa -> 
  custom:DOTSType/Unity.Entities.CompanionGameObjectActiveCleanup: 4ff09409f1cce51f4ff09409f1cce51f -> 
  custom:DOTSType/Tanks.ReloadIndicator: 83d1d641d15e1d5483d1d641d15e1d54 -> 
  custom:DOTSType/Zenject.RunnableContext: f37beb99d06e39fbf37beb99d06e39fb -> 
  custom:DOTSType/Unity.Physics.Authoring.PhysicsDebugDisplayData: 0cdccf70b9e5e20d0cdccf70b9e5e20d -> 
  custom:DOTSType/Unity.Scenes.AssetObjectManifest: 84d682f40d46c88184d682f40d46c881 -> 
  custom:DOTSType/Unity.Entities.PostLoadCommandBuffer: d658541e4a41540dd658541e4a41540d -> 
  custom:DOTSType/Unity.Entities.Editor.ArchetypeInfo: b8b1bbcc600f6437b8b1bbcc600f6437 -> 
  custom:DOTSType/Tanks.Interface.Speedometer: 158cdf1f7f3d0d9c158cdf1f7f3d0d9c -> 
  custom:DOTSType/Tanks.BattleRam: 87a27f4ae62d951387a27f4ae62d9513 -> 
  custom:DOTSType/UnityEngine.BoxCollider: 8e5b85c4fec088d48e5b85c4fec088d4 -> 
  custom:DOTSType/Unity.Entities.Serialization.ExternalEntityReference: 415f45c8b00c90a4415f45c8b00c90a4 -> 
  custom:DOTSType/Unity.Entities.SceneSectionComponent: 22f65411cbba718222f65411cbba7182 -> 
  custom:DOTSType/Unity.Scenes.PrefabLoadResult: 71615367c37f030371615367c37f0303 -> 
  custom:DOTSType/Unity.Scenes.SceneSectionStreamingSystem+StreamingState: 7014161ec3350ad07014161ec3350ad0 -> 
  custom:DOTSType/Unity.Entities.Editor.UnsupportedEntityEditor: f4c4238e5d78020af4c4238e5d78020a -> 
  custom:DOTSType/Unity.Scenes.ResolvedSectionEntity: e83509e6ef73df7ae83509e6ef73df7a -> 
  custom:DOTSType/Unity.Scenes.DisableSceneResolveAndLoad: 41c98fa73f31b21a41c98fa73f31b21a -> 
  custom:DOTSType/Unity.Entities.LinkedEntityGroup: c1b61ecd5260e852c1b61ecd5260e852 -> 
  custom:DOTSType/Unity.Physics.Authoring.RigidbodyBakingData: 66caf1f3818b52fc66caf1f3818b52fc -> 
  custom:DOTSType/Zenject.ScriptableObjectInstaller: 47201fb43b11147d47201fb43b11147d -> 
  custom:DOTSType/Unity.Physics.Authoring.DetailedStaticMeshCollisionAuthoring: 35a7576e30820a5e35a7576e30820a5e -> 
  custom:DOTSType/Unity.Entities.Editor.UnsupportedGameObjectEditor: 5cff923fd1c387e15cff923fd1c387e1 -> 
  custom:DOTSType/Tanks.CinemachineInputCustomProvider: 53bf68681542a65453bf68681542a654 -> 
  custom:DOTSType/Zenject.SceneContext: 30c70a59093b925c30c70a59093b925c -> 
  custom:DOTSType/UnityEngine.MeshRenderer: 77aa4cb33b84a90377aa4cb33b84a903 -> 
  custom:DOTSType/Unity.Physics.Authoring.BakeStaticRoot: ac81d98288eb78feac81d98288eb78fe -> 
  custom:DOTSType/Unity.Entities.Serialization.DotsSerialization+StringTableNode: db9aacf636d95b56db9aacf636d95b56 -> 
  custom:DOTSType/Zenject.SceneContextEditor: f5ac3d9288ab62bbf5ac3d9288ab62bb -> 
  custom:DOTSType/Unity.Entities.Disabled: ea10d702b0a42592ea10d702b0a42592 -> 
  custom:DOTSType/Unity.Entities.Editor.EntityEditor: 4502e3ccdb7ac0e04502e3ccdb7ac0e0 -> 
  custom:DOTSType/Unity.Physics.Systems.BroadphaseData: cf796e61bbb1c05fcf796e61bbb1c05f -> 
  custom:DOTSType/Unity.Entities.Editor.ArchetypesWindow: bde482c89698b5c7bde482c89698b5c7 -> 
  custom:DOTSType/Unity.Physics.PhysicsMass: dd66b9b7945f3ac7dd66b9b7945f3ac7 -> 
  custom:DOTSType/Unity.Physics.Systems.BuildPhysicsWorldData: 403d401e5c7292c3403d401e5c7292c3 -> 
  custom:DOTSType/Unity.Scenes.SceneBoundingVolume: 3407604aa951263f3407604aa951263f -> 
  custom:video-encoder-webm-vp8: eb34c28f22e8b96e1ab97ce403110664 -> 
  custom:DOTSType/Unity.Physics.Authoring.PhysicsColliderBakedData: 4b51dd6d702fa42d4b51dd6d702fa42d -> 
  custom:DOTSType/UnityEngine.SphereCollider: 82c25a73f4a3118382c25a73f4a31183 -> 
  custom:DOTSType/Unity.Scenes.SubScene: ac4196b7e94e44ecac4196b7e94e44ec -> 
  custom:DOTSType/Unity.Physics.DummyColliderFakesComponent`1[[Unity.Physics.Collider, Unity.Physics, Version=0.0.0.0, Culture=neutral, PublicKeyToken=null]]: 9b1dfcaf09a3b4529b1dfcaf09a3b452 -> 
  custom:DOTSType/Unity.Entities.Editor.HierarchyEntityChangeTracker+UnusedTag: e99f3a5fcb8d8012e99f3a5fcb8d8012 -> 
  custom:DOTSType/Unity.Physics.PhysicsMassOverride: 6fcef11ae9d1bc306fcef11ae9d1bc30 -> 
  custom:DOTSType/Unity.Entities.BlobAssetOwner: c83c63163f833390c83c63163f833390 -> 
  custom:DOTSType/Zenject.CheatSheet+Foo: 818256864703f221818256864703f221 -> 
  custom:DOTSType/Unity.Physics.Authoring.CustomPhysicsBodyTagNames: cf633e3d702fe67dcf633e3d702fe67d -> 
  custom:DOTSType/UnityEngine.CapsuleCollider: be84ea475def5c96be84ea475def5c96 -> 
  custom:DOTSType/Unity.Physics.PhysicsTemporalCoherenceTag: 078e815b3514dfd3078e815b3514dfd3 -> 
  custom:DOTSType/Unity.Entities.Editor.JournalManagerWrapperEditor: cb69e60b3422ccebcb69e60b3422cceb -> 
  custom:DOTSType/Unity.Entities.SceneReference: 93a995b4b28fc25393a995b4b28fc253 -> 
  custom:DOTSType/Unity.Entities.Editor.UnsupportedPrefabEntityEditor: 42b92ebb8c8886cf42b92ebb8c8886cf -> 
  custom:DOTSType/Unity.Entities.Serialization.DotsSerialization+NodeHeader: 2a912a6fdedc77ae2a912a6fdedc77ae -> 
  custom:DOTSType/Zenject.ZenAutoInjecter: 778eb5667a6355bc778eb5667a6355bc -> 
  custom:DOTSType/Unity.Entities.SceneSection: bdba69731fc8f3e7bdba69731fc8f3e7 -> 
  custom:DOTSType/Tanks.Patrol: af24d179ee3e03f0af24d179ee3e03f0 -> 
  custom:DOTSType/Unity.Physics.DummyColliderFakesComponent`1[[Unity.Physics.BoxCollider, Unity.Physics, Version=0.0.0.0, Culture=neutral, PublicKeyToken=null]]: f425b7fd66e06988f425b7fd66e06988 -> 
  custom:DOTSType/Unity.Entities.TransformAuthoring: d03322d6827741e8d03322d6827741e8 -> 
  custom:DOTSType/Zenject.ProjectKernel: efdc3d3e4e17fb07efdc3d3e4e17fb07 -> 
  custom:DOTSType/Tanks.TransmissionSettings: b0a3fa15cf2503fcb0a3fa15cf2503fc -> 
  custom:DOTSType/UnityEngine.ParticleSystemRenderer: 818ef389bd33d482818ef389bd33d482 -> 
  custom:DOTSType/Unity.Entities.BeginSimulationEntityCommandBufferSystem+Singleton: 5406e750b86f24a55406e750b86f24a5 -> 
  custom:DOTSType/Unity.Scenes.Editor.GlobalEntitiesDependencyInspector: 3df09afcbb66d7bb3df09afcbb66d7bb -> 
========================================================================
Received Prepare
Assembly reference Packages/com.unity.entities/Unity.Scenes.Editor/Internals/Properties/Unity.Properties.Internals.asmref has no target assembly definition
Assembly reference Packages/com.unity.entities/Unity.Scenes.Editor/Internals/Properties/Unity.Properties.Internals.asmref has no target assembly definition
Begin MonoManager ReloadAssembly
- Loaded All Assemblies, in  0.905 seconds
Refreshing native plugins compatible for Editor in 8.11 ms, found 5 plugins.
Native extension for WindowsStandalone target not found
Assembly reference Packages/com.unity.entities/Unity.Scenes.Editor/Internals/Properties/Unity.Properties.Internals.asmref has no target assembly definition
TypeManager.Initialize took: 334ms
Mono: successfully reloaded assembly
- Finished resetting the current domain, in  3.044 seconds
Domain Reload Profiling: 3946ms
	BeginReloadAssembly (280ms)
		ExecutionOrderSort (0ms)
		DisableScriptedObjects (12ms)
		BackupInstance (0ms)
		ReleaseScriptingObjects (0ms)
		CreateAndSetChildDomain (102ms)
	RebuildCommonClasses (53ms)
	RebuildNativeTypeToScriptingClass (19ms)
	initialDomainReloadingComplete (58ms)
	LoadAllAssembliesAndSetupDomain (491ms)
		LoadAssemblies (594ms)
		RebuildTransferFunctionScriptingTraits (0ms)
		AnalyzeDomain (22ms)
			TypeCache.Refresh (8ms)
				TypeCache.ScanAssembly (0ms)
			ScanForSourceGeneratedMonoScriptInfo (0ms)
			ResolveRequiredComponents (11ms)
	FinalizeReload (3046ms)
		ReleaseScriptCaches (0ms)
		RebuildScriptCaches (0ms)
		SetupLoadedEditorAssemblies (2133ms)
			LogAssemblyErrors (0ms)
			InitializePlatformSupportModulesInManaged (10ms)
			SetLoadedEditorAssemblies (13ms)
			RefreshPlugins (0ms)
			BeforeProcessingInitializeOnLoad (294ms)
			ProcessInitializeOnLoadAttributes (1383ms)
			ProcessInitializeOnLoadMethodAttributes (419ms)
			AfterProcessingInitializeOnLoad (12ms)
			EditorAssembliesLoaded (1ms)
		ExecutionOrderSort2 (0ms)
		AwakeInstancesAfterBackupRestoration (11ms)
Refreshing native plugins compatible for Editor in 11.40 ms, found 5 plugins.
Preloading 0 native plugins for Editor in 0.00 ms.
Unloading 6859 Unused Serialized files (Serialized files now loaded: 0)
Unloading 95 unused Assets / (123.6 KB). Loaded Objects now: 7329.
Memory consumption went from 220.9 MB to 220.8 MB.
Total: 10.908200 ms (FindLiveObjects: 1.237900 ms CreateObjectMapping: 1.573300 ms MarkObjects: 7.842700 ms  DeleteObjects: 0.252000 ms)

Unloading 0 Unused Serialized files (Serialized files now loaded: 0)
Unloading 0 unused Assets / (154.8 KB). Loaded Objects now: 7329.
Memory consumption went from 220.7 MB to 220.6 MB.
Total: 11.190100 ms (FindLiveObjects: 1.080200 ms CreateObjectMapping: 1.061900 ms MarkObjects: 8.834900 ms  DeleteObjects: 0.212200 ms)

Prepare: number of updated asset objects reloaded= 0
AssetImportParameters requested are different than current active one (requested -> active):
  custom:DOTSType/Zenject.MonoInstallerBase: 95f86c107dc723fe95f86c107dc723fe -> 
  custom:DOTSType/Unity.Entities.EntityGuid: 8e99211435a26d668e99211435a26d66 -> 
  custom:DOTSType/Tanks.TurretController: e7fde51fa66b4c5ee7fde51fa66b4c5e -> 
  custom:DOTSType/Unity.Entities.DefaultWorldInitializationProxy: 3bc53c9cad9070363bc53c9cad907036 -> 
  custom:container-demuxer-ogg: 62fdf1f143b41e24485cea50d1cbac27 -> 
  custom:DOTSType/Zenject.Internal.DefaultSceneContractConfig: a78f29ab0132239ca78f29ab0132239c -> 
  custom:DOTSType/Unity.Physics.EnsureUniqueColliderBlobTag: 3e3264c9c7497b3b3e3264c9c7497b3b -> 
  custom:DOTSType/Unity.Scenes.SceneEntityReference: 646ffd19b744bbdb646ffd19b744bbdb -> 
  custom:DOTSType/Unity.Entities.Hybrid.Baking.BakingOnlyEntityAuthoringBaker+BakingOnlyChildren: 9c3cc3aa8ff875949c3cc3aa8ff87594 -> 
  custom:DOTSType/Unity.Entities.EntityManager+IsolateCopiedEntities: 703c8c39c22b63af703c8c39c22b63af -> 
  custom:DOTSType/Unity.Entities.BeginVariableRateSimulationEntityCommandBufferSystem+Singleton: 40006e500ad5800440006e500ad58004 -> 
  custom:DOTSType/UnityEngine.LightProbeProxyVolume: cd06291433fcac4ccd06291433fcac4c -> 
  custom:EntityBinaryFileFormatVersion: b618570c169a919bbb95b4bd7e4084ba -> 
  custom:DOTSType/Unity.Physics.Authoring.DisplayGizmoColliderEdges+DrawWithGizmos: a6749ec75af14c28a6749ec75af14c28 -> 
  custom:DOTSType/Tanks.SkyRotation: 6a30c8e81d68dcd96a30c8e81d68dcd9 -> 
  custom:DOTSType/Unity.Entities.Editor.ComponentInfo: b6911f4bc3b03db5b6911f4bc3b03db5 -> 
  custom:DOTSType/Unity.Entities.BurstCompatibleComponentData: 1d232e8370167ced1d232e8370167ced -> 
  custom:DOTSType/Unity.Entities.RetainBlobAssetPtr: f51a437fde39ac82f51a437fde39ac82 -> 
  custom:DOTSType/Unity.Physics.Authoring.PhysicsStepAuthoring: 29ca86243fe93d3b29ca86243fe93d3b -> 
  custom:DOTSType/Unity.Entities.BakedEntity: 6cda7616df5335d16cda7616df5335d1 -> 
  custom:DOTSType/Unity.Transforms.Static: a08c19e85cdd5a49a08c19e85cdd5a49 -> 
  custom:DOTSType/Unity.Entities.Editor.InvalidEntityEditor: c09028623072dbb6c09028623072dbb6 -> 
  custom:DOTSType/UnityEngine.Collider: e796157eabb2316ee796157eabb2316e -> 
  custom:framework-win-MediaFoundation: 216162199b28c13a410421893ffa2e32 -> 
  custom:DOTSType/UnityEngine.Transform: 3954159e9eb625f23954159e9eb625f2 -> 
  custom:DOTSType/Unity.Physics.Authoring.PhysicsWorldIndexAuthoring: c35779b88bcbf0f5c35779b88bcbf0f5 -> 
  custom:DOTSType/Unity.Scenes.Editor.GameObjectSceneMetaDataImporter: 35c29e171f7f1b1235c29e171f7f1b12 -> 
  custom:DOTSType/Tanks.Wheel: 8000d516241cf2618000d516241cf261 -> 
  custom:DOTSType/Unity.Entities.Editor.EntitySelectionProxy: 640f096afb1dc192640f096afb1dc192 -> 
  custom:DOTSType/Tanks.Tests.TestInputController: da9d7109e7aa2efada9d7109e7aa2efa -> 
  custom:DOTSType/Unity.Entities.OmitLinkedEntityGroupFromPrefabInstance: d5447758848371b8d5447758848371b8 -> 
  custom:DOTSType/Unity.Entities.Editor.HierarchyWindow: 68a3d7f4e81dfa3968a3d7f4e81dfa39 -> 
  custom:DOTSType/Unity.Entities.CleanupEntity: 91c2e7742ff7a40291c2e7742ff7a402 -> 
  custom:DOTSType/Zenject.MonoKernel: ad622fbf2f55726ead622fbf2f55726e -> 
  custom:DOTSType/Zenject.DefaultGameObjectKernel: 4e750c357d05f8164e750c357d05f816 -> 
  custom:DOTSType/Zenject.GameObjectContextEditor: e47fe5c2e2a879a3e47fe5c2e2a879a3 -> 
  custom:DOTSType/Unity.Scenes.RequestSceneHeader: 539e2df9dd1c5383539e2df9dd1c5383 -> 
  custom:DOTSType/Unity.Entities.BakingOnlyEntity: 6d61bb30b0fe96a06d61bb30b0fe96a0 -> 
  custom:DOTSType/UnityEngine.ReflectionProbe: 74c5d94e403ee5bf74c5d94e403ee5bf -> 
  custom:DOTSType/Unity.Physics.Authoring.PhysicsWorldIndexBakingData: eb7993b47224fdb3eb7993b47224fdb3 -> 
  custom:DOTSType/Tanks.TankController: 5fe8cedbca51d9d55fe8cedbca51d9d5 -> 
  custom:DOTSType/Unity.Scenes.Editor.ClearEntitiesCacheWindow: ff5e4942d7943fe4ff5e4942d7943fe4 -> 
  custom:DOTSType/Unity.Entities.Serialization.DotsSerialization+TypeNamesNode: 481f56363f3115ba481f56363f3115ba -> 
  custom:DOTSType/Unity.Entities.Hybrid.Baking.BakingOnlyEntityAuthoring: b00feda2188a9371b00feda2188a9371 -> 
  custom:DOTSType/Unity.Scenes.ResolvedSectionPath: bf9e38f006f83cb7bf9e38f006f83cb7 -> 
  custom:DOTSType/Unity.Deformations.BlendShapeWeight: d26eabb95dfc9b4dd26eabb95dfc9b4d -> 
  custom:DOTSType/Unity.Scenes.ReferencedUnityObjects: b8073d4731436522b8073d4731436522 -> 
  custom:DOTSType/Unity.Physics.Authoring.PhysicsDebugDisplayAuthoring: 048169f5bbaf7cd0048169f5bbaf7cd0 -> 
  custom:DOTSType/Unity.Scenes.Editor.SubSceneInspector: 6e96e553cf64778e6e96e553cf64778e -> 
  custom:DOTSType/Unity.Physics.GraphicsIntegration.SmoothRigidBodiesGraphicalMotion+RigidBodySmoothingWorldIndex: 988440dd19a406ed988440dd19a406ed -> 
  custom:DOTSType/Unity.Physics.PhysicsConstrainedBodyPair: 37ca29e9e58c191137ca29e9e58c1911 -> 
  custom:DOTSType/Unity.Physics.ColliderBlobCleanupData: 18f3eb94199c5e3618f3eb94199c5e36 -> 
  custom:DOTSType/Unity.Physics.PhysicsDamping: 579a7188c5fb1464579a7188c5fb1464 -> 
  custom:container-muxer-webm: aa71ff27fc2769a1b78a27578f13a17b -> 
  custom:DOTSType/Unity.Entities.CompanionGameObjectUpdateTransformCleanup: 0a4e12c25aaf05e00a4e12c25aaf05e0 -> 
  custom:DOTSType/Tanks.Editor.TransmissionSettingsEditor: 5c05f270edf687155c05f270edf68715 -> 
  custom:DOTSType/Unity.Entities.EndSimulationEntityCommandBufferSystem+Singleton: 6cc3a7136f47def06cc3a7136f47def0 -> 
  custom:DOTSType/Unity.Physics.Authoring.PhysicsDebugDisplaySystem+DrawComponent: fbecd1af1d76e089fbecd1af1d76e089 -> 
  custom:video-decoder-webm-vp8: 9c59270c3fd7afecdb556c50c9e8de78 -> 
  custom:DOTSType/Zenject.GuiRenderer: 77a380f71106289e77a380f71106289e -> 
  custom:DOTSType/Zenject.AnimatorMoveHandlerManager: 48d7fbeaa25297da48d7fbeaa25297da -> 
  custom:DOTSType/UnityEngine.GameObject: aef60e3f2ae5ad9aaef60e3f2ae5ad9a -> 
  custom:SearchIndexIgnoredProperties: e643bd26f0fe6173181afceb89e7c659 -> 
  custom:DOTSAllSystemsVersion: ffb3322ebf2cc81fbcc35437f1236753 -> 
  custom:DOTSType/Unity.Physics.GraphicsIntegration.PhysicsGraphicalInterpolationBuffer: 7baea6e725f3208c7baea6e725f3208c -> 
  custom:AudioImporter_EditorPlatform: d09bf68614088b80899f8185d706f6e7 -> 
  custom:DOTSType/Tanks.Interface.CarnageSettings: 06a0f3af603600f206a0f3af603600f2 -> 
  custom:DOTSType/Zenject.ProjectContextEditor: f68c5f17562ef273f68c5f17562ef273 -> 
  custom:DOTSType/Unity.Entities.Serialization.DotsSerialization+FolderNode: 98c33d003d1b152b98c33d003d1b152b -> 
  custom:DOTSType/Unity.Entities.CompanionReference: 4de8f4179bbe96e74de8f4179bbe96e7 -> 
  custom:DOTSType/UnityEngine.VFX.VisualEffect: dc0e74262f371f63dc0e74262f371f63 -> 
  custom:DOTSType/Unity.Entities.Hybrid.Baking.AdditionalEntitiesBakingData: d81e35bf039925b8d81e35bf039925b8 -> 
  custom:DOTSType/UnityEngine.SpriteRenderer: 61a676ec163f72b161a676ec163f72b1 -> 
  custom:DOTSType/Unity.Entities.Editor.JournalingWrapperEditor: 7820ec03259d9ee57820ec03259d9ee5 -> 
  custom:DOTSType/Tanks.Tank.ProjectileTracker: 101b4b340f8400be101b4b340f8400be -> 
  custom:DOTSType/Unity.Deformations.SkinMatrix: 4b50a0962ac5e60d4b50a0962ac5e60d -> 
  custom:DOTSType/Unity.Scenes.WeakAssetReferenceLoadingData: 451a8b20bc4a35f6451a8b20bc4a35f6 -> 
  custom:DOTSType/Unity.Entities.BurstCompatibleSharedComponentData: 6239fcd2cd3b1c316239fcd2cd3b1c31 -> 
  custom:DOTSType/Unity.Physics.PhysicsCustomTags: 7d9dddf48b181c997d9dddf48b181c99 -> 
  custom:DOTSType/Zenject.SceneDecoratorContext: 47847979bf9052df47847979bf9052df -> 
  custom:DOTSType/Unity.Entities.Editor.ArchetypeWrapperEditor: fcd41c2e8cb6c202fcd41c2e8cb6c202 -> 
  custom:DOTSType/Unity.Physics.PhysicsGravityFactor: 8ab51309e4cdebcc8ab51309e4cdebcc -> 
  custom:DOTSType/Tanks.PlayerInputController: eeac7a82da062014eeac7a82da062014 -> 
  custom:DOTSType/Unity.Entities.SceneTag: 7a384971715860367a38497171586036 -> 
  custom:DOTSType/Unity.Physics.Systems.DummySimulationData: e73bf206ed8976b1e73bf206ed8976b1 -> 
  custom:DOTSType/Unity.Physics.CustomPhysicsProxyDriver: d8e4875a8f47327fd8e4875a8f47327f -> 
  custom:DOTSType/Unity.Entities.Editor.InvalidSelectionEditor: bb0f099005812d55bb0f099005812d55 -> 
  custom:DOTSType/Tanks.Interface.CarnageIndicator: 7a2a70789a91028f7a2a70789a91028f -> 
  custom:DOTSType/Unity.Physics.StepInputSingleton: f5a13022ab227cfff5a13022ab227cff -> 
  custom:DOTSType/Unity.Transforms.LocalToWorld: f07e17bb4e08548ef07e17bb4e08548e -> 
  custom:DOTSType/Unity.Entities.Prefab: 8cefcfc0e3366a618cefcfc0e3366a61 -> 
  custom:DOTSType/Unity.Transforms.PreviousParent: f7f96ed2f665f721f7f96ed2f665f721 -> 
  custom:DOTSType/Unity.Entities.EditorRenderData: 23031dfb0b685e0c23031dfb0b685e0c -> 
  custom:DOTSType/Tanks.TankGameInstaller: ab41efd1a1117644ab41efd1a1117644 -> 
  custom:DOTSType/Tanks.Tests.TestCarnageIndicator: c8904b0627773241c8904b0627773241 -> 
  custom:DOTSType/Unity.Entities.Editor.JournalEntry: fa64f1a8d5097849fa64f1a8d5097849 -> 
  custom:DOTSType/Unity.Scenes.GlobalEntitiesDependency: 272e3c9ba12b159e272e3c9ba12b159e -> 
  custom:audio-decoder-ogg-vorbis: bf7c407c2cedff20999df2af8eb42d56 -> 
  custom:ProjectSettings/EntitiesClientSettings.asset: 57fa4463d8597ee36c3803b5983b6213 -> 
  custom:DOTSType/Unity.Entities.RetainBlobAssets: e3007bd0d4f5ba8be3007bd0d4f5ba8b -> 
  custom:DOTSType/Tanks.TankAudioSystem: e0c4f60227f2a2a8e0c4f60227f2a2a8 -> 
  custom:DOTSType/Unity.Scenes.SceneSystemData: 358f9772a0e70c53358f9772a0e70c53 -> 
  custom:DOTSType/Zenject.SceneDecoratorContextEditor: ca86c2fb23338ef7ca86c2fb23338ef7 -> 
  custom:DOTSType/Unity.Physics.PhysicsWorldIndex: 44b485a5651ecbf844b485a5651ecbf8 -> 
  custom:DOTSType/Unity.Entities.EndInitializationEntityCommandBufferSystem+Singleton: 75800829e25c245f75800829e25c245f -> 
  custom:DOTSType/Unity.Entities.Build.EntitiesClientSettings: 379ca95f1f31bbbc379ca95f1f31bbbc -> 
  custom:DOTSType/Zenject.ProjectContext: 73c2192ee2a3347973c2192ee2a33479 -> 
  custom:DOTSType/Zenject.RunnableContextEditor: 761811f71f3da7bc761811f71f3da7bc -> 
  custom:DOTSType/UnityEngine.AudioSource: aed3a424fdd48d59aed3a424fdd48d59 -> 
  custom:DOTSType/Unity.Scenes.RequestEntityPrefabLoaded: fc4092a08e154a96fc4092a08e154a96 -> 
  custom:DOTSType/Unity.Entities.SystemInstance: bb0dfff8e9a48357bb0dfff8e9a48357 -> 
  custom:DOTSType/Unity.Entities.RemoveUnusedEntityInBake: 0973223cb916c16b0973223cb916c16b -> 
  custom:DOTSType/Unity.Entities.EndVariableRateSimulationEntityCommandBufferSystem+Singleton: 78d2450a82ebc20778d2450a82ebc207 -> 
  custom:DOTSType/Unity.Physics.DummyColliderFakesComponent`1[[Unity.Physics.CylinderCollider, Unity.Physics, Version=0.0.0.0, Culture=neutral, PublicKeyToken=null]]: 2d82e9daa82955bf2d82e9daa82955bf -> 
  custom:audio-encoder-webm-vorbis: bf7c407c2cedff20999df2af8eb42d56 -> 
  custom:DOTSType/Unity.Entities.BeginFixedStepSimulationEntityCommandBufferSystem+Singleton: 5857035820ee1e635857035820ee1e63 -> 
  custom:DOTSType/Unity.Physics.PhysicsJointCompanion: 655fde98af64ce94655fde98af64ce94 -> 
  custom:DOTSType/Unity.Scenes.WeakAssetPrefabLoadRequest: b6d72391c4d3d049b6d72391c4d3d049 -> 
  custom:DOTSType/Tanks.Legacy.LegacyTransmissionSettings: 84b2093787e9240c84b2093787e9240c -> 
  custom:DOTSType/Tanks.Legacy.Editor.LegacyTransmissionSettingsEditor: f063a9f322024a22f063a9f322024a22 -> 
  custom:DOTSType/Zenject.ScriptableObjectInstallerBase: 564d9b68561bb94d564d9b68561bb94d -> 
  custom:DOTSType/Unity.Physics.Editor.CustomPhysicsBodyTagNamesEditor: 5e056a649e13a00c5e056a649e13a00c -> 
  custom:DOTSType/Unity.Physics.PhysicsWorldSingleton: 90bad7c95a54d00590bad7c95a54d005 -> 
  custom:DOTSType/Unity.Entities.BurstCompatibleBufferElement: 9256282cac425e579256282cac425e57 -> 
  custom:DOTSType/Unity.Entities.CompanionLink: 4813070be25c6d6a4813070be25c6d6a -> 
  custom:DOTSType/Unity.Physics.DummyColliderFakesComponent`1[[Unity.Physics.PolygonCollider, Unity.Physics, Version=0.0.0.0, Culture=neutral, PublicKeyToken=null]]: 3f38e3dc511d48d23f38e3dc511d48d2 -> 
  custom:SceneMetaDataFileFormatVersion: 18e216f4893c3ae43d5b4b3a88de92ca -> 
  custom:DOTSType/Unity.Entities.Editor.SystemScheduleWindow: dfecb8af58c97f0adfecb8af58c97f0a -> 
  custom:DOTSType/Unity.Physics.PhysicsColliderKeyEntityPair: e3185876db01deade3185876db01dead -> 
  custom:DOTSType/Zenject.ContextEditor: 0791a612a42c17bc0791a612a42c17bc -> 
  custom:DOTSType/Zenject.AnimatorIkHandlerManager: 6bf1f62125213c446bf1f62125213c44 -> 
  custom:DOTSType/Unity.Transforms.LocalTransform: d07f194ee4791f00d07f194ee4791f00 -> 
  custom:DOTSType/Unity.Physics.PhysicsJoint: e49afdd9ec82159fe49afdd9ec82159f -> 
  custom:DOTSType/Unity.Scenes.PrefabAssetReference: 924b87ecab3719ce924b87ecab3719ce -> 
  custom:DOTSType/UnityEngine.Rigidbody: 90d4f52b90e97d3190d4f52b90e97d31 -> 
  custom:DOTSType/Unity.Transforms.PostTransformMatrix: d5b773053bc4fc92d5b773053bc4fc92 -> 
  custom:DOTSType/Unity.Entities.WorldTime: efd6631e6d47e1c0efd6631e6d47e1c0 -> 
  custom:DOTSType/Unity.Entities.Editor.ComponentsWindow: f3a47022486a5e37f3a47022486a5e37 -> 
  custom:DOTSType/Unity.Entities.Editor.JournalManager: bd6303929aef5048bd6303929aef5048 -> 
  custom:DOTSType/Zenject.SceneKernel: 14c92f57ead5fa5a14c92f57ead5fa5a -> 
  custom:DOTSType/Unity.Scenes.Editor.SubSceneImporter: fbc2a6bb48307f94fbc2a6bb48307f94 -> 
  custom:DOTSType/UnityEngine.Light: 47f771faf20222f647f771faf20222f6 -> 
  custom:DOTSType/Unity.Entities.EndFixedStepSimulationEntityCommandBufferSystem+Singleton: 903138f233c08b6f903138f233c08b6f -> 
  custom:DOTSType/Unity.Entities.Hybrid.Baking.LinkedEntityGroupAuthoring: 463b7158f57f2778463b7158f57f2778 -> 
  custom:DOTSType/Unity.Entities.BeginInitializationEntityCommandBufferSystem+Singleton: 1dafdf6276a3f02d1dafdf6276a3f02d -> 
  custom:DOTSType/Unity.Physics.SimulationSingleton: 2c12c15cc1aaefd42c12c15cc1aaefd4 -> 
  custom:DOTSType/Unity.Transforms.Child: 5a0b111d3c5ef1ef5a0b111d3c5ef1ef -> 
  custom:DOTSType/Unity.Entities.Editor.ComponentWrapperEditor: 8a0108ac83962ca58a0108ac83962ca5 -> 
  custom:video-codec-MediaFoundation-h265: 746d11721c4dcdbdad8f713fa42b33f4 -> 
  custom:DOTSType/Unity.Entities.SceneSectionData: eeed08dab67953cbeeed08dab67953cb -> 
  custom:DOTSType/Tanks.EffectPool: b07fd26d384c1aadb07fd26d384c1aad -> 
  custom:DOTSType/Zenject.Context: 7a9b164638a7c5fb7a9b164638a7c5fb -> 
  custom:DOTSType/Unity.Entities.Editor.EntitiesJournalingWindow: fb6228252c0089dcfb6228252c0089dc -> 
  custom:video-decoder-ogg-theora: a1e56fd34408186e4bbccfd4996cb3dc -> 
  custom:DOTSType/Unity.Scenes.ResolvedSceneHash: 10c2d6fb478167a310c2d6fb478167a3 -> 
  custom:DOTSType/Unity.Scenes.SceneSectionStreamingData: 01ac29b86b18dacf01ac29b86b18dacf -> 
  custom:DOTSType/Zenject.ZenjectStateMachineBehaviourAutoInjecter: bc2fa2415d8a8ef6bc2fa2415d8a8ef6 -> 
  custom:DOTSType/Unity.Entities.AdditionalEntityParent: a24d1678b03f0479a24d1678b03f0479 -> 
  custom:DOTSType/Unity.Entities.Simulate: e0c92315ec24632de0c92315ec24632d -> 
  custom:DOTSType/Unity.Physics.PhysicsVelocity: eae7719776411411eae7719776411411 -> 
  custom:DOTSType/Unity.Entities.Editor.SystemWrapperEditor: 8c892c6354f3a3138c892c6354f3a313 -> 
  custom:DOTSType/Unity.Entities.RetainBlobAssetBatchPtr: 14017b765908ee1d14017b765908ee1d -> 
  custom:DOTSType/Zenject.ZenjectBinding: 0569f6cfa9645a6e0569f6cfa9645a6e -> 
  custom:DOTSType/Tanks.Tests.TestCarnageIndicator+TestCarnageIndicatorEditor: a518ed1603ea4192a518ed1603ea4192 -> 
  custom:DOTSType/Unity.Physics.Authoring.CustomPhysicsProxyAuthoring: 90a4b67ea7c61e0c90a4b67ea7c61e0c -> 
  custom:DOTSType/Unity.Physics.Authoring.PhysicsMeshAuthoringData: 07c891dbd84b5d1c07c891dbd84b5d1c -> 
  custom:DOTSType/Unity.Scenes.LiveConversionPatcher+LiveConvertedSceneCleanup: 97dadd0f05dbc86997dadd0f05dbc869 -> 
  custom:DOTSType/UnityEngine.MeshCollider: 745c145fdcf1939e745c145fdcf1939e -> 
  custom:DOTSType/Unity.Physics.Authoring.ForceUniqueColliderAuthoring: 34be871ed7a74d6234be871ed7a74d62 -> 
  custom:DOTSType/Zenject.GameObjectContext: 694c79f9ded4c948694c79f9ded4c948 -> 
  custom:DOTSType/Unity.Physics.DummyColliderFakesComponent`1[[Unity.Physics.CapsuleCollider, Unity.Physics, Version=0.0.0.0, Culture=neutral, PublicKeyToken=null]]: 840aede77f375b4f840aede77f375b4f -> 
  custom:DOTSType/Unity.Physics.Authoring.StaticOptimizePhysicsBaking: f3a03d29cca9ceabf3a03d29cca9ceab -> 
  custom:DOTSType/Unity.Scenes.DisableLiveConversion: 543070e84ec00e2c543070e84ec00e2c -> 
  custom:DOTSType/Unity.Physics.Authoring.PhysicsCompoundData: 41f933035064165d41f933035064165d -> 
  custom:DOTSType/Tanks.AudioPool: 65d2a3a778887e6e65d2a3a778887e6e -> 
  custom:DOTSType/Unity.Physics.DummyColliderFakesComponent`1[[Unity.Physics.SphereCollider, Unity.Physics, Version=0.0.0.0, Culture=neutral, PublicKeyToken=null]]: 4818ec4955a46c414818ec4955a46c41 -> 
  custom:DOTSType/Unity.Transforms.Parent: 00b45826652a5ec600b45826652a5ec6 -> 
  custom:DOTSType/Unity.Physics.PhysicsCollider: 00548c0f8c0147a000548c0f8c0147a0 -> 
  custom:DOTSType/Unity.Physics.Authoring.PhysicsRootBaked: a150145af5348f6da150145af5348f6d -> 
  custom:DOTSType/Unity.Scenes.ResolveSceneReferenceSystem+AssetDependencyTrackerState: b2d132c8f66d836db2d132c8f66d836d -> 
  custom:DOTSType/Unity.Entities.CompanionLinkTransform: e392322015c13880e392322015c13880 -> 
  custom:DOTSType/Unity.Entities.Serialization.DotsSerialization+RevisionedRawDataNode: 7e711ae70d27259d7e711ae70d27259d -> 
  custom:CustomObjectIndexerAttribute: 9a22284fe3817be447336de3de66b15e -> 
  custom:DOTSType/Tanks.Projectile: 620e548336351b1d620e548336351b1d -> 
  custom:DOTSType/Unity.Physics.GraphicsIntegration.MostRecentFixedTime: 6c4396236e6646a76c4396236e6646a7 -> 
  custom:DOTSType/UnityEngine.ParticleSystem: 28fa60303afd747328fa60303afd7473 -> 
  custom:DOTSType/Unity.Physics.DummyColliderFakesComponent`1[[Unity.Physics.ConvexCollider, Unity.Physics, Version=0.0.0.0, Culture=neutral, PublicKeyToken=null]]: d00615a7bde8681ed00615a7bde8681e -> 
  custom:DOTSType/Unity.Physics.DummyColliderFakesComponent`1[[Unity.Physics.MeshCollider, Unity.Physics, Version=0.0.0.0, Culture=neutral, PublicKeyToken=null]]: 52b224b25d7c5a2552b224b25d7c5a25 -> 
  custom:container-demuxer-webm: 4f35f7cbe854078d1ac9338744f61a02 -> 
  custom:DOTSType/Unity.Entities.PrefabRoot: ea04b60a31090316ea04b60a31090316 -> 
  custom:DOTSType/Unity.Entities.RequestSceneLoaded: 62c081c918aff6ee62c081c918aff6ee -> 
  custom:DOTSType/Unity.Entities.BeginPresentationEntityCommandBufferSystem+Singleton: cbef056a920a5eadcbef056a920a5ead -> 
  custom:DOTSType/Unity.Entities.ChunkHeader: 490bb3205bb29fe6490bb3205bb29fe6 -> 
  custom:DOTSType/Unity.Scenes.IsSectionLoaded: 2e3c12f14f7600232e3c12f14f760023 -> 
  custom:DOTSType/Unity.Entities.Editor.SystemInfo: e869e7d857e70a99e869e7d857e70a99 -> 
  custom:DOTSType/Zenject.MonoInstaller: d4f508a97531178fd4f508a97531178f -> 
  custom:DOTSType/Unity.Entities.WorldTimeQueue: 48ce29752c66702348ce29752c667023 -> 
  custom:DOTSType/Unity.Entities.StaticOptimizeEntity: 346cca765bf51c72346cca765bf51c72 -> 
  custom:DOTSType/Unity.Entities.SectionMetadataSetup: 75ea136fdb0e54ba75ea136fdb0e54ba -> 
  custom:DOTSType/Tanks.ProjectilePool: ae6caa17fe3924ceae6caa17fe3924ce -> 
  custom:DOTSType/Unity.Scenes.SceneSectionReferencedUnityObjects: 2797689ad57679a22797689ad57679a2 -> 
  custom:DOTSType/Unity.Physics.Editor.PhysicsStepAuthoringEditor: b0470546a7982481b0470546a7982481 -> 
  custom:DOTSType/Unity.Physics.GraphicsIntegration.PhysicsRenderEntity: 17b73fa380da9cf517b73fa380da9cf5 -> 
  custom:DOTSType/Unity.Entities.Hybrid.Baking.LinkedEntityGroupBakingData: cd33507256493e18cd33507256493e18 -> 
  custom:DOTSType/UnityEngine.LODGroup: 15ad22bb5260348e15ad22bb5260348e -> 
  custom:DOTSType/Tanks.BaseInputController: 7c3584087687be277c3584087687be27 -> 
  custom:DOTSType/Unity.Entities.Editor.HierarchySelectionContext: eb8c02bbb8571091eb8c02bbb8571091 -> 
  custom:DOTSType/Unity.Physics.DummyColliderFakesComponent`1[[Unity.Physics.CompoundCollider, Unity.Physics, Version=0.0.0.0, Culture=neutral, PublicKeyToken=null]]: f0b0c805df9aab48f0b0c805df9aab48 -> 
  custom:DOTSType/Unity.Physics.Authoring.PhysicsColliderAuthoringData: 237ab57c84eb023d237ab57c84eb023d -> 
  custom:DOTSType/Unity.Entities.Entity: 295b0c964d12026f295b0c964d12026f -> 
  custom:DOTSType/Unity.Physics.DummyColliderFakesComponent`1[[Unity.Physics.TerrainCollider, Unity.Physics, Version=0.0.0.0, Culture=neutral, PublicKeyToken=null]]: 76d2966f42dff4df76d2966f42dff4df -> 
  custom:DOTSType/Unity.Scenes.PublicEntityRef: b380cfe1712d4500b380cfe1712d4500 -> 
  custom:DOTSType/Unity.Entities.Asset: 5205195e4c6bea1c5205195e4c6bea1c -> 
  custom:DOTSType/Unity.Physics.GraphicsIntegration.PhysicsGraphicalSmoothing: 1a649a11034ac6061a649a11034ac606 -> 
  custom:DOTSType/Unity.Physics.Systems.PhysicsAnalyticsSingleton: 261d1a0e3f762c88261d1a0e3f762c88 -> 
  custom:DOTSType/Unity.Physics.PhysicsTemporalCoherenceInfo: dd862a3ef5746267dd862a3ef5746267 -> 
  custom:DOTSType/Tanks.EffectPoolContainer: bf19857e7a596a2bbf19857e7a596a2b -> 
  custom:DOTSType/Unity.Physics.PhysicsStep: 4ca665c06bcf89ca4ca665c06bcf89ca -> 
  custom:DOTSType/UnityEngine.TextMesh: 6784c791d05273aa6784c791d05273aa -> 
  custom:DOTSType/Unity.Entities.CompanionGameObjectActiveCleanup: 4ff09409f1cce51f4ff09409f1cce51f -> 
  custom:DOTSType/Tanks.ReloadIndicator: 83d1d641d15e1d5483d1d641d15e1d54 -> 
  custom:DOTSType/Zenject.RunnableContext: f37beb99d06e39fbf37beb99d06e39fb -> 
  custom:DOTSType/Unity.Physics.Authoring.PhysicsDebugDisplayData: 0cdccf70b9e5e20d0cdccf70b9e5e20d -> 
  custom:DOTSType/Unity.Scenes.AssetObjectManifest: 84d682f40d46c88184d682f40d46c881 -> 
  custom:DOTSType/Unity.Entities.PostLoadCommandBuffer: d658541e4a41540dd658541e4a41540d -> 
  custom:DOTSType/Unity.Entities.Editor.ArchetypeInfo: b8b1bbcc600f6437b8b1bbcc600f6437 -> 
  custom:DOTSType/Tanks.Interface.Speedometer: 158cdf1f7f3d0d9c158cdf1f7f3d0d9c -> 
  custom:DOTSType/Tanks.BattleRam: 87a27f4ae62d951387a27f4ae62d9513 -> 
  custom:DOTSType/UnityEngine.BoxCollider: 8e5b85c4fec088d48e5b85c4fec088d4 -> 
  custom:DOTSType/Unity.Entities.Serialization.ExternalEntityReference: 415f45c8b00c90a4415f45c8b00c90a4 -> 
  custom:DOTSType/Unity.Entities.SceneSectionComponent: 22f65411cbba718222f65411cbba7182 -> 
  custom:DOTSType/Unity.Scenes.PrefabLoadResult: 71615367c37f030371615367c37f0303 -> 
  custom:DOTSType/Unity.Scenes.SceneSectionStreamingSystem+StreamingState: 7014161ec3350ad07014161ec3350ad0 -> 
  custom:DOTSType/Unity.Entities.Editor.UnsupportedEntityEditor: f4c4238e5d78020af4c4238e5d78020a -> 
  custom:DOTSType/Unity.Scenes.ResolvedSectionEntity: e83509e6ef73df7ae83509e6ef73df7a -> 
  custom:DOTSType/Unity.Scenes.DisableSceneResolveAndLoad: 41c98fa73f31b21a41c98fa73f31b21a -> 
  custom:DOTSType/Unity.Entities.LinkedEntityGroup: c1b61ecd5260e852c1b61ecd5260e852 -> 
  custom:DOTSType/Unity.Physics.Authoring.RigidbodyBakingData: 66caf1f3818b52fc66caf1f3818b52fc -> 
  custom:DOTSType/Zenject.ScriptableObjectInstaller: 47201fb43b11147d47201fb43b11147d -> 
  custom:DOTSType/Unity.Physics.Authoring.DetailedStaticMeshCollisionAuthoring: 35a7576e30820a5e35a7576e30820a5e -> 
  custom:DOTSType/Unity.Entities.Editor.UnsupportedGameObjectEditor: 5cff923fd1c387e15cff923fd1c387e1 -> 
  custom:DOTSType/Tanks.CinemachineInputCustomProvider: 53bf68681542a65453bf68681542a654 -> 
  custom:DOTSType/Zenject.SceneContext: 30c70a59093b925c30c70a59093b925c -> 
  custom:DOTSType/UnityEngine.MeshRenderer: 77aa4cb33b84a90377aa4cb33b84a903 -> 
  custom:DOTSType/Unity.Physics.Authoring.BakeStaticRoot: ac81d98288eb78feac81d98288eb78fe -> 
  custom:DOTSType/Unity.Entities.Serialization.DotsSerialization+StringTableNode: db9aacf636d95b56db9aacf636d95b56 -> 
  custom:DOTSType/Zenject.SceneContextEditor: f5ac3d9288ab62bbf5ac3d9288ab62bb -> 
  custom:DOTSType/Unity.Entities.Disabled: ea10d702b0a42592ea10d702b0a42592 -> 
  custom:DOTSType/Unity.Entities.Editor.EntityEditor: 4502e3ccdb7ac0e04502e3ccdb7ac0e0 -> 
  custom:DOTSType/Unity.Physics.Systems.BroadphaseData: cf796e61bbb1c05fcf796e61bbb1c05f -> 
  custom:DOTSType/Unity.Entities.Editor.ArchetypesWindow: bde482c89698b5c7bde482c89698b5c7 -> 
  custom:DOTSType/Unity.Physics.PhysicsMass: dd66b9b7945f3ac7dd66b9b7945f3ac7 -> 
  custom:DOTSType/Unity.Physics.Systems.BuildPhysicsWorldData: 403d401e5c7292c3403d401e5c7292c3 -> 
  custom:DOTSType/Unity.Scenes.SceneBoundingVolume: 3407604aa951263f3407604aa951263f -> 
  custom:video-encoder-webm-vp8: eb34c28f22e8b96e1ab97ce403110664 -> 
  custom:DOTSType/Unity.Physics.Authoring.PhysicsColliderBakedData: 4b51dd6d702fa42d4b51dd6d702fa42d -> 
  custom:DOTSType/UnityEngine.SphereCollider: 82c25a73f4a3118382c25a73f4a31183 -> 
  custom:DOTSType/Unity.Scenes.SubScene: ac4196b7e94e44ecac4196b7e94e44ec -> 
  custom:DOTSType/Unity.Physics.DummyColliderFakesComponent`1[[Unity.Physics.Collider, Unity.Physics, Version=0.0.0.0, Culture=neutral, PublicKeyToken=null]]: 9b1dfcaf09a3b4529b1dfcaf09a3b452 -> 
  custom:DOTSType/Unity.Entities.Editor.HierarchyEntityChangeTracker+UnusedTag: e99f3a5fcb8d8012e99f3a5fcb8d8012 -> 
  custom:DOTSType/Unity.Physics.PhysicsMassOverride: 6fcef11ae9d1bc306fcef11ae9d1bc30 -> 
  custom:DOTSType/Unity.Entities.BlobAssetOwner: c83c63163f833390c83c63163f833390 -> 
  custom:DOTSType/Zenject.CheatSheet+Foo: 818256864703f221818256864703f221 -> 
  custom:DOTSType/Unity.Physics.Authoring.CustomPhysicsBodyTagNames: cf633e3d702fe67dcf633e3d702fe67d -> 
  custom:DOTSType/UnityEngine.CapsuleCollider: be84ea475def5c96be84ea475def5c96 -> 
  custom:DOTSType/Unity.Physics.PhysicsTemporalCoherenceTag: 078e815b3514dfd3078e815b3514dfd3 -> 
  custom:DOTSType/Unity.Entities.Editor.JournalManagerWrapperEditor: cb69e60b3422ccebcb69e60b3422cceb -> 
  custom:DOTSType/Unity.Entities.SceneReference: 93a995b4b28fc25393a995b4b28fc253 -> 
  custom:DOTSType/Unity.Entities.Editor.UnsupportedPrefabEntityEditor: 42b92ebb8c8886cf42b92ebb8c8886cf -> 
  custom:DOTSType/Unity.Entities.Serialization.DotsSerialization+NodeHeader: 2a912a6fdedc77ae2a912a6fdedc77ae -> 
  custom:DOTSType/Zenject.ZenAutoInjecter: 778eb5667a6355bc778eb5667a6355bc -> 
  custom:DOTSType/Unity.Entities.SceneSection: bdba69731fc8f3e7bdba69731fc8f3e7 -> 
  custom:DOTSType/Tanks.Patrol: af24d179ee3e03f0af24d179ee3e03f0 -> 
  custom:DOTSType/Unity.Physics.DummyColliderFakesComponent`1[[Unity.Physics.BoxCollider, Unity.Physics, Version=0.0.0.0, Culture=neutral, PublicKeyToken=null]]: f425b7fd66e06988f425b7fd66e06988 -> 
  custom:DOTSType/Unity.Entities.TransformAuthoring: d03322d6827741e8d03322d6827741e8 -> 
  custom:DOTSType/Zenject.ProjectKernel: efdc3d3e4e17fb07efdc3d3e4e17fb07 -> 
  custom:DOTSType/Tanks.TransmissionSettings: b0a3fa15cf2503fcb0a3fa15cf2503fc -> 
  custom:DOTSType/UnityEngine.ParticleSystemRenderer: 818ef389bd33d482818ef389bd33d482 -> 
  custom:DOTSType/Unity.Entities.BeginSimulationEntityCommandBufferSystem+Singleton: 5406e750b86f24a55406e750b86f24a5 -> 
  custom:DOTSType/Unity.Scenes.Editor.GlobalEntitiesDependencyInspector: 3df09afcbb66d7bb3df09afcbb66d7bb -> 
========================================================================
Received Prepare
Assembly reference Packages/com.unity.entities/Unity.Scenes.Editor/Internals/Properties/Unity.Properties.Internals.asmref has no target assembly definition
Assembly reference Packages/com.unity.entities/Unity.Scenes.Editor/Internals/Properties/Unity.Properties.Internals.asmref has no target assembly definition
Begin MonoManager ReloadAssembly
- Loaded All Assemblies, in  0.917 seconds
Refreshing native plugins compatible for Editor in 11.07 ms, found 5 plugins.
Native extension for WindowsStandalone target not found
Assembly reference Packages/com.unity.entities/Unity.Scenes.Editor/Internals/Properties/Unity.Properties.Internals.asmref has no target assembly definition
TypeManager.Initialize took: 266ms
Mono: successfully reloaded assembly
- Finished resetting the current domain, in  2.787 seconds
Domain Reload Profiling: 3701ms
	BeginReloadAssembly (279ms)
		ExecutionOrderSort (0ms)
		DisableScriptedObjects (11ms)
		BackupInstance (0ms)
		ReleaseScriptingObjects (0ms)
		CreateAndSetChildDomain (101ms)
	RebuildCommonClasses (47ms)
	RebuildNativeTypeToScriptingClass (19ms)
	initialDomainReloadingComplete (55ms)
	LoadAllAssembliesAndSetupDomain (514ms)
		LoadAssemblies (609ms)
		RebuildTransferFunctionScriptingTraits (0ms)
		AnalyzeDomain (27ms)
			TypeCache.Refresh (9ms)
				TypeCache.ScanAssembly (0ms)
			ScanForSourceGeneratedMonoScriptInfo (0ms)
			ResolveRequiredComponents (15ms)
	FinalizeReload (2788ms)
		ReleaseScriptCaches (0ms)
		RebuildScriptCaches (0ms)
		SetupLoadedEditorAssemblies (1856ms)
			LogAssemblyErrors (0ms)
			InitializePlatformSupportModulesInManaged (12ms)
			SetLoadedEditorAssemblies (16ms)
			RefreshPlugins (0ms)
			BeforeProcessingInitializeOnLoad (281ms)
			ProcessInitializeOnLoadAttributes (1160ms)
			ProcessInitializeOnLoadMethodAttributes (375ms)
			AfterProcessingInitializeOnLoad (10ms)
			EditorAssembliesLoaded (1ms)
		ExecutionOrderSort2 (0ms)
		AwakeInstancesAfterBackupRestoration (8ms)
Refreshing native plugins compatible for Editor in 9.75 ms, found 5 plugins.
Preloading 0 native plugins for Editor in 0.00 ms.
Unloading 6859 Unused Serialized files (Serialized files now loaded: 0)
Unloading 95 unused Assets / (123.5 KB). Loaded Objects now: 7330.
Memory consumption went from 220.9 MB to 220.8 MB.
Total: 7.372700 ms (FindLiveObjects: 0.790800 ms CreateObjectMapping: 0.904900 ms MarkObjects: 5.488700 ms  DeleteObjects: 0.186800 ms)

Unloading 0 Unused Serialized files (Serialized files now loaded: 0)
Unloading 0 unused Assets / (149.8 KB). Loaded Objects now: 7330.
Memory consumption went from 220.7 MB to 220.6 MB.
Total: 7.687200 ms (FindLiveObjects: 0.788600 ms CreateObjectMapping: 0.729900 ms MarkObjects: 5.977800 ms  DeleteObjects: 0.189000 ms)

Prepare: number of updated asset objects reloaded= 0
AssetImportParameters requested are different than current active one (requested -> active):
  custom:DOTSType/Zenject.MonoInstallerBase: 95f86c107dc723fe95f86c107dc723fe -> 
  custom:DOTSType/Unity.Entities.EntityGuid: 8e99211435a26d668e99211435a26d66 -> 
  custom:DOTSType/Tanks.TurretController: e7fde51fa66b4c5ee7fde51fa66b4c5e -> 
  custom:DOTSType/Unity.Entities.DefaultWorldInitializationProxy: 3bc53c9cad9070363bc53c9cad907036 -> 
  custom:container-demuxer-ogg: 62fdf1f143b41e24485cea50d1cbac27 -> 
  custom:DOTSType/Zenject.Internal.DefaultSceneContractConfig: a78f29ab0132239ca78f29ab0132239c -> 
  custom:DOTSType/Unity.Physics.EnsureUniqueColliderBlobTag: 3e3264c9c7497b3b3e3264c9c7497b3b -> 
  custom:DOTSType/Unity.Scenes.SceneEntityReference: 646ffd19b744bbdb646ffd19b744bbdb -> 
  custom:DOTSType/Unity.Entities.Hybrid.Baking.BakingOnlyEntityAuthoringBaker+BakingOnlyChildren: 9c3cc3aa8ff875949c3cc3aa8ff87594 -> 
  custom:DOTSType/Unity.Entities.EntityManager+IsolateCopiedEntities: 703c8c39c22b63af703c8c39c22b63af -> 
  custom:DOTSType/Unity.Entities.BeginVariableRateSimulationEntityCommandBufferSystem+Singleton: 40006e500ad5800440006e500ad58004 -> 
  custom:DOTSType/UnityEngine.LightProbeProxyVolume: cd06291433fcac4ccd06291433fcac4c -> 
  custom:EntityBinaryFileFormatVersion: b618570c169a919bbb95b4bd7e4084ba -> 
  custom:DOTSType/Unity.Physics.Authoring.DisplayGizmoColliderEdges+DrawWithGizmos: a6749ec75af14c28a6749ec75af14c28 -> 
  custom:DOTSType/Tanks.SkyRotation: 6a30c8e81d68dcd96a30c8e81d68dcd9 -> 
  custom:DOTSType/Unity.Entities.Editor.ComponentInfo: b6911f4bc3b03db5b6911f4bc3b03db5 -> 
  custom:DOTSType/Unity.Entities.BurstCompatibleComponentData: 1d232e8370167ced1d232e8370167ced -> 
  custom:DOTSType/Unity.Entities.RetainBlobAssetPtr: f51a437fde39ac82f51a437fde39ac82 -> 
  custom:DOTSType/Unity.Physics.Authoring.PhysicsStepAuthoring: 29ca86243fe93d3b29ca86243fe93d3b -> 
  custom:DOTSType/Unity.Entities.BakedEntity: 6cda7616df5335d16cda7616df5335d1 -> 
  custom:DOTSType/Unity.Transforms.Static: a08c19e85cdd5a49a08c19e85cdd5a49 -> 
  custom:DOTSType/Unity.Entities.Editor.InvalidEntityEditor: c09028623072dbb6c09028623072dbb6 -> 
  custom:DOTSType/UnityEngine.Collider: e796157eabb2316ee796157eabb2316e -> 
  custom:framework-win-MediaFoundation: 216162199b28c13a410421893ffa2e32 -> 
  custom:DOTSType/UnityEngine.Transform: 3954159e9eb625f23954159e9eb625f2 -> 
  custom:DOTSType/Unity.Physics.Authoring.PhysicsWorldIndexAuthoring: c35779b88bcbf0f5c35779b88bcbf0f5 -> 
  custom:DOTSType/Unity.Scenes.Editor.GameObjectSceneMetaDataImporter: 35c29e171f7f1b1235c29e171f7f1b12 -> 
  custom:DOTSType/Tanks.Wheel: 8000d516241cf2618000d516241cf261 -> 
  custom:DOTSType/Unity.Entities.Editor.EntitySelectionProxy: 640f096afb1dc192640f096afb1dc192 -> 
  custom:DOTSType/Tanks.Tests.TestInputController: da9d7109e7aa2efada9d7109e7aa2efa -> 
  custom:DOTSType/Unity.Entities.OmitLinkedEntityGroupFromPrefabInstance: d5447758848371b8d5447758848371b8 -> 
  custom:DOTSType/Unity.Entities.Editor.HierarchyWindow: 68a3d7f4e81dfa3968a3d7f4e81dfa39 -> 
  custom:DOTSType/Unity.Entities.CleanupEntity: 91c2e7742ff7a40291c2e7742ff7a402 -> 
  custom:DOTSType/Zenject.MonoKernel: ad622fbf2f55726ead622fbf2f55726e -> 
  custom:DOTSType/Zenject.DefaultGameObjectKernel: 4e750c357d05f8164e750c357d05f816 -> 
  custom:DOTSType/Zenject.GameObjectContextEditor: e47fe5c2e2a879a3e47fe5c2e2a879a3 -> 
  custom:DOTSType/Unity.Scenes.RequestSceneHeader: 539e2df9dd1c5383539e2df9dd1c5383 -> 
  custom:DOTSType/Unity.Entities.BakingOnlyEntity: 6d61bb30b0fe96a06d61bb30b0fe96a0 -> 
  custom:DOTSType/UnityEngine.ReflectionProbe: 74c5d94e403ee5bf74c5d94e403ee5bf -> 
  custom:DOTSType/Unity.Physics.Authoring.PhysicsWorldIndexBakingData: eb7993b47224fdb3eb7993b47224fdb3 -> 
  custom:DOTSType/Tanks.TankController: 5fe8cedbca51d9d55fe8cedbca51d9d5 -> 
  custom:DOTSType/Unity.Scenes.Editor.ClearEntitiesCacheWindow: ff5e4942d7943fe4ff5e4942d7943fe4 -> 
  custom:DOTSType/Unity.Entities.Serialization.DotsSerialization+TypeNamesNode: 481f56363f3115ba481f56363f3115ba -> 
  custom:DOTSType/Unity.Entities.Hybrid.Baking.BakingOnlyEntityAuthoring: b00feda2188a9371b00feda2188a9371 -> 
  custom:DOTSType/Unity.Scenes.ResolvedSectionPath: bf9e38f006f83cb7bf9e38f006f83cb7 -> 
  custom:DOTSType/Unity.Deformations.BlendShapeWeight: d26eabb95dfc9b4dd26eabb95dfc9b4d -> 
  custom:DOTSType/Unity.Scenes.ReferencedUnityObjects: b8073d4731436522b8073d4731436522 -> 
  custom:DOTSType/Unity.Physics.Authoring.PhysicsDebugDisplayAuthoring: 048169f5bbaf7cd0048169f5bbaf7cd0 -> 
  custom:DOTSType/Unity.Scenes.Editor.SubSceneInspector: 6e96e553cf64778e6e96e553cf64778e -> 
  custom:DOTSType/Unity.Physics.GraphicsIntegration.SmoothRigidBodiesGraphicalMotion+RigidBodySmoothingWorldIndex: 988440dd19a406ed988440dd19a406ed -> 
  custom:DOTSType/Unity.Physics.PhysicsConstrainedBodyPair: 37ca29e9e58c191137ca29e9e58c1911 -> 
  custom:DOTSType/Unity.Physics.ColliderBlobCleanupData: 18f3eb94199c5e3618f3eb94199c5e36 -> 
  custom:DOTSType/Unity.Physics.PhysicsDamping: 579a7188c5fb1464579a7188c5fb1464 -> 
  custom:container-muxer-webm: aa71ff27fc2769a1b78a27578f13a17b -> 
  custom:DOTSType/Unity.Entities.CompanionGameObjectUpdateTransformCleanup: 0a4e12c25aaf05e00a4e12c25aaf05e0 -> 
  custom:DOTSType/Tanks.Editor.TransmissionSettingsEditor: 5c05f270edf687155c05f270edf68715 -> 
  custom:DOTSType/Unity.Entities.EndSimulationEntityCommandBufferSystem+Singleton: 6cc3a7136f47def06cc3a7136f47def0 -> 
  custom:DOTSType/Unity.Physics.Authoring.PhysicsDebugDisplaySystem+DrawComponent: fbecd1af1d76e089fbecd1af1d76e089 -> 
  custom:video-decoder-webm-vp8: 9c59270c3fd7afecdb556c50c9e8de78 -> 
  custom:DOTSType/Zenject.GuiRenderer: 77a380f71106289e77a380f71106289e -> 
  custom:DOTSType/Zenject.AnimatorMoveHandlerManager: 48d7fbeaa25297da48d7fbeaa25297da -> 
  custom:DOTSType/UnityEngine.GameObject: aef60e3f2ae5ad9aaef60e3f2ae5ad9a -> 
  custom:SearchIndexIgnoredProperties: e643bd26f0fe6173181afceb89e7c659 -> 
  custom:DOTSAllSystemsVersion: ffb3322ebf2cc81fbcc35437f1236753 -> 
  custom:DOTSType/Unity.Physics.GraphicsIntegration.PhysicsGraphicalInterpolationBuffer: 7baea6e725f3208c7baea6e725f3208c -> 
  custom:AudioImporter_EditorPlatform: d09bf68614088b80899f8185d706f6e7 -> 
  custom:DOTSType/Tanks.Interface.CarnageSettings: 06a0f3af603600f206a0f3af603600f2 -> 
  custom:DOTSType/Zenject.ProjectContextEditor: f68c5f17562ef273f68c5f17562ef273 -> 
  custom:DOTSType/Unity.Entities.Serialization.DotsSerialization+FolderNode: 98c33d003d1b152b98c33d003d1b152b -> 
  custom:DOTSType/Unity.Entities.CompanionReference: 4de8f4179bbe96e74de8f4179bbe96e7 -> 
  custom:DOTSType/UnityEngine.VFX.VisualEffect: dc0e74262f371f63dc0e74262f371f63 -> 
  custom:DOTSType/Unity.Entities.Hybrid.Baking.AdditionalEntitiesBakingData: d81e35bf039925b8d81e35bf039925b8 -> 
  custom:DOTSType/UnityEngine.SpriteRenderer: 61a676ec163f72b161a676ec163f72b1 -> 
  custom:DOTSType/Unity.Entities.Editor.JournalingWrapperEditor: 7820ec03259d9ee57820ec03259d9ee5 -> 
  custom:DOTSType/Tanks.Tank.ProjectileTracker: 101b4b340f8400be101b4b340f8400be -> 
  custom:DOTSType/Unity.Deformations.SkinMatrix: 4b50a0962ac5e60d4b50a0962ac5e60d -> 
  custom:DOTSType/Unity.Scenes.WeakAssetReferenceLoadingData: 451a8b20bc4a35f6451a8b20bc4a35f6 -> 
  custom:DOTSType/Unity.Entities.BurstCompatibleSharedComponentData: 6239fcd2cd3b1c316239fcd2cd3b1c31 -> 
  custom:DOTSType/Unity.Physics.PhysicsCustomTags: 7d9dddf48b181c997d9dddf48b181c99 -> 
  custom:DOTSType/Zenject.SceneDecoratorContext: 47847979bf9052df47847979bf9052df -> 
  custom:DOTSType/Unity.Entities.Editor.ArchetypeWrapperEditor: fcd41c2e8cb6c202fcd41c2e8cb6c202 -> 
  custom:DOTSType/Unity.Physics.PhysicsGravityFactor: 8ab51309e4cdebcc8ab51309e4cdebcc -> 
  custom:DOTSType/Tanks.PlayerInputController: eeac7a82da062014eeac7a82da062014 -> 
  custom:DOTSType/Unity.Entities.SceneTag: 7a384971715860367a38497171586036 -> 
  custom:DOTSType/Unity.Physics.Systems.DummySimulationData: e73bf206ed8976b1e73bf206ed8976b1 -> 
  custom:DOTSType/Unity.Physics.CustomPhysicsProxyDriver: d8e4875a8f47327fd8e4875a8f47327f -> 
  custom:DOTSType/Unity.Entities.Editor.InvalidSelectionEditor: bb0f099005812d55bb0f099005812d55 -> 
  custom:DOTSType/Tanks.Interface.CarnageIndicator: 7a2a70789a91028f7a2a70789a91028f -> 
  custom:DOTSType/Unity.Physics.StepInputSingleton: f5a13022ab227cfff5a13022ab227cff -> 
  custom:DOTSType/Unity.Transforms.LocalToWorld: f07e17bb4e08548ef07e17bb4e08548e -> 
  custom:DOTSType/Unity.Entities.Prefab: 8cefcfc0e3366a618cefcfc0e3366a61 -> 
  custom:DOTSType/Unity.Transforms.PreviousParent: f7f96ed2f665f721f7f96ed2f665f721 -> 
  custom:DOTSType/Unity.Entities.EditorRenderData: 23031dfb0b685e0c23031dfb0b685e0c -> 
  custom:DOTSType/Tanks.TankGameInstaller: ab41efd1a1117644ab41efd1a1117644 -> 
  custom:DOTSType/Tanks.Tests.TestCarnageIndicator: c8904b0627773241c8904b0627773241 -> 
  custom:DOTSType/Unity.Entities.Editor.JournalEntry: fa64f1a8d5097849fa64f1a8d5097849 -> 
  custom:DOTSType/Unity.Scenes.GlobalEntitiesDependency: 272e3c9ba12b159e272e3c9ba12b159e -> 
  custom:audio-decoder-ogg-vorbis: bf7c407c2cedff20999df2af8eb42d56 -> 
  custom:ProjectSettings/EntitiesClientSettings.asset: 57fa4463d8597ee36c3803b5983b6213 -> 
  custom:DOTSType/Unity.Entities.RetainBlobAssets: e3007bd0d4f5ba8be3007bd0d4f5ba8b -> 
  custom:DOTSType/Tanks.TankAudioSystem: e0c4f60227f2a2a8e0c4f60227f2a2a8 -> 
  custom:DOTSType/Unity.Scenes.SceneSystemData: 358f9772a0e70c53358f9772a0e70c53 -> 
  custom:DOTSType/Zenject.SceneDecoratorContextEditor: ca86c2fb23338ef7ca86c2fb23338ef7 -> 
  custom:DOTSType/Unity.Physics.PhysicsWorldIndex: 44b485a5651ecbf844b485a5651ecbf8 -> 
  custom:DOTSType/Unity.Entities.EndInitializationEntityCommandBufferSystem+Singleton: 75800829e25c245f75800829e25c245f -> 
  custom:DOTSType/Unity.Entities.Build.EntitiesClientSettings: 379ca95f1f31bbbc379ca95f1f31bbbc -> 
  custom:DOTSType/Zenject.ProjectContext: 73c2192ee2a3347973c2192ee2a33479 -> 
  custom:DOTSType/Zenject.RunnableContextEditor: 761811f71f3da7bc761811f71f3da7bc -> 
  custom:DOTSType/UnityEngine.AudioSource: aed3a424fdd48d59aed3a424fdd48d59 -> 
  custom:DOTSType/Unity.Scenes.RequestEntityPrefabLoaded: fc4092a08e154a96fc4092a08e154a96 -> 
  custom:DOTSType/Unity.Entities.SystemInstance: bb0dfff8e9a48357bb0dfff8e9a48357 -> 
  custom:DOTSType/Unity.Entities.RemoveUnusedEntityInBake: 0973223cb916c16b0973223cb916c16b -> 
  custom:DOTSType/Unity.Entities.EndVariableRateSimulationEntityCommandBufferSystem+Singleton: 78d2450a82ebc20778d2450a82ebc207 -> 
  custom:DOTSType/Unity.Physics.DummyColliderFakesComponent`1[[Unity.Physics.CylinderCollider, Unity.Physics, Version=0.0.0.0, Culture=neutral, PublicKeyToken=null]]: 2d82e9daa82955bf2d82e9daa82955bf -> 
  custom:audio-encoder-webm-vorbis: bf7c407c2cedff20999df2af8eb42d56 -> 
  custom:DOTSType/Unity.Entities.BeginFixedStepSimulationEntityCommandBufferSystem+Singleton: 5857035820ee1e635857035820ee1e63 -> 
  custom:DOTSType/Unity.Physics.PhysicsJointCompanion: 655fde98af64ce94655fde98af64ce94 -> 
  custom:DOTSType/Unity.Scenes.WeakAssetPrefabLoadRequest: b6d72391c4d3d049b6d72391c4d3d049 -> 
  custom:DOTSType/Tanks.Legacy.LegacyTransmissionSettings: 84b2093787e9240c84b2093787e9240c -> 
  custom:DOTSType/Tanks.Legacy.Editor.LegacyTransmissionSettingsEditor: f063a9f322024a22f063a9f322024a22 -> 
  custom:DOTSType/Zenject.ScriptableObjectInstallerBase: 564d9b68561bb94d564d9b68561bb94d -> 
  custom:DOTSType/Unity.Physics.Editor.CustomPhysicsBodyTagNamesEditor: 5e056a649e13a00c5e056a649e13a00c -> 
  custom:DOTSType/Unity.Physics.PhysicsWorldSingleton: 90bad7c95a54d00590bad7c95a54d005 -> 
  custom:DOTSType/Unity.Entities.BurstCompatibleBufferElement: 9256282cac425e579256282cac425e57 -> 
  custom:DOTSType/Unity.Entities.CompanionLink: 4813070be25c6d6a4813070be25c6d6a -> 
  custom:DOTSType/Unity.Physics.DummyColliderFakesComponent`1[[Unity.Physics.PolygonCollider, Unity.Physics, Version=0.0.0.0, Culture=neutral, PublicKeyToken=null]]: 3f38e3dc511d48d23f38e3dc511d48d2 -> 
  custom:SceneMetaDataFileFormatVersion: 18e216f4893c3ae43d5b4b3a88de92ca -> 
  custom:DOTSType/Unity.Entities.Editor.SystemScheduleWindow: dfecb8af58c97f0adfecb8af58c97f0a -> 
  custom:DOTSType/Unity.Physics.PhysicsColliderKeyEntityPair: e3185876db01deade3185876db01dead -> 
  custom:DOTSType/Zenject.ContextEditor: 0791a612a42c17bc0791a612a42c17bc -> 
  custom:DOTSType/Zenject.AnimatorIkHandlerManager: 6bf1f62125213c446bf1f62125213c44 -> 
  custom:DOTSType/Unity.Transforms.LocalTransform: d07f194ee4791f00d07f194ee4791f00 -> 
  custom:DOTSType/Unity.Physics.PhysicsJoint: e49afdd9ec82159fe49afdd9ec82159f -> 
  custom:DOTSType/Unity.Scenes.PrefabAssetReference: 924b87ecab3719ce924b87ecab3719ce -> 
  custom:DOTSType/UnityEngine.Rigidbody: 90d4f52b90e97d3190d4f52b90e97d31 -> 
  custom:DOTSType/Unity.Transforms.PostTransformMatrix: d5b773053bc4fc92d5b773053bc4fc92 -> 
  custom:DOTSType/Unity.Entities.WorldTime: efd6631e6d47e1c0efd6631e6d47e1c0 -> 
  custom:DOTSType/Unity.Entities.Editor.ComponentsWindow: f3a47022486a5e37f3a47022486a5e37 -> 
  custom:DOTSType/Unity.Entities.Editor.JournalManager: bd6303929aef5048bd6303929aef5048 -> 
  custom:DOTSType/Zenject.SceneKernel: 14c92f57ead5fa5a14c92f57ead5fa5a -> 
  custom:DOTSType/Unity.Scenes.Editor.SubSceneImporter: fbc2a6bb48307f94fbc2a6bb48307f94 -> 
  custom:DOTSType/UnityEngine.Light: 47f771faf20222f647f771faf20222f6 -> 
  custom:DOTSType/Unity.Entities.EndFixedStepSimulationEntityCommandBufferSystem+Singleton: 903138f233c08b6f903138f233c08b6f -> 
  custom:DOTSType/Unity.Entities.Hybrid.Baking.LinkedEntityGroupAuthoring: 463b7158f57f2778463b7158f57f2778 -> 
  custom:DOTSType/Unity.Entities.BeginInitializationEntityCommandBufferSystem+Singleton: 1dafdf6276a3f02d1dafdf6276a3f02d -> 
  custom:DOTSType/Unity.Physics.SimulationSingleton: 2c12c15cc1aaefd42c12c15cc1aaefd4 -> 
  custom:DOTSType/Unity.Transforms.Child: 5a0b111d3c5ef1ef5a0b111d3c5ef1ef -> 
  custom:DOTSType/Unity.Entities.Editor.ComponentWrapperEditor: 8a0108ac83962ca58a0108ac83962ca5 -> 
  custom:video-codec-MediaFoundation-h265: 746d11721c4dcdbdad8f713fa42b33f4 -> 
  custom:DOTSType/Unity.Entities.SceneSectionData: eeed08dab67953cbeeed08dab67953cb -> 
  custom:DOTSType/Tanks.EffectPool: b07fd26d384c1aadb07fd26d384c1aad -> 
  custom:DOTSType/Zenject.Context: 7a9b164638a7c5fb7a9b164638a7c5fb -> 
  custom:DOTSType/Unity.Entities.Editor.EntitiesJournalingWindow: fb6228252c0089dcfb6228252c0089dc -> 
  custom:video-decoder-ogg-theora: a1e56fd34408186e4bbccfd4996cb3dc -> 
  custom:DOTSType/Unity.Scenes.ResolvedSceneHash: 10c2d6fb478167a310c2d6fb478167a3 -> 
  custom:DOTSType/Unity.Scenes.SceneSectionStreamingData: 01ac29b86b18dacf01ac29b86b18dacf -> 
  custom:DOTSType/Zenject.ZenjectStateMachineBehaviourAutoInjecter: bc2fa2415d8a8ef6bc2fa2415d8a8ef6 -> 
  custom:DOTSType/Unity.Entities.AdditionalEntityParent: a24d1678b03f0479a24d1678b03f0479 -> 
  custom:DOTSType/Unity.Entities.Simulate: e0c92315ec24632de0c92315ec24632d -> 
  custom:DOTSType/Unity.Physics.PhysicsVelocity: eae7719776411411eae7719776411411 -> 
  custom:DOTSType/Unity.Entities.Editor.SystemWrapperEditor: 8c892c6354f3a3138c892c6354f3a313 -> 
  custom:DOTSType/Unity.Entities.RetainBlobAssetBatchPtr: 14017b765908ee1d14017b765908ee1d -> 
  custom:DOTSType/Zenject.ZenjectBinding: 0569f6cfa9645a6e0569f6cfa9645a6e -> 
  custom:DOTSType/Tanks.Tests.TestCarnageIndicator+TestCarnageIndicatorEditor: a518ed1603ea4192a518ed1603ea4192 -> 
  custom:DOTSType/Unity.Physics.Authoring.CustomPhysicsProxyAuthoring: 90a4b67ea7c61e0c90a4b67ea7c61e0c -> 
  custom:DOTSType/Unity.Physics.Authoring.PhysicsMeshAuthoringData: 07c891dbd84b5d1c07c891dbd84b5d1c -> 
  custom:DOTSType/Unity.Scenes.LiveConversionPatcher+LiveConvertedSceneCleanup: 97dadd0f05dbc86997dadd0f05dbc869 -> 
  custom:DOTSType/UnityEngine.MeshCollider: 745c145fdcf1939e745c145fdcf1939e -> 
  custom:DOTSType/Unity.Physics.Authoring.ForceUniqueColliderAuthoring: 34be871ed7a74d6234be871ed7a74d62 -> 
  custom:DOTSType/Zenject.GameObjectContext: 694c79f9ded4c948694c79f9ded4c948 -> 
  custom:DOTSType/Unity.Physics.DummyColliderFakesComponent`1[[Unity.Physics.CapsuleCollider, Unity.Physics, Version=0.0.0.0, Culture=neutral, PublicKeyToken=null]]: 840aede77f375b4f840aede77f375b4f -> 
  custom:DOTSType/Unity.Physics.Authoring.StaticOptimizePhysicsBaking: f3a03d29cca9ceabf3a03d29cca9ceab -> 
  custom:DOTSType/Unity.Scenes.DisableLiveConversion: 543070e84ec00e2c543070e84ec00e2c -> 
  custom:DOTSType/Unity.Physics.Authoring.PhysicsCompoundData: 41f933035064165d41f933035064165d -> 
  custom:DOTSType/Tanks.AudioPool: 65d2a3a778887e6e65d2a3a778887e6e -> 
  custom:DOTSType/Unity.Physics.DummyColliderFakesComponent`1[[Unity.Physics.SphereCollider, Unity.Physics, Version=0.0.0.0, Culture=neutral, PublicKeyToken=null]]: 4818ec4955a46c414818ec4955a46c41 -> 
  custom:DOTSType/Unity.Transforms.Parent: 00b45826652a5ec600b45826652a5ec6 -> 
  custom:DOTSType/Unity.Physics.PhysicsCollider: 00548c0f8c0147a000548c0f8c0147a0 -> 
  custom:DOTSType/Unity.Physics.Authoring.PhysicsRootBaked: a150145af5348f6da150145af5348f6d -> 
  custom:DOTSType/Unity.Scenes.ResolveSceneReferenceSystem+AssetDependencyTrackerState: b2d132c8f66d836db2d132c8f66d836d -> 
  custom:DOTSType/Unity.Entities.CompanionLinkTransform: e392322015c13880e392322015c13880 -> 
  custom:DOTSType/Unity.Entities.Serialization.DotsSerialization+RevisionedRawDataNode: 7e711ae70d27259d7e711ae70d27259d -> 
  custom:CustomObjectIndexerAttribute: 9a22284fe3817be447336de3de66b15e -> 
  custom:DOTSType/Tanks.Projectile: 620e548336351b1d620e548336351b1d -> 
  custom:DOTSType/Unity.Physics.GraphicsIntegration.MostRecentFixedTime: 6c4396236e6646a76c4396236e6646a7 -> 
  custom:DOTSType/UnityEngine.ParticleSystem: 28fa60303afd747328fa60303afd7473 -> 
  custom:DOTSType/Unity.Physics.DummyColliderFakesComponent`1[[Unity.Physics.ConvexCollider, Unity.Physics, Version=0.0.0.0, Culture=neutral, PublicKeyToken=null]]: d00615a7bde8681ed00615a7bde8681e -> 
  custom:DOTSType/Unity.Physics.DummyColliderFakesComponent`1[[Unity.Physics.MeshCollider, Unity.Physics, Version=0.0.0.0, Culture=neutral, PublicKeyToken=null]]: 52b224b25d7c5a2552b224b25d7c5a25 -> 
  custom:container-demuxer-webm: 4f35f7cbe854078d1ac9338744f61a02 -> 
  custom:DOTSType/Unity.Entities.PrefabRoot: ea04b60a31090316ea04b60a31090316 -> 
  custom:DOTSType/Unity.Entities.RequestSceneLoaded: 62c081c918aff6ee62c081c918aff6ee -> 
  custom:DOTSType/Unity.Entities.BeginPresentationEntityCommandBufferSystem+Singleton: cbef056a920a5eadcbef056a920a5ead -> 
  custom:DOTSType/Unity.Entities.ChunkHeader: 490bb3205bb29fe6490bb3205bb29fe6 -> 
  custom:DOTSType/Unity.Scenes.IsSectionLoaded: 2e3c12f14f7600232e3c12f14f760023 -> 
  custom:DOTSType/Unity.Entities.Editor.SystemInfo: e869e7d857e70a99e869e7d857e70a99 -> 
  custom:DOTSType/Zenject.MonoInstaller: d4f508a97531178fd4f508a97531178f -> 
  custom:DOTSType/Unity.Entities.WorldTimeQueue: 48ce29752c66702348ce29752c667023 -> 
  custom:DOTSType/Unity.Entities.StaticOptimizeEntity: 346cca765bf51c72346cca765bf51c72 -> 
  custom:DOTSType/Unity.Entities.SectionMetadataSetup: 75ea136fdb0e54ba75ea136fdb0e54ba -> 
  custom:DOTSType/Tanks.ProjectilePool: ae6caa17fe3924ceae6caa17fe3924ce -> 
  custom:DOTSType/Unity.Scenes.SceneSectionReferencedUnityObjects: 2797689ad57679a22797689ad57679a2 -> 
  custom:DOTSType/Unity.Physics.Editor.PhysicsStepAuthoringEditor: b0470546a7982481b0470546a7982481 -> 
  custom:DOTSType/Unity.Physics.GraphicsIntegration.PhysicsRenderEntity: 17b73fa380da9cf517b73fa380da9cf5 -> 
  custom:DOTSType/Unity.Entities.Hybrid.Baking.LinkedEntityGroupBakingData: cd33507256493e18cd33507256493e18 -> 
  custom:DOTSType/UnityEngine.LODGroup: 15ad22bb5260348e15ad22bb5260348e -> 
  custom:DOTSType/Tanks.BaseInputController: 7c3584087687be277c3584087687be27 -> 
  custom:DOTSType/Unity.Entities.Editor.HierarchySelectionContext: eb8c02bbb8571091eb8c02bbb8571091 -> 
  custom:DOTSType/Unity.Physics.DummyColliderFakesComponent`1[[Unity.Physics.CompoundCollider, Unity.Physics, Version=0.0.0.0, Culture=neutral, PublicKeyToken=null]]: f0b0c805df9aab48f0b0c805df9aab48 -> 
  custom:DOTSType/Unity.Physics.Authoring.PhysicsColliderAuthoringData: 237ab57c84eb023d237ab57c84eb023d -> 
  custom:DOTSType/Unity.Entities.Entity: 295b0c964d12026f295b0c964d12026f -> 
  custom:DOTSType/Unity.Physics.DummyColliderFakesComponent`1[[Unity.Physics.TerrainCollider, Unity.Physics, Version=0.0.0.0, Culture=neutral, PublicKeyToken=null]]: 76d2966f42dff4df76d2966f42dff4df -> 
  custom:DOTSType/Unity.Scenes.PublicEntityRef: b380cfe1712d4500b380cfe1712d4500 -> 
  custom:DOTSType/Unity.Entities.Asset: 5205195e4c6bea1c5205195e4c6bea1c -> 
  custom:DOTSType/Unity.Physics.GraphicsIntegration.PhysicsGraphicalSmoothing: 1a649a11034ac6061a649a11034ac606 -> 
  custom:DOTSType/Unity.Physics.Systems.PhysicsAnalyticsSingleton: 261d1a0e3f762c88261d1a0e3f762c88 -> 
  custom:DOTSType/Unity.Physics.PhysicsTemporalCoherenceInfo: dd862a3ef5746267dd862a3ef5746267 -> 
  custom:DOTSType/Tanks.EffectPoolContainer: bf19857e7a596a2bbf19857e7a596a2b -> 
  custom:DOTSType/Unity.Physics.PhysicsStep: 4ca665c06bcf89ca4ca665c06bcf89ca -> 
  custom:DOTSType/UnityEngine.TextMesh: 6784c791d05273aa6784c791d05273aa -> 
  custom:DOTSType/Unity.Entities.CompanionGameObjectActiveCleanup: 4ff09409f1cce51f4ff09409f1cce51f -> 
  custom:DOTSType/Tanks.ReloadIndicator: 83d1d641d15e1d5483d1d641d15e1d54 -> 
  custom:DOTSType/Zenject.RunnableContext: f37beb99d06e39fbf37beb99d06e39fb -> 
  custom:DOTSType/Unity.Physics.Authoring.PhysicsDebugDisplayData: 0cdccf70b9e5e20d0cdccf70b9e5e20d -> 
  custom:DOTSType/Unity.Scenes.AssetObjectManifest: 84d682f40d46c88184d682f40d46c881 -> 
  custom:DOTSType/Unity.Entities.PostLoadCommandBuffer: d658541e4a41540dd658541e4a41540d -> 
  custom:DOTSType/Unity.Entities.Editor.ArchetypeInfo: b8b1bbcc600f6437b8b1bbcc600f6437 -> 
  custom:DOTSType/Tanks.Interface.Speedometer: 158cdf1f7f3d0d9c158cdf1f7f3d0d9c -> 
  custom:DOTSType/Tanks.BattleRam: 87a27f4ae62d951387a27f4ae62d9513 -> 
  custom:DOTSType/UnityEngine.BoxCollider: 8e5b85c4fec088d48e5b85c4fec088d4 -> 
  custom:DOTSType/Unity.Entities.Serialization.ExternalEntityReference: 415f45c8b00c90a4415f45c8b00c90a4 -> 
  custom:DOTSType/Unity.Entities.SceneSectionComponent: 22f65411cbba718222f65411cbba7182 -> 
  custom:DOTSType/Unity.Scenes.PrefabLoadResult: 71615367c37f030371615367c37f0303 -> 
  custom:DOTSType/Unity.Scenes.SceneSectionStreamingSystem+StreamingState: 7014161ec3350ad07014161ec3350ad0 -> 
  custom:DOTSType/Unity.Entities.Editor.UnsupportedEntityEditor: f4c4238e5d78020af4c4238e5d78020a -> 
  custom:DOTSType/Unity.Scenes.ResolvedSectionEntity: e83509e6ef73df7ae83509e6ef73df7a -> 
  custom:DOTSType/Unity.Scenes.DisableSceneResolveAndLoad: 41c98fa73f31b21a41c98fa73f31b21a -> 
  custom:DOTSType/Unity.Entities.LinkedEntityGroup: c1b61ecd5260e852c1b61ecd5260e852 -> 
  custom:DOTSType/Unity.Physics.Authoring.RigidbodyBakingData: 66caf1f3818b52fc66caf1f3818b52fc -> 
  custom:DOTSType/Zenject.ScriptableObjectInstaller: 47201fb43b11147d47201fb43b11147d -> 
  custom:DOTSType/Unity.Physics.Authoring.DetailedStaticMeshCollisionAuthoring: 35a7576e30820a5e35a7576e30820a5e -> 
  custom:DOTSType/Unity.Entities.Editor.UnsupportedGameObjectEditor: 5cff923fd1c387e15cff923fd1c387e1 -> 
  custom:DOTSType/Tanks.CinemachineInputCustomProvider: 53bf68681542a65453bf68681542a654 -> 
  custom:DOTSType/Zenject.SceneContext: 30c70a59093b925c30c70a59093b925c -> 
  custom:DOTSType/UnityEngine.MeshRenderer: 77aa4cb33b84a90377aa4cb33b84a903 -> 
  custom:DOTSType/Unity.Physics.Authoring.BakeStaticRoot: ac81d98288eb78feac81d98288eb78fe -> 
  custom:DOTSType/Unity.Entities.Serialization.DotsSerialization+StringTableNode: db9aacf636d95b56db9aacf636d95b56 -> 
  custom:DOTSType/Zenject.SceneContextEditor: f5ac3d9288ab62bbf5ac3d9288ab62bb -> 
  custom:DOTSType/Unity.Entities.Disabled: ea10d702b0a42592ea10d702b0a42592 -> 
  custom:DOTSType/Unity.Entities.Editor.EntityEditor: 4502e3ccdb7ac0e04502e3ccdb7ac0e0 -> 
  custom:DOTSType/Unity.Physics.Systems.BroadphaseData: cf796e61bbb1c05fcf796e61bbb1c05f -> 
  custom:DOTSType/Unity.Entities.Editor.ArchetypesWindow: bde482c89698b5c7bde482c89698b5c7 -> 
  custom:DOTSType/Unity.Physics.PhysicsMass: dd66b9b7945f3ac7dd66b9b7945f3ac7 -> 
  custom:DOTSType/Unity.Physics.Systems.BuildPhysicsWorldData: 403d401e5c7292c3403d401e5c7292c3 -> 
  custom:DOTSType/Unity.Scenes.SceneBoundingVolume: 3407604aa951263f3407604aa951263f -> 
  custom:video-encoder-webm-vp8: eb34c28f22e8b96e1ab97ce403110664 -> 
  custom:DOTSType/Unity.Physics.Authoring.PhysicsColliderBakedData: 4b51dd6d702fa42d4b51dd6d702fa42d -> 
  custom:DOTSType/UnityEngine.SphereCollider: 82c25a73f4a3118382c25a73f4a31183 -> 
  custom:DOTSType/Unity.Scenes.SubScene: ac4196b7e94e44ecac4196b7e94e44ec -> 
  custom:DOTSType/Unity.Physics.DummyColliderFakesComponent`1[[Unity.Physics.Collider, Unity.Physics, Version=0.0.0.0, Culture=neutral, PublicKeyToken=null]]: 9b1dfcaf09a3b4529b1dfcaf09a3b452 -> 
  custom:DOTSType/Unity.Entities.Editor.HierarchyEntityChangeTracker+UnusedTag: e99f3a5fcb8d8012e99f3a5fcb8d8012 -> 
  custom:DOTSType/Unity.Physics.PhysicsMassOverride: 6fcef11ae9d1bc306fcef11ae9d1bc30 -> 
  custom:DOTSType/Unity.Entities.BlobAssetOwner: c83c63163f833390c83c63163f833390 -> 
  custom:DOTSType/Zenject.CheatSheet+Foo: 818256864703f221818256864703f221 -> 
  custom:DOTSType/Unity.Physics.Authoring.CustomPhysicsBodyTagNames: cf633e3d702fe67dcf633e3d702fe67d -> 
  custom:DOTSType/UnityEngine.CapsuleCollider: be84ea475def5c96be84ea475def5c96 -> 
  custom:DOTSType/Unity.Physics.PhysicsTemporalCoherenceTag: 078e815b3514dfd3078e815b3514dfd3 -> 
  custom:DOTSType/Unity.Entities.Editor.JournalManagerWrapperEditor: cb69e60b3422ccebcb69e60b3422cceb -> 
  custom:DOTSType/Unity.Entities.SceneReference: 93a995b4b28fc25393a995b4b28fc253 -> 
  custom:DOTSType/Unity.Entities.Editor.UnsupportedPrefabEntityEditor: 42b92ebb8c8886cf42b92ebb8c8886cf -> 
  custom:DOTSType/Unity.Entities.Serialization.DotsSerialization+NodeHeader: 2a912a6fdedc77ae2a912a6fdedc77ae -> 
  custom:DOTSType/Zenject.ZenAutoInjecter: 778eb5667a6355bc778eb5667a6355bc -> 
  custom:DOTSType/Unity.Entities.SceneSection: bdba69731fc8f3e7bdba69731fc8f3e7 -> 
  custom:DOTSType/Tanks.Patrol: af24d179ee3e03f0af24d179ee3e03f0 -> 
  custom:DOTSType/Unity.Physics.DummyColliderFakesComponent`1[[Unity.Physics.BoxCollider, Unity.Physics, Version=0.0.0.0, Culture=neutral, PublicKeyToken=null]]: f425b7fd66e06988f425b7fd66e06988 -> 
  custom:DOTSType/Unity.Entities.TransformAuthoring: d03322d6827741e8d03322d6827741e8 -> 
  custom:DOTSType/Zenject.ProjectKernel: efdc3d3e4e17fb07efdc3d3e4e17fb07 -> 
  custom:DOTSType/Tanks.TransmissionSettings: b0a3fa15cf2503fcb0a3fa15cf2503fc -> 
  custom:DOTSType/UnityEngine.ParticleSystemRenderer: 818ef389bd33d482818ef389bd33d482 -> 
  custom:DOTSType/Unity.Entities.BeginSimulationEntityCommandBufferSystem+Singleton: 5406e750b86f24a55406e750b86f24a5 -> 
  custom:DOTSType/Unity.Scenes.Editor.GlobalEntitiesDependencyInspector: 3df09afcbb66d7bb3df09afcbb66d7bb -> 
========================================================================
Received Prepare
Assembly reference Packages/com.unity.entities/Unity.Scenes.Editor/Internals/Properties/Unity.Properties.Internals.asmref has no target assembly definition
Assembly reference Packages/com.unity.entities/Unity.Scenes.Editor/Internals/Properties/Unity.Properties.Internals.asmref has no target assembly definition
Begin MonoManager ReloadAssembly
- Loaded All Assemblies, in  0.925 seconds
Refreshing native plugins compatible for Editor in 8.86 ms, found 5 plugins.
Native extension for WindowsStandalone target not found
Assembly reference Packages/com.unity.entities/Unity.Scenes.Editor/Internals/Properties/Unity.Properties.Internals.asmref has no target assembly definition
TypeManager.Initialize took: 257ms
Mono: successfully reloaded assembly
- Finished resetting the current domain, in  2.986 seconds
Domain Reload Profiling: 3909ms
	BeginReloadAssembly (293ms)
		ExecutionOrderSort (0ms)
		DisableScriptedObjects (9ms)
		BackupInstance (0ms)
		ReleaseScriptingObjects (0ms)
		CreateAndSetChildDomain (115ms)
	RebuildCommonClasses (54ms)
	RebuildNativeTypeToScriptingClass (19ms)
	initialDomainReloadingComplete (50ms)
	LoadAllAssembliesAndSetupDomain (506ms)
		LoadAssemblies (608ms)
		RebuildTransferFunctionScriptingTraits (0ms)
		AnalyzeDomain (24ms)
			TypeCache.Refresh (9ms)
				TypeCache.ScanAssembly (0ms)
			ScanForSourceGeneratedMonoScriptInfo (0ms)
			ResolveRequiredComponents (12ms)
	FinalizeReload (2987ms)
		ReleaseScriptCaches (0ms)
		RebuildScriptCaches (0ms)
		SetupLoadedEditorAssemblies (2046ms)
			LogAssemblyErrors (0ms)
			InitializePlatformSupportModulesInManaged (12ms)
			SetLoadedEditorAssemblies (12ms)
			RefreshPlugins (0ms)
			BeforeProcessingInitializeOnLoad (313ms)
			ProcessInitializeOnLoadAttributes (1263ms)
			ProcessInitializeOnLoadMethodAttributes (431ms)
			AfterProcessingInitializeOnLoad (14ms)
			EditorAssembliesLoaded (1ms)
		ExecutionOrderSort2 (0ms)
		AwakeInstancesAfterBackupRestoration (10ms)
Refreshing native plugins compatible for Editor in 13.63 ms, found 5 plugins.
Preloading 0 native plugins for Editor in 0.00 ms.
Unloading 6859 Unused Serialized files (Serialized files now loaded: 0)
Unloading 95 unused Assets / (123.5 KB). Loaded Objects now: 7331.
Memory consumption went from 220.9 MB to 220.8 MB.
Total: 8.633500 ms (FindLiveObjects: 0.800400 ms CreateObjectMapping: 1.246100 ms MarkObjects: 6.162300 ms  DeleteObjects: 0.422600 ms)

Unloading 0 Unused Serialized files (Serialized files now loaded: 0)
Unloading 0 unused Assets / (153.0 KB). Loaded Objects now: 7331.
Memory consumption went from 220.7 MB to 220.6 MB.
Total: 8.253100 ms (FindLiveObjects: 0.713500 ms CreateObjectMapping: 0.754800 ms MarkObjects: 6.669600 ms  DeleteObjects: 0.114300 ms)

Prepare: number of updated asset objects reloaded= 0
AssetImportParameters requested are different than current active one (requested -> active):
  custom:DOTSType/Zenject.MonoInstallerBase: 95f86c107dc723fe95f86c107dc723fe -> 
  custom:DOTSType/Unity.Entities.EntityGuid: 8e99211435a26d668e99211435a26d66 -> 
  custom:DOTSType/Tanks.TurretController: e7fde51fa66b4c5ee7fde51fa66b4c5e -> 
  custom:DOTSType/Unity.Entities.DefaultWorldInitializationProxy: 3bc53c9cad9070363bc53c9cad907036 -> 
  custom:container-demuxer-ogg: 62fdf1f143b41e24485cea50d1cbac27 -> 
  custom:DOTSType/Zenject.Internal.DefaultSceneContractConfig: a78f29ab0132239ca78f29ab0132239c -> 
  custom:DOTSType/Unity.Physics.EnsureUniqueColliderBlobTag: 3e3264c9c7497b3b3e3264c9c7497b3b -> 
  custom:DOTSType/Unity.Scenes.SceneEntityReference: 646ffd19b744bbdb646ffd19b744bbdb -> 
  custom:DOTSType/Unity.Entities.Hybrid.Baking.BakingOnlyEntityAuthoringBaker+BakingOnlyChildren: 9c3cc3aa8ff875949c3cc3aa8ff87594 -> 
  custom:DOTSType/Unity.Entities.EntityManager+IsolateCopiedEntities: 703c8c39c22b63af703c8c39c22b63af -> 
  custom:DOTSType/Unity.Entities.BeginVariableRateSimulationEntityCommandBufferSystem+Singleton: 40006e500ad5800440006e500ad58004 -> 
  custom:DOTSType/UnityEngine.LightProbeProxyVolume: cd06291433fcac4ccd06291433fcac4c -> 
  custom:EntityBinaryFileFormatVersion: b618570c169a919bbb95b4bd7e4084ba -> 
  custom:DOTSType/Unity.Physics.Authoring.DisplayGizmoColliderEdges+DrawWithGizmos: a6749ec75af14c28a6749ec75af14c28 -> 
  custom:DOTSType/Tanks.SkyRotation: 6a30c8e81d68dcd96a30c8e81d68dcd9 -> 
  custom:DOTSType/Unity.Entities.Editor.ComponentInfo: b6911f4bc3b03db5b6911f4bc3b03db5 -> 
  custom:DOTSType/Unity.Entities.BurstCompatibleComponentData: 1d232e8370167ced1d232e8370167ced -> 
  custom:DOTSType/Unity.Entities.RetainBlobAssetPtr: f51a437fde39ac82f51a437fde39ac82 -> 
  custom:DOTSType/Unity.Physics.Authoring.PhysicsStepAuthoring: 29ca86243fe93d3b29ca86243fe93d3b -> 
  custom:DOTSType/Unity.Entities.BakedEntity: 6cda7616df5335d16cda7616df5335d1 -> 
  custom:DOTSType/Unity.Transforms.Static: a08c19e85cdd5a49a08c19e85cdd5a49 -> 
  custom:DOTSType/Unity.Entities.Editor.InvalidEntityEditor: c09028623072dbb6c09028623072dbb6 -> 
  custom:DOTSType/UnityEngine.Collider: e796157eabb2316ee796157eabb2316e -> 
  custom:framework-win-MediaFoundation: 216162199b28c13a410421893ffa2e32 -> 
  custom:DOTSType/UnityEngine.Transform: 3954159e9eb625f23954159e9eb625f2 -> 
  custom:DOTSType/Unity.Physics.Authoring.PhysicsWorldIndexAuthoring: c35779b88bcbf0f5c35779b88bcbf0f5 -> 
  custom:DOTSType/Unity.Scenes.Editor.GameObjectSceneMetaDataImporter: 35c29e171f7f1b1235c29e171f7f1b12 -> 
  custom:DOTSType/Tanks.Wheel: 8000d516241cf2618000d516241cf261 -> 
  custom:DOTSType/Unity.Entities.Editor.EntitySelectionProxy: 640f096afb1dc192640f096afb1dc192 -> 
  custom:DOTSType/Tanks.Tests.TestInputController: da9d7109e7aa2efada9d7109e7aa2efa -> 
  custom:DOTSType/Unity.Entities.OmitLinkedEntityGroupFromPrefabInstance: d5447758848371b8d5447758848371b8 -> 
  custom:DOTSType/Unity.Entities.Editor.HierarchyWindow: 68a3d7f4e81dfa3968a3d7f4e81dfa39 -> 
  custom:DOTSType/Unity.Entities.CleanupEntity: 91c2e7742ff7a40291c2e7742ff7a402 -> 
  custom:DOTSType/Zenject.MonoKernel: ad622fbf2f55726ead622fbf2f55726e -> 
  custom:DOTSType/Zenject.DefaultGameObjectKernel: 4e750c357d05f8164e750c357d05f816 -> 
  custom:DOTSType/Zenject.GameObjectContextEditor: e47fe5c2e2a879a3e47fe5c2e2a879a3 -> 
  custom:DOTSType/Unity.Scenes.RequestSceneHeader: 539e2df9dd1c5383539e2df9dd1c5383 -> 
  custom:DOTSType/Unity.Entities.BakingOnlyEntity: 6d61bb30b0fe96a06d61bb30b0fe96a0 -> 
  custom:DOTSType/UnityEngine.ReflectionProbe: 74c5d94e403ee5bf74c5d94e403ee5bf -> 
  custom:DOTSType/Unity.Physics.Authoring.PhysicsWorldIndexBakingData: eb7993b47224fdb3eb7993b47224fdb3 -> 
  custom:DOTSType/Tanks.TankController: 5fe8cedbca51d9d55fe8cedbca51d9d5 -> 
  custom:DOTSType/Unity.Scenes.Editor.ClearEntitiesCacheWindow: ff5e4942d7943fe4ff5e4942d7943fe4 -> 
  custom:DOTSType/Unity.Entities.Serialization.DotsSerialization+TypeNamesNode: 481f56363f3115ba481f56363f3115ba -> 
  custom:DOTSType/Unity.Entities.Hybrid.Baking.BakingOnlyEntityAuthoring: b00feda2188a9371b00feda2188a9371 -> 
  custom:DOTSType/Unity.Scenes.ResolvedSectionPath: bf9e38f006f83cb7bf9e38f006f83cb7 -> 
  custom:DOTSType/Unity.Deformations.BlendShapeWeight: d26eabb95dfc9b4dd26eabb95dfc9b4d -> 
  custom:DOTSType/Unity.Scenes.ReferencedUnityObjects: b8073d4731436522b8073d4731436522 -> 
  custom:DOTSType/Unity.Physics.Authoring.PhysicsDebugDisplayAuthoring: 048169f5bbaf7cd0048169f5bbaf7cd0 -> 
  custom:DOTSType/Unity.Scenes.Editor.SubSceneInspector: 6e96e553cf64778e6e96e553cf64778e -> 
  custom:DOTSType/Unity.Physics.GraphicsIntegration.SmoothRigidBodiesGraphicalMotion+RigidBodySmoothingWorldIndex: 988440dd19a406ed988440dd19a406ed -> 
  custom:DOTSType/Unity.Physics.PhysicsConstrainedBodyPair: 37ca29e9e58c191137ca29e9e58c1911 -> 
  custom:DOTSType/Unity.Physics.ColliderBlobCleanupData: 18f3eb94199c5e3618f3eb94199c5e36 -> 
  custom:DOTSType/Unity.Physics.PhysicsDamping: 579a7188c5fb1464579a7188c5fb1464 -> 
  custom:container-muxer-webm: aa71ff27fc2769a1b78a27578f13a17b -> 
  custom:DOTSType/Unity.Entities.CompanionGameObjectUpdateTransformCleanup: 0a4e12c25aaf05e00a4e12c25aaf05e0 -> 
  custom:DOTSType/Tanks.Editor.TransmissionSettingsEditor: 5c05f270edf687155c05f270edf68715 -> 
  custom:DOTSType/Unity.Entities.EndSimulationEntityCommandBufferSystem+Singleton: 6cc3a7136f47def06cc3a7136f47def0 -> 
  custom:DOTSType/Unity.Physics.Authoring.PhysicsDebugDisplaySystem+DrawComponent: fbecd1af1d76e089fbecd1af1d76e089 -> 
  custom:video-decoder-webm-vp8: 9c59270c3fd7afecdb556c50c9e8de78 -> 
  custom:DOTSType/Zenject.GuiRenderer: 77a380f71106289e77a380f71106289e -> 
  custom:DOTSType/Zenject.AnimatorMoveHandlerManager: 48d7fbeaa25297da48d7fbeaa25297da -> 
  custom:DOTSType/UnityEngine.GameObject: aef60e3f2ae5ad9aaef60e3f2ae5ad9a -> 
  custom:SearchIndexIgnoredProperties: e643bd26f0fe6173181afceb89e7c659 -> 
  custom:DOTSAllSystemsVersion: ffb3322ebf2cc81fbcc35437f1236753 -> 
  custom:DOTSType/Unity.Physics.GraphicsIntegration.PhysicsGraphicalInterpolationBuffer: 7baea6e725f3208c7baea6e725f3208c -> 
  custom:AudioImporter_EditorPlatform: d09bf68614088b80899f8185d706f6e7 -> 
  custom:DOTSType/Tanks.Interface.CarnageSettings: 06a0f3af603600f206a0f3af603600f2 -> 
  custom:DOTSType/Zenject.ProjectContextEditor: f68c5f17562ef273f68c5f17562ef273 -> 
  custom:DOTSType/Unity.Entities.Serialization.DotsSerialization+FolderNode: 98c33d003d1b152b98c33d003d1b152b -> 
  custom:DOTSType/Unity.Entities.CompanionReference: 4de8f4179bbe96e74de8f4179bbe96e7 -> 
  custom:DOTSType/UnityEngine.VFX.VisualEffect: dc0e74262f371f63dc0e74262f371f63 -> 
  custom:DOTSType/Unity.Entities.Hybrid.Baking.AdditionalEntitiesBakingData: d81e35bf039925b8d81e35bf039925b8 -> 
  custom:DOTSType/UnityEngine.SpriteRenderer: 61a676ec163f72b161a676ec163f72b1 -> 
  custom:DOTSType/Unity.Entities.Editor.JournalingWrapperEditor: 7820ec03259d9ee57820ec03259d9ee5 -> 
  custom:DOTSType/Tanks.Tank.ProjectileTracker: 101b4b340f8400be101b4b340f8400be -> 
  custom:DOTSType/Unity.Deformations.SkinMatrix: 4b50a0962ac5e60d4b50a0962ac5e60d -> 
  custom:DOTSType/Unity.Scenes.WeakAssetReferenceLoadingData: 451a8b20bc4a35f6451a8b20bc4a35f6 -> 
  custom:DOTSType/Unity.Entities.BurstCompatibleSharedComponentData: 6239fcd2cd3b1c316239fcd2cd3b1c31 -> 
  custom:DOTSType/Unity.Physics.PhysicsCustomTags: 7d9dddf48b181c997d9dddf48b181c99 -> 
  custom:DOTSType/Zenject.SceneDecoratorContext: 47847979bf9052df47847979bf9052df -> 
  custom:DOTSType/Unity.Entities.Editor.ArchetypeWrapperEditor: fcd41c2e8cb6c202fcd41c2e8cb6c202 -> 
  custom:DOTSType/Unity.Physics.PhysicsGravityFactor: 8ab51309e4cdebcc8ab51309e4cdebcc -> 
  custom:DOTSType/Tanks.PlayerInputController: eeac7a82da062014eeac7a82da062014 -> 
  custom:DOTSType/Unity.Entities.SceneTag: 7a384971715860367a38497171586036 -> 
  custom:DOTSType/Unity.Physics.Systems.DummySimulationData: e73bf206ed8976b1e73bf206ed8976b1 -> 
  custom:DOTSType/Unity.Physics.CustomPhysicsProxyDriver: d8e4875a8f47327fd8e4875a8f47327f -> 
  custom:DOTSType/Unity.Entities.Editor.InvalidSelectionEditor: bb0f099005812d55bb0f099005812d55 -> 
  custom:DOTSType/Tanks.Interface.CarnageIndicator: 7a2a70789a91028f7a2a70789a91028f -> 
  custom:DOTSType/Unity.Physics.StepInputSingleton: f5a13022ab227cfff5a13022ab227cff -> 
  custom:DOTSType/Unity.Transforms.LocalToWorld: f07e17bb4e08548ef07e17bb4e08548e -> 
  custom:DOTSType/Unity.Entities.Prefab: 8cefcfc0e3366a618cefcfc0e3366a61 -> 
  custom:DOTSType/Unity.Transforms.PreviousParent: f7f96ed2f665f721f7f96ed2f665f721 -> 
  custom:DOTSType/Unity.Entities.EditorRenderData: 23031dfb0b685e0c23031dfb0b685e0c -> 
  custom:DOTSType/Tanks.TankGameInstaller: ab41efd1a1117644ab41efd1a1117644 -> 
  custom:DOTSType/Tanks.Tests.TestCarnageIndicator: c8904b0627773241c8904b0627773241 -> 
  custom:DOTSType/Unity.Entities.Editor.JournalEntry: fa64f1a8d5097849fa64f1a8d5097849 -> 
  custom:DOTSType/Unity.Scenes.GlobalEntitiesDependency: 272e3c9ba12b159e272e3c9ba12b159e -> 
  custom:audio-decoder-ogg-vorbis: bf7c407c2cedff20999df2af8eb42d56 -> 
  custom:ProjectSettings/EntitiesClientSettings.asset: 57fa4463d8597ee36c3803b5983b6213 -> 
  custom:DOTSType/Unity.Entities.RetainBlobAssets: e3007bd0d4f5ba8be3007bd0d4f5ba8b -> 
  custom:DOTSType/Tanks.TankAudioSystem: e0c4f60227f2a2a8e0c4f60227f2a2a8 -> 
  custom:DOTSType/Unity.Scenes.SceneSystemData: 358f9772a0e70c53358f9772a0e70c53 -> 
  custom:DOTSType/Zenject.SceneDecoratorContextEditor: ca86c2fb23338ef7ca86c2fb23338ef7 -> 
  custom:DOTSType/Unity.Physics.PhysicsWorldIndex: 44b485a5651ecbf844b485a5651ecbf8 -> 
  custom:DOTSType/Unity.Entities.EndInitializationEntityCommandBufferSystem+Singleton: 75800829e25c245f75800829e25c245f -> 
  custom:DOTSType/Unity.Entities.Build.EntitiesClientSettings: 379ca95f1f31bbbc379ca95f1f31bbbc -> 
  custom:DOTSType/Zenject.ProjectContext: 73c2192ee2a3347973c2192ee2a33479 -> 
  custom:DOTSType/Zenject.RunnableContextEditor: 761811f71f3da7bc761811f71f3da7bc -> 
  custom:DOTSType/UnityEngine.AudioSource: aed3a424fdd48d59aed3a424fdd48d59 -> 
  custom:DOTSType/Unity.Scenes.RequestEntityPrefabLoaded: fc4092a08e154a96fc4092a08e154a96 -> 
  custom:DOTSType/Unity.Entities.SystemInstance: bb0dfff8e9a48357bb0dfff8e9a48357 -> 
  custom:DOTSType/Unity.Entities.RemoveUnusedEntityInBake: 0973223cb916c16b0973223cb916c16b -> 
  custom:DOTSType/Unity.Entities.EndVariableRateSimulationEntityCommandBufferSystem+Singleton: 78d2450a82ebc20778d2450a82ebc207 -> 
  custom:DOTSType/Unity.Physics.DummyColliderFakesComponent`1[[Unity.Physics.CylinderCollider, Unity.Physics, Version=0.0.0.0, Culture=neutral, PublicKeyToken=null]]: 2d82e9daa82955bf2d82e9daa82955bf -> 
  custom:audio-encoder-webm-vorbis: bf7c407c2cedff20999df2af8eb42d56 -> 
  custom:DOTSType/Unity.Entities.BeginFixedStepSimulationEntityCommandBufferSystem+Singleton: 5857035820ee1e635857035820ee1e63 -> 
  custom:DOTSType/Unity.Physics.PhysicsJointCompanion: 655fde98af64ce94655fde98af64ce94 -> 
  custom:DOTSType/Unity.Scenes.WeakAssetPrefabLoadRequest: b6d72391c4d3d049b6d72391c4d3d049 -> 
  custom:DOTSType/Tanks.Legacy.LegacyTransmissionSettings: 84b2093787e9240c84b2093787e9240c -> 
  custom:DOTSType/Tanks.Legacy.Editor.LegacyTransmissionSettingsEditor: f063a9f322024a22f063a9f322024a22 -> 
  custom:DOTSType/Zenject.ScriptableObjectInstallerBase: 564d9b68561bb94d564d9b68561bb94d -> 
  custom:DOTSType/Unity.Physics.Editor.CustomPhysicsBodyTagNamesEditor: 5e056a649e13a00c5e056a649e13a00c -> 
  custom:DOTSType/Unity.Physics.PhysicsWorldSingleton: 90bad7c95a54d00590bad7c95a54d005 -> 
  custom:DOTSType/Unity.Entities.BurstCompatibleBufferElement: 9256282cac425e579256282cac425e57 -> 
  custom:DOTSType/Unity.Entities.CompanionLink: 4813070be25c6d6a4813070be25c6d6a -> 
  custom:DOTSType/Unity.Physics.DummyColliderFakesComponent`1[[Unity.Physics.PolygonCollider, Unity.Physics, Version=0.0.0.0, Culture=neutral, PublicKeyToken=null]]: 3f38e3dc511d48d23f38e3dc511d48d2 -> 
  custom:SceneMetaDataFileFormatVersion: 18e216f4893c3ae43d5b4b3a88de92ca -> 
  custom:DOTSType/Unity.Entities.Editor.SystemScheduleWindow: dfecb8af58c97f0adfecb8af58c97f0a -> 
  custom:DOTSType/Unity.Physics.PhysicsColliderKeyEntityPair: e3185876db01deade3185876db01dead -> 
  custom:DOTSType/Zenject.ContextEditor: 0791a612a42c17bc0791a612a42c17bc -> 
  custom:DOTSType/Zenject.AnimatorIkHandlerManager: 6bf1f62125213c446bf1f62125213c44 -> 
  custom:DOTSType/Unity.Transforms.LocalTransform: d07f194ee4791f00d07f194ee4791f00 -> 
  custom:DOTSType/Unity.Physics.PhysicsJoint: e49afdd9ec82159fe49afdd9ec82159f -> 
  custom:DOTSType/Unity.Scenes.PrefabAssetReference: 924b87ecab3719ce924b87ecab3719ce -> 
  custom:DOTSType/UnityEngine.Rigidbody: 90d4f52b90e97d3190d4f52b90e97d31 -> 
  custom:DOTSType/Unity.Transforms.PostTransformMatrix: d5b773053bc4fc92d5b773053bc4fc92 -> 
  custom:DOTSType/Unity.Entities.WorldTime: efd6631e6d47e1c0efd6631e6d47e1c0 -> 
  custom:DOTSType/Unity.Entities.Editor.ComponentsWindow: f3a47022486a5e37f3a47022486a5e37 -> 
  custom:DOTSType/Unity.Entities.Editor.JournalManager: bd6303929aef5048bd6303929aef5048 -> 
  custom:DOTSType/Zenject.SceneKernel: 14c92f57ead5fa5a14c92f57ead5fa5a -> 
  custom:DOTSType/Unity.Scenes.Editor.SubSceneImporter: fbc2a6bb48307f94fbc2a6bb48307f94 -> 
  custom:DOTSType/UnityEngine.Light: 47f771faf20222f647f771faf20222f6 -> 
  custom:DOTSType/Unity.Entities.EndFixedStepSimulationEntityCommandBufferSystem+Singleton: 903138f233c08b6f903138f233c08b6f -> 
  custom:DOTSType/Unity.Entities.Hybrid.Baking.LinkedEntityGroupAuthoring: 463b7158f57f2778463b7158f57f2778 -> 
  custom:DOTSType/Unity.Entities.BeginInitializationEntityCommandBufferSystem+Singleton: 1dafdf6276a3f02d1dafdf6276a3f02d -> 
  custom:DOTSType/Unity.Physics.SimulationSingleton: 2c12c15cc1aaefd42c12c15cc1aaefd4 -> 
  custom:DOTSType/Unity.Transforms.Child: 5a0b111d3c5ef1ef5a0b111d3c5ef1ef -> 
  custom:DOTSType/Unity.Entities.Editor.ComponentWrapperEditor: 8a0108ac83962ca58a0108ac83962ca5 -> 
  custom:video-codec-MediaFoundation-h265: 746d11721c4dcdbdad8f713fa42b33f4 -> 
  custom:DOTSType/Unity.Entities.SceneSectionData: eeed08dab67953cbeeed08dab67953cb -> 
  custom:DOTSType/Tanks.EffectPool: b07fd26d384c1aadb07fd26d384c1aad -> 
  custom:DOTSType/Zenject.Context: 7a9b164638a7c5fb7a9b164638a7c5fb -> 
  custom:DOTSType/Unity.Entities.Editor.EntitiesJournalingWindow: fb6228252c0089dcfb6228252c0089dc -> 
  custom:video-decoder-ogg-theora: a1e56fd34408186e4bbccfd4996cb3dc -> 
  custom:DOTSType/Unity.Scenes.ResolvedSceneHash: 10c2d6fb478167a310c2d6fb478167a3 -> 
  custom:DOTSType/Unity.Scenes.SceneSectionStreamingData: 01ac29b86b18dacf01ac29b86b18dacf -> 
  custom:DOTSType/Zenject.ZenjectStateMachineBehaviourAutoInjecter: bc2fa2415d8a8ef6bc2fa2415d8a8ef6 -> 
  custom:DOTSType/Unity.Entities.AdditionalEntityParent: a24d1678b03f0479a24d1678b03f0479 -> 
  custom:DOTSType/Unity.Entities.Simulate: e0c92315ec24632de0c92315ec24632d -> 
  custom:DOTSType/Unity.Physics.PhysicsVelocity: eae7719776411411eae7719776411411 -> 
  custom:DOTSType/Unity.Entities.Editor.SystemWrapperEditor: 8c892c6354f3a3138c892c6354f3a313 -> 
  custom:DOTSType/Unity.Entities.RetainBlobAssetBatchPtr: 14017b765908ee1d14017b765908ee1d -> 
  custom:DOTSType/Zenject.ZenjectBinding: 0569f6cfa9645a6e0569f6cfa9645a6e -> 
  custom:DOTSType/Tanks.Tests.TestCarnageIndicator+TestCarnageIndicatorEditor: a518ed1603ea4192a518ed1603ea4192 -> 
  custom:DOTSType/Unity.Physics.Authoring.CustomPhysicsProxyAuthoring: 90a4b67ea7c61e0c90a4b67ea7c61e0c -> 
  custom:DOTSType/Unity.Physics.Authoring.PhysicsMeshAuthoringData: 07c891dbd84b5d1c07c891dbd84b5d1c -> 
  custom:DOTSType/Unity.Scenes.LiveConversionPatcher+LiveConvertedSceneCleanup: 97dadd0f05dbc86997dadd0f05dbc869 -> 
  custom:DOTSType/UnityEngine.MeshCollider: 745c145fdcf1939e745c145fdcf1939e -> 
  custom:DOTSType/Unity.Physics.Authoring.ForceUniqueColliderAuthoring: 34be871ed7a74d6234be871ed7a74d62 -> 
  custom:DOTSType/Zenject.GameObjectContext: 694c79f9ded4c948694c79f9ded4c948 -> 
  custom:DOTSType/Unity.Physics.DummyColliderFakesComponent`1[[Unity.Physics.CapsuleCollider, Unity.Physics, Version=0.0.0.0, Culture=neutral, PublicKeyToken=null]]: 840aede77f375b4f840aede77f375b4f -> 
  custom:DOTSType/Unity.Physics.Authoring.StaticOptimizePhysicsBaking: f3a03d29cca9ceabf3a03d29cca9ceab -> 
  custom:DOTSType/Unity.Scenes.DisableLiveConversion: 543070e84ec00e2c543070e84ec00e2c -> 
  custom:DOTSType/Unity.Physics.Authoring.PhysicsCompoundData: 41f933035064165d41f933035064165d -> 
  custom:DOTSType/Tanks.AudioPool: 65d2a3a778887e6e65d2a3a778887e6e -> 
  custom:DOTSType/Unity.Physics.DummyColliderFakesComponent`1[[Unity.Physics.SphereCollider, Unity.Physics, Version=0.0.0.0, Culture=neutral, PublicKeyToken=null]]: 4818ec4955a46c414818ec4955a46c41 -> 
  custom:DOTSType/Unity.Transforms.Parent: 00b45826652a5ec600b45826652a5ec6 -> 
  custom:DOTSType/Unity.Physics.PhysicsCollider: 00548c0f8c0147a000548c0f8c0147a0 -> 
  custom:DOTSType/Unity.Physics.Authoring.PhysicsRootBaked: a150145af5348f6da150145af5348f6d -> 
  custom:DOTSType/Unity.Scenes.ResolveSceneReferenceSystem+AssetDependencyTrackerState: b2d132c8f66d836db2d132c8f66d836d -> 
  custom:DOTSType/Unity.Entities.CompanionLinkTransform: e392322015c13880e392322015c13880 -> 
  custom:DOTSType/Unity.Entities.Serialization.DotsSerialization+RevisionedRawDataNode: 7e711ae70d27259d7e711ae70d27259d -> 
  custom:CustomObjectIndexerAttribute: 9a22284fe3817be447336de3de66b15e -> 
  custom:DOTSType/Tanks.Projectile: 620e548336351b1d620e548336351b1d -> 
  custom:DOTSType/Unity.Physics.GraphicsIntegration.MostRecentFixedTime: 6c4396236e6646a76c4396236e6646a7 -> 
  custom:DOTSType/UnityEngine.ParticleSystem: 28fa60303afd747328fa60303afd7473 -> 
  custom:DOTSType/Unity.Physics.DummyColliderFakesComponent`1[[Unity.Physics.ConvexCollider, Unity.Physics, Version=0.0.0.0, Culture=neutral, PublicKeyToken=null]]: d00615a7bde8681ed00615a7bde8681e -> 
  custom:DOTSType/Unity.Physics.DummyColliderFakesComponent`1[[Unity.Physics.MeshCollider, Unity.Physics, Version=0.0.0.0, Culture=neutral, PublicKeyToken=null]]: 52b224b25d7c5a2552b224b25d7c5a25 -> 
  custom:container-demuxer-webm: 4f35f7cbe854078d1ac9338744f61a02 -> 
  custom:DOTSType/Unity.Entities.PrefabRoot: ea04b60a31090316ea04b60a31090316 -> 
  custom:DOTSType/Unity.Entities.RequestSceneLoaded: 62c081c918aff6ee62c081c918aff6ee -> 
  custom:DOTSType/Unity.Entities.BeginPresentationEntityCommandBufferSystem+Singleton: cbef056a920a5eadcbef056a920a5ead -> 
  custom:DOTSType/Unity.Entities.ChunkHeader: 490bb3205bb29fe6490bb3205bb29fe6 -> 
  custom:DOTSType/Unity.Scenes.IsSectionLoaded: 2e3c12f14f7600232e3c12f14f760023 -> 
  custom:DOTSType/Unity.Entities.Editor.SystemInfo: e869e7d857e70a99e869e7d857e70a99 -> 
  custom:DOTSType/Zenject.MonoInstaller: d4f508a97531178fd4f508a97531178f -> 
  custom:DOTSType/Unity.Entities.WorldTimeQueue: 48ce29752c66702348ce29752c667023 -> 
  custom:DOTSType/Unity.Entities.StaticOptimizeEntity: 346cca765bf51c72346cca765bf51c72 -> 
  custom:DOTSType/Unity.Entities.SectionMetadataSetup: 75ea136fdb0e54ba75ea136fdb0e54ba -> 
  custom:DOTSType/Tanks.ProjectilePool: ae6caa17fe3924ceae6caa17fe3924ce -> 
  custom:DOTSType/Unity.Scenes.SceneSectionReferencedUnityObjects: 2797689ad57679a22797689ad57679a2 -> 
  custom:DOTSType/Unity.Physics.Editor.PhysicsStepAuthoringEditor: b0470546a7982481b0470546a7982481 -> 
  custom:DOTSType/Unity.Physics.GraphicsIntegration.PhysicsRenderEntity: 17b73fa380da9cf517b73fa380da9cf5 -> 
  custom:DOTSType/Unity.Entities.Hybrid.Baking.LinkedEntityGroupBakingData: cd33507256493e18cd33507256493e18 -> 
  custom:DOTSType/UnityEngine.LODGroup: 15ad22bb5260348e15ad22bb5260348e -> 
  custom:DOTSType/Tanks.BaseInputController: 7c3584087687be277c3584087687be27 -> 
  custom:DOTSType/Unity.Entities.Editor.HierarchySelectionContext: eb8c02bbb8571091eb8c02bbb8571091 -> 
  custom:DOTSType/Unity.Physics.DummyColliderFakesComponent`1[[Unity.Physics.CompoundCollider, Unity.Physics, Version=0.0.0.0, Culture=neutral, PublicKeyToken=null]]: f0b0c805df9aab48f0b0c805df9aab48 -> 
  custom:DOTSType/Unity.Physics.Authoring.PhysicsColliderAuthoringData: 237ab57c84eb023d237ab57c84eb023d -> 
  custom:DOTSType/Unity.Entities.Entity: 295b0c964d12026f295b0c964d12026f -> 
  custom:DOTSType/Unity.Physics.DummyColliderFakesComponent`1[[Unity.Physics.TerrainCollider, Unity.Physics, Version=0.0.0.0, Culture=neutral, PublicKeyToken=null]]: 76d2966f42dff4df76d2966f42dff4df -> 
  custom:DOTSType/Unity.Scenes.PublicEntityRef: b380cfe1712d4500b380cfe1712d4500 -> 
  custom:DOTSType/Unity.Entities.Asset: 5205195e4c6bea1c5205195e4c6bea1c -> 
  custom:DOTSType/Unity.Physics.GraphicsIntegration.PhysicsGraphicalSmoothing: 1a649a11034ac6061a649a11034ac606 -> 
  custom:DOTSType/Unity.Physics.Systems.PhysicsAnalyticsSingleton: 261d1a0e3f762c88261d1a0e3f762c88 -> 
  custom:DOTSType/Unity.Physics.PhysicsTemporalCoherenceInfo: dd862a3ef5746267dd862a3ef5746267 -> 
  custom:DOTSType/Tanks.EffectPoolContainer: bf19857e7a596a2bbf19857e7a596a2b -> 
  custom:DOTSType/Unity.Physics.PhysicsStep: 4ca665c06bcf89ca4ca665c06bcf89ca -> 
  custom:DOTSType/UnityEngine.TextMesh: 6784c791d05273aa6784c791d05273aa -> 
  custom:DOTSType/Unity.Entities.CompanionGameObjectActiveCleanup: 4ff09409f1cce51f4ff09409f1cce51f -> 
  custom:DOTSType/Tanks.ReloadIndicator: 83d1d641d15e1d5483d1d641d15e1d54 -> 
  custom:DOTSType/Zenject.RunnableContext: f37beb99d06e39fbf37beb99d06e39fb -> 
  custom:DOTSType/Unity.Physics.Authoring.PhysicsDebugDisplayData: 0cdccf70b9e5e20d0cdccf70b9e5e20d -> 
  custom:DOTSType/Unity.Scenes.AssetObjectManifest: 84d682f40d46c88184d682f40d46c881 -> 
  custom:DOTSType/Unity.Entities.PostLoadCommandBuffer: d658541e4a41540dd658541e4a41540d -> 
  custom:DOTSType/Unity.Entities.Editor.ArchetypeInfo: b8b1bbcc600f6437b8b1bbcc600f6437 -> 
  custom:DOTSType/Tanks.Interface.Speedometer: 158cdf1f7f3d0d9c158cdf1f7f3d0d9c -> 
  custom:DOTSType/Tanks.BattleRam: 87a27f4ae62d951387a27f4ae62d9513 -> 
  custom:DOTSType/UnityEngine.BoxCollider: 8e5b85c4fec088d48e5b85c4fec088d4 -> 
  custom:DOTSType/Unity.Entities.Serialization.ExternalEntityReference: 415f45c8b00c90a4415f45c8b00c90a4 -> 
  custom:DOTSType/Unity.Entities.SceneSectionComponent: 22f65411cbba718222f65411cbba7182 -> 
  custom:DOTSType/Unity.Scenes.PrefabLoadResult: 71615367c37f030371615367c37f0303 -> 
  custom:DOTSType/Unity.Scenes.SceneSectionStreamingSystem+StreamingState: 7014161ec3350ad07014161ec3350ad0 -> 
  custom:DOTSType/Unity.Entities.Editor.UnsupportedEntityEditor: f4c4238e5d78020af4c4238e5d78020a -> 
  custom:DOTSType/Unity.Scenes.ResolvedSectionEntity: e83509e6ef73df7ae83509e6ef73df7a -> 
  custom:DOTSType/Unity.Scenes.DisableSceneResolveAndLoad: 41c98fa73f31b21a41c98fa73f31b21a -> 
  custom:DOTSType/Unity.Entities.LinkedEntityGroup: c1b61ecd5260e852c1b61ecd5260e852 -> 
  custom:DOTSType/Unity.Physics.Authoring.RigidbodyBakingData: 66caf1f3818b52fc66caf1f3818b52fc -> 
  custom:DOTSType/Zenject.ScriptableObjectInstaller: 47201fb43b11147d47201fb43b11147d -> 
  custom:DOTSType/Unity.Physics.Authoring.DetailedStaticMeshCollisionAuthoring: 35a7576e30820a5e35a7576e30820a5e -> 
  custom:DOTSType/Unity.Entities.Editor.UnsupportedGameObjectEditor: 5cff923fd1c387e15cff923fd1c387e1 -> 
  custom:DOTSType/Tanks.CinemachineInputCustomProvider: 53bf68681542a65453bf68681542a654 -> 
  custom:DOTSType/Zenject.SceneContext: 30c70a59093b925c30c70a59093b925c -> 
  custom:DOTSType/UnityEngine.MeshRenderer: 77aa4cb33b84a90377aa4cb33b84a903 -> 
  custom:DOTSType/Unity.Physics.Authoring.BakeStaticRoot: ac81d98288eb78feac81d98288eb78fe -> 
  custom:DOTSType/Unity.Entities.Serialization.DotsSerialization+StringTableNode: db9aacf636d95b56db9aacf636d95b56 -> 
  custom:DOTSType/Zenject.SceneContextEditor: f5ac3d9288ab62bbf5ac3d9288ab62bb -> 
  custom:DOTSType/Unity.Entities.Disabled: ea10d702b0a42592ea10d702b0a42592 -> 
  custom:DOTSType/Unity.Entities.Editor.EntityEditor: 4502e3ccdb7ac0e04502e3ccdb7ac0e0 -> 
  custom:DOTSType/Unity.Physics.Systems.BroadphaseData: cf796e61bbb1c05fcf796e61bbb1c05f -> 
  custom:DOTSType/Unity.Entities.Editor.ArchetypesWindow: bde482c89698b5c7bde482c89698b5c7 -> 
  custom:DOTSType/Unity.Physics.PhysicsMass: dd66b9b7945f3ac7dd66b9b7945f3ac7 -> 
  custom:DOTSType/Unity.Physics.Systems.BuildPhysicsWorldData: 403d401e5c7292c3403d401e5c7292c3 -> 
  custom:DOTSType/Unity.Scenes.SceneBoundingVolume: 3407604aa951263f3407604aa951263f -> 
  custom:video-encoder-webm-vp8: eb34c28f22e8b96e1ab97ce403110664 -> 
  custom:DOTSType/Unity.Physics.Authoring.PhysicsColliderBakedData: 4b51dd6d702fa42d4b51dd6d702fa42d -> 
  custom:DOTSType/UnityEngine.SphereCollider: 82c25a73f4a3118382c25a73f4a31183 -> 
  custom:DOTSType/Unity.Scenes.SubScene: ac4196b7e94e44ecac4196b7e94e44ec -> 
  custom:DOTSType/Unity.Physics.DummyColliderFakesComponent`1[[Unity.Physics.Collider, Unity.Physics, Version=0.0.0.0, Culture=neutral, PublicKeyToken=null]]: 9b1dfcaf09a3b4529b1dfcaf09a3b452 -> 
  custom:DOTSType/Unity.Entities.Editor.HierarchyEntityChangeTracker+UnusedTag: e99f3a5fcb8d8012e99f3a5fcb8d8012 -> 
  custom:DOTSType/Unity.Physics.PhysicsMassOverride: 6fcef11ae9d1bc306fcef11ae9d1bc30 -> 
  custom:DOTSType/Unity.Entities.BlobAssetOwner: c83c63163f833390c83c63163f833390 -> 
  custom:DOTSType/Zenject.CheatSheet+Foo: 818256864703f221818256864703f221 -> 
  custom:DOTSType/Unity.Physics.Authoring.CustomPhysicsBodyTagNames: cf633e3d702fe67dcf633e3d702fe67d -> 
  custom:DOTSType/UnityEngine.CapsuleCollider: be84ea475def5c96be84ea475def5c96 -> 
  custom:DOTSType/Unity.Physics.PhysicsTemporalCoherenceTag: 078e815b3514dfd3078e815b3514dfd3 -> 
  custom:DOTSType/Unity.Entities.Editor.JournalManagerWrapperEditor: cb69e60b3422ccebcb69e60b3422cceb -> 
  custom:DOTSType/Unity.Entities.SceneReference: 93a995b4b28fc25393a995b4b28fc253 -> 
  custom:DOTSType/Unity.Entities.Editor.UnsupportedPrefabEntityEditor: 42b92ebb8c8886cf42b92ebb8c8886cf -> 
  custom:DOTSType/Unity.Entities.Serialization.DotsSerialization+NodeHeader: 2a912a6fdedc77ae2a912a6fdedc77ae -> 
  custom:DOTSType/Zenject.ZenAutoInjecter: 778eb5667a6355bc778eb5667a6355bc -> 
  custom:DOTSType/Unity.Entities.SceneSection: bdba69731fc8f3e7bdba69731fc8f3e7 -> 
  custom:DOTSType/Tanks.Patrol: af24d179ee3e03f0af24d179ee3e03f0 -> 
  custom:DOTSType/Unity.Physics.DummyColliderFakesComponent`1[[Unity.Physics.BoxCollider, Unity.Physics, Version=0.0.0.0, Culture=neutral, PublicKeyToken=null]]: f425b7fd66e06988f425b7fd66e06988 -> 
  custom:DOTSType/Unity.Entities.TransformAuthoring: d03322d6827741e8d03322d6827741e8 -> 
  custom:DOTSType/Zenject.ProjectKernel: efdc3d3e4e17fb07efdc3d3e4e17fb07 -> 
  custom:DOTSType/Tanks.TransmissionSettings: b0a3fa15cf2503fcb0a3fa15cf2503fc -> 
  custom:DOTSType/UnityEngine.ParticleSystemRenderer: 818ef389bd33d482818ef389bd33d482 -> 
  custom:DOTSType/Unity.Entities.BeginSimulationEntityCommandBufferSystem+Singleton: 5406e750b86f24a55406e750b86f24a5 -> 
  custom:DOTSType/Unity.Scenes.Editor.GlobalEntitiesDependencyInspector: 3df09afcbb66d7bb3df09afcbb66d7bb -> 
========================================================================
Received Prepare
Assembly reference Packages/com.unity.entities/Unity.Scenes.Editor/Internals/Properties/Unity.Properties.Internals.asmref has no target assembly definition
Assembly reference Packages/com.unity.entities/Unity.Scenes.Editor/Internals/Properties/Unity.Properties.Internals.asmref has no target assembly definition
Begin MonoManager ReloadAssembly
- Loaded All Assemblies, in  0.971 seconds
Refreshing native plugins compatible for Editor in 9.78 ms, found 5 plugins.
Native extension for WindowsStandalone target not found
Assembly reference Packages/com.unity.entities/Unity.Scenes.Editor/Internals/Properties/Unity.Properties.Internals.asmref has no target assembly definition
TypeManager.Initialize took: 338ms
Mono: successfully reloaded assembly
- Finished resetting the current domain, in  3.188 seconds
Domain Reload Profiling: 4155ms
	BeginReloadAssembly (327ms)
		ExecutionOrderSort (0ms)
		DisableScriptedObjects (9ms)
		BackupInstance (0ms)
		ReleaseScriptingObjects (0ms)
		CreateAndSetChildDomain (123ms)
	RebuildCommonClasses (55ms)
	RebuildNativeTypeToScriptingClass (17ms)
	initialDomainReloadingComplete (63ms)
	LoadAllAssembliesAndSetupDomain (503ms)
		LoadAssemblies (622ms)
		RebuildTransferFunctionScriptingTraits (0ms)
		AnalyzeDomain (25ms)
			TypeCache.Refresh (9ms)
				TypeCache.ScanAssembly (0ms)
			ScanForSourceGeneratedMonoScriptInfo (0ms)
			ResolveRequiredComponents (12ms)
	FinalizeReload (3190ms)
		ReleaseScriptCaches (0ms)
		RebuildScriptCaches (0ms)
		SetupLoadedEditorAssemblies (2241ms)
			LogAssemblyErrors (0ms)
			InitializePlatformSupportModulesInManaged (13ms)
			SetLoadedEditorAssemblies (13ms)
			RefreshPlugins (0ms)
			BeforeProcessingInitializeOnLoad (308ms)
			ProcessInitializeOnLoadAttributes (1394ms)
			ProcessInitializeOnLoadMethodAttributes (494ms)
			AfterProcessingInitializeOnLoad (18ms)
			EditorAssembliesLoaded (1ms)
		ExecutionOrderSort2 (0ms)
		AwakeInstancesAfterBackupRestoration (14ms)
Refreshing native plugins compatible for Editor in 16.79 ms, found 5 plugins.
Preloading 0 native plugins for Editor in 0.00 ms.
Unloading 6859 Unused Serialized files (Serialized files now loaded: 0)
Unloading 95 unused Assets / (123.6 KB). Loaded Objects now: 7332.
Memory consumption went from 220.9 MB to 220.8 MB.
Total: 10.200900 ms (FindLiveObjects: 0.821500 ms CreateObjectMapping: 0.958400 ms MarkObjects: 8.236800 ms  DeleteObjects: 0.182700 ms)

Unloading 0 Unused Serialized files (Serialized files now loaded: 0)
Unloading 0 unused Assets / (158.4 KB). Loaded Objects now: 7332.
Memory consumption went from 220.8 MB to 220.6 MB.
Total: 9.718900 ms (FindLiveObjects: 0.987800 ms CreateObjectMapping: 1.153800 ms MarkObjects: 7.367900 ms  DeleteObjects: 0.207700 ms)

Prepare: number of updated asset objects reloaded= 0
AssetImportParameters requested are different than current active one (requested -> active):
  custom:DOTSType/Zenject.MonoInstallerBase: 95f86c107dc723fe95f86c107dc723fe -> 
  custom:DOTSType/Unity.Entities.EntityGuid: 8e99211435a26d668e99211435a26d66 -> 
  custom:DOTSType/Tanks.TurretController: e7fde51fa66b4c5ee7fde51fa66b4c5e -> 
  custom:DOTSType/Unity.Entities.DefaultWorldInitializationProxy: 3bc53c9cad9070363bc53c9cad907036 -> 
  custom:container-demuxer-ogg: 62fdf1f143b41e24485cea50d1cbac27 -> 
  custom:DOTSType/Zenject.Internal.DefaultSceneContractConfig: a78f29ab0132239ca78f29ab0132239c -> 
  custom:DOTSType/Unity.Physics.EnsureUniqueColliderBlobTag: 3e3264c9c7497b3b3e3264c9c7497b3b -> 
  custom:DOTSType/Unity.Scenes.SceneEntityReference: 646ffd19b744bbdb646ffd19b744bbdb -> 
  custom:DOTSType/Unity.Entities.Hybrid.Baking.BakingOnlyEntityAuthoringBaker+BakingOnlyChildren: 9c3cc3aa8ff875949c3cc3aa8ff87594 -> 
  custom:DOTSType/Unity.Entities.EntityManager+IsolateCopiedEntities: 703c8c39c22b63af703c8c39c22b63af -> 
  custom:DOTSType/Unity.Entities.BeginVariableRateSimulationEntityCommandBufferSystem+Singleton: 40006e500ad5800440006e500ad58004 -> 
  custom:DOTSType/UnityEngine.LightProbeProxyVolume: cd06291433fcac4ccd06291433fcac4c -> 
  custom:EntityBinaryFileFormatVersion: b618570c169a919bbb95b4bd7e4084ba -> 
  custom:DOTSType/Unity.Physics.Authoring.DisplayGizmoColliderEdges+DrawWithGizmos: a6749ec75af14c28a6749ec75af14c28 -> 
  custom:DOTSType/Tanks.SkyRotation: 6a30c8e81d68dcd96a30c8e81d68dcd9 -> 
  custom:DOTSType/Unity.Entities.Editor.ComponentInfo: b6911f4bc3b03db5b6911f4bc3b03db5 -> 
  custom:DOTSType/Unity.Entities.BurstCompatibleComponentData: 1d232e8370167ced1d232e8370167ced -> 
  custom:DOTSType/Unity.Entities.RetainBlobAssetPtr: f51a437fde39ac82f51a437fde39ac82 -> 
  custom:DOTSType/Unity.Physics.Authoring.PhysicsStepAuthoring: 29ca86243fe93d3b29ca86243fe93d3b -> 
  custom:DOTSType/Unity.Entities.BakedEntity: 6cda7616df5335d16cda7616df5335d1 -> 
  custom:DOTSType/Unity.Transforms.Static: a08c19e85cdd5a49a08c19e85cdd5a49 -> 
  custom:DOTSType/Unity.Entities.Editor.InvalidEntityEditor: c09028623072dbb6c09028623072dbb6 -> 
  custom:DOTSType/UnityEngine.Collider: e796157eabb2316ee796157eabb2316e -> 
  custom:framework-win-MediaFoundation: 216162199b28c13a410421893ffa2e32 -> 
  custom:DOTSType/UnityEngine.Transform: 3954159e9eb625f23954159e9eb625f2 -> 
  custom:DOTSType/Unity.Physics.Authoring.PhysicsWorldIndexAuthoring: c35779b88bcbf0f5c35779b88bcbf0f5 -> 
  custom:DOTSType/Unity.Scenes.Editor.GameObjectSceneMetaDataImporter: 35c29e171f7f1b1235c29e171f7f1b12 -> 
  custom:DOTSType/Tanks.Wheel: 8000d516241cf2618000d516241cf261 -> 
  custom:DOTSType/Unity.Entities.Editor.EntitySelectionProxy: 640f096afb1dc192640f096afb1dc192 -> 
  custom:DOTSType/Tanks.Tests.TestInputController: da9d7109e7aa2efada9d7109e7aa2efa -> 
  custom:DOTSType/Unity.Entities.OmitLinkedEntityGroupFromPrefabInstance: d5447758848371b8d5447758848371b8 -> 
  custom:DOTSType/Unity.Entities.Editor.HierarchyWindow: 68a3d7f4e81dfa3968a3d7f4e81dfa39 -> 
  custom:DOTSType/Unity.Entities.CleanupEntity: 91c2e7742ff7a40291c2e7742ff7a402 -> 
  custom:DOTSType/Zenject.MonoKernel: ad622fbf2f55726ead622fbf2f55726e -> 
  custom:DOTSType/Zenject.DefaultGameObjectKernel: 4e750c357d05f8164e750c357d05f816 -> 
  custom:DOTSType/Zenject.GameObjectContextEditor: e47fe5c2e2a879a3e47fe5c2e2a879a3 -> 
  custom:DOTSType/Unity.Scenes.RequestSceneHeader: 539e2df9dd1c5383539e2df9dd1c5383 -> 
  custom:DOTSType/Unity.Entities.BakingOnlyEntity: 6d61bb30b0fe96a06d61bb30b0fe96a0 -> 
  custom:DOTSType/UnityEngine.ReflectionProbe: 74c5d94e403ee5bf74c5d94e403ee5bf -> 
  custom:DOTSType/Unity.Physics.Authoring.PhysicsWorldIndexBakingData: eb7993b47224fdb3eb7993b47224fdb3 -> 
  custom:DOTSType/Tanks.TankController: 5fe8cedbca51d9d55fe8cedbca51d9d5 -> 
  custom:DOTSType/Unity.Scenes.Editor.ClearEntitiesCacheWindow: ff5e4942d7943fe4ff5e4942d7943fe4 -> 
  custom:DOTSType/Unity.Entities.Serialization.DotsSerialization+TypeNamesNode: 481f56363f3115ba481f56363f3115ba -> 
  custom:DOTSType/Unity.Entities.Hybrid.Baking.BakingOnlyEntityAuthoring: b00feda2188a9371b00feda2188a9371 -> 
  custom:DOTSType/Unity.Scenes.ResolvedSectionPath: bf9e38f006f83cb7bf9e38f006f83cb7 -> 
  custom:DOTSType/Unity.Deformations.BlendShapeWeight: d26eabb95dfc9b4dd26eabb95dfc9b4d -> 
  custom:DOTSType/Unity.Scenes.ReferencedUnityObjects: b8073d4731436522b8073d4731436522 -> 
  custom:DOTSType/Unity.Physics.Authoring.PhysicsDebugDisplayAuthoring: 048169f5bbaf7cd0048169f5bbaf7cd0 -> 
  custom:DOTSType/Unity.Scenes.Editor.SubSceneInspector: 6e96e553cf64778e6e96e553cf64778e -> 
  custom:DOTSType/Unity.Physics.GraphicsIntegration.SmoothRigidBodiesGraphicalMotion+RigidBodySmoothingWorldIndex: 988440dd19a406ed988440dd19a406ed -> 
  custom:DOTSType/Unity.Physics.PhysicsConstrainedBodyPair: 37ca29e9e58c191137ca29e9e58c1911 -> 
  custom:DOTSType/Unity.Physics.ColliderBlobCleanupData: 18f3eb94199c5e3618f3eb94199c5e36 -> 
  custom:DOTSType/Unity.Physics.PhysicsDamping: 579a7188c5fb1464579a7188c5fb1464 -> 
  custom:container-muxer-webm: aa71ff27fc2769a1b78a27578f13a17b -> 
  custom:DOTSType/Unity.Entities.CompanionGameObjectUpdateTransformCleanup: 0a4e12c25aaf05e00a4e12c25aaf05e0 -> 
  custom:DOTSType/Tanks.Editor.TransmissionSettingsEditor: 5c05f270edf687155c05f270edf68715 -> 
  custom:DOTSType/Unity.Entities.EndSimulationEntityCommandBufferSystem+Singleton: 6cc3a7136f47def06cc3a7136f47def0 -> 
  custom:DOTSType/Unity.Physics.Authoring.PhysicsDebugDisplaySystem+DrawComponent: fbecd1af1d76e089fbecd1af1d76e089 -> 
  custom:video-decoder-webm-vp8: 9c59270c3fd7afecdb556c50c9e8de78 -> 
  custom:DOTSType/Zenject.GuiRenderer: 77a380f71106289e77a380f71106289e -> 
  custom:DOTSType/Zenject.AnimatorMoveHandlerManager: 48d7fbeaa25297da48d7fbeaa25297da -> 
  custom:DOTSType/UnityEngine.GameObject: aef60e3f2ae5ad9aaef60e3f2ae5ad9a -> 
  custom:SearchIndexIgnoredProperties: e643bd26f0fe6173181afceb89e7c659 -> 
  custom:DOTSAllSystemsVersion: ffb3322ebf2cc81fbcc35437f1236753 -> 
  custom:DOTSType/Unity.Physics.GraphicsIntegration.PhysicsGraphicalInterpolationBuffer: 7baea6e725f3208c7baea6e725f3208c -> 
  custom:AudioImporter_EditorPlatform: d09bf68614088b80899f8185d706f6e7 -> 
  custom:DOTSType/Tanks.Interface.CarnageSettings: 06a0f3af603600f206a0f3af603600f2 -> 
  custom:DOTSType/Zenject.ProjectContextEditor: f68c5f17562ef273f68c5f17562ef273 -> 
  custom:DOTSType/Unity.Entities.Serialization.DotsSerialization+FolderNode: 98c33d003d1b152b98c33d003d1b152b -> 
  custom:DOTSType/Unity.Entities.CompanionReference: 4de8f4179bbe96e74de8f4179bbe96e7 -> 
  custom:DOTSType/UnityEngine.VFX.VisualEffect: dc0e74262f371f63dc0e74262f371f63 -> 
  custom:DOTSType/Unity.Entities.Hybrid.Baking.AdditionalEntitiesBakingData: d81e35bf039925b8d81e35bf039925b8 -> 
  custom:DOTSType/UnityEngine.SpriteRenderer: 61a676ec163f72b161a676ec163f72b1 -> 
  custom:DOTSType/Unity.Entities.Editor.JournalingWrapperEditor: 7820ec03259d9ee57820ec03259d9ee5 -> 
  custom:DOTSType/Tanks.Tank.ProjectileTracker: 101b4b340f8400be101b4b340f8400be -> 
  custom:DOTSType/Unity.Deformations.SkinMatrix: 4b50a0962ac5e60d4b50a0962ac5e60d -> 
  custom:DOTSType/Unity.Scenes.WeakAssetReferenceLoadingData: 451a8b20bc4a35f6451a8b20bc4a35f6 -> 
  custom:DOTSType/Unity.Entities.BurstCompatibleSharedComponentData: 6239fcd2cd3b1c316239fcd2cd3b1c31 -> 
  custom:DOTSType/Unity.Physics.PhysicsCustomTags: 7d9dddf48b181c997d9dddf48b181c99 -> 
  custom:DOTSType/Zenject.SceneDecoratorContext: 47847979bf9052df47847979bf9052df -> 
  custom:DOTSType/Unity.Entities.Editor.ArchetypeWrapperEditor: fcd41c2e8cb6c202fcd41c2e8cb6c202 -> 
  custom:DOTSType/Unity.Physics.PhysicsGravityFactor: 8ab51309e4cdebcc8ab51309e4cdebcc -> 
  custom:DOTSType/Tanks.PlayerInputController: eeac7a82da062014eeac7a82da062014 -> 
  custom:DOTSType/Unity.Entities.SceneTag: 7a384971715860367a38497171586036 -> 
  custom:DOTSType/Unity.Physics.Systems.DummySimulationData: e73bf206ed8976b1e73bf206ed8976b1 -> 
  custom:DOTSType/Unity.Physics.CustomPhysicsProxyDriver: d8e4875a8f47327fd8e4875a8f47327f -> 
  custom:DOTSType/Unity.Entities.Editor.InvalidSelectionEditor: bb0f099005812d55bb0f099005812d55 -> 
  custom:DOTSType/Tanks.Interface.CarnageIndicator: 7a2a70789a91028f7a2a70789a91028f -> 
  custom:DOTSType/Unity.Physics.StepInputSingleton: f5a13022ab227cfff5a13022ab227cff -> 
  custom:DOTSType/Unity.Transforms.LocalToWorld: f07e17bb4e08548ef07e17bb4e08548e -> 
  custom:DOTSType/Unity.Entities.Prefab: 8cefcfc0e3366a618cefcfc0e3366a61 -> 
  custom:DOTSType/Unity.Transforms.PreviousParent: f7f96ed2f665f721f7f96ed2f665f721 -> 
  custom:DOTSType/Unity.Entities.EditorRenderData: 23031dfb0b685e0c23031dfb0b685e0c -> 
  custom:DOTSType/Tanks.TankGameInstaller: ab41efd1a1117644ab41efd1a1117644 -> 
  custom:DOTSType/Tanks.Tests.TestCarnageIndicator: c8904b0627773241c8904b0627773241 -> 
  custom:DOTSType/Unity.Entities.Editor.JournalEntry: fa64f1a8d5097849fa64f1a8d5097849 -> 
  custom:DOTSType/Unity.Scenes.GlobalEntitiesDependency: 272e3c9ba12b159e272e3c9ba12b159e -> 
  custom:audio-decoder-ogg-vorbis: bf7c407c2cedff20999df2af8eb42d56 -> 
  custom:ProjectSettings/EntitiesClientSettings.asset: 57fa4463d8597ee36c3803b5983b6213 -> 
  custom:DOTSType/Unity.Entities.RetainBlobAssets: e3007bd0d4f5ba8be3007bd0d4f5ba8b -> 
  custom:DOTSType/Tanks.TankAudioSystem: e0c4f60227f2a2a8e0c4f60227f2a2a8 -> 
  custom:DOTSType/Unity.Scenes.SceneSystemData: 358f9772a0e70c53358f9772a0e70c53 -> 
  custom:DOTSType/Zenject.SceneDecoratorContextEditor: ca86c2fb23338ef7ca86c2fb23338ef7 -> 
  custom:DOTSType/Unity.Physics.PhysicsWorldIndex: 44b485a5651ecbf844b485a5651ecbf8 -> 
  custom:DOTSType/Unity.Entities.EndInitializationEntityCommandBufferSystem+Singleton: 75800829e25c245f75800829e25c245f -> 
  custom:DOTSType/Unity.Entities.Build.EntitiesClientSettings: 379ca95f1f31bbbc379ca95f1f31bbbc -> 
  custom:DOTSType/Zenject.ProjectContext: 73c2192ee2a3347973c2192ee2a33479 -> 
  custom:DOTSType/Zenject.RunnableContextEditor: 761811f71f3da7bc761811f71f3da7bc -> 
  custom:DOTSType/UnityEngine.AudioSource: aed3a424fdd48d59aed3a424fdd48d59 -> 
  custom:DOTSType/Unity.Scenes.RequestEntityPrefabLoaded: fc4092a08e154a96fc4092a08e154a96 -> 
  custom:DOTSType/Unity.Entities.SystemInstance: bb0dfff8e9a48357bb0dfff8e9a48357 -> 
  custom:DOTSType/Unity.Entities.RemoveUnusedEntityInBake: 0973223cb916c16b0973223cb916c16b -> 
  custom:DOTSType/Unity.Entities.EndVariableRateSimulationEntityCommandBufferSystem+Singleton: 78d2450a82ebc20778d2450a82ebc207 -> 
  custom:DOTSType/Unity.Physics.DummyColliderFakesComponent`1[[Unity.Physics.CylinderCollider, Unity.Physics, Version=0.0.0.0, Culture=neutral, PublicKeyToken=null]]: 2d82e9daa82955bf2d82e9daa82955bf -> 
  custom:audio-encoder-webm-vorbis: bf7c407c2cedff20999df2af8eb42d56 -> 
  custom:DOTSType/Unity.Entities.BeginFixedStepSimulationEntityCommandBufferSystem+Singleton: 5857035820ee1e635857035820ee1e63 -> 
  custom:DOTSType/Unity.Physics.PhysicsJointCompanion: 655fde98af64ce94655fde98af64ce94 -> 
  custom:DOTSType/Unity.Scenes.WeakAssetPrefabLoadRequest: b6d72391c4d3d049b6d72391c4d3d049 -> 
  custom:DOTSType/Tanks.Legacy.LegacyTransmissionSettings: 84b2093787e9240c84b2093787e9240c -> 
  custom:DOTSType/Tanks.Legacy.Editor.LegacyTransmissionSettingsEditor: f063a9f322024a22f063a9f322024a22 -> 
  custom:DOTSType/Zenject.ScriptableObjectInstallerBase: 564d9b68561bb94d564d9b68561bb94d -> 
  custom:DOTSType/Unity.Physics.Editor.CustomPhysicsBodyTagNamesEditor: 5e056a649e13a00c5e056a649e13a00c -> 
  custom:DOTSType/Unity.Physics.PhysicsWorldSingleton: 90bad7c95a54d00590bad7c95a54d005 -> 
  custom:DOTSType/Unity.Entities.BurstCompatibleBufferElement: 9256282cac425e579256282cac425e57 -> 
  custom:DOTSType/Unity.Entities.CompanionLink: 4813070be25c6d6a4813070be25c6d6a -> 
  custom:DOTSType/Unity.Physics.DummyColliderFakesComponent`1[[Unity.Physics.PolygonCollider, Unity.Physics, Version=0.0.0.0, Culture=neutral, PublicKeyToken=null]]: 3f38e3dc511d48d23f38e3dc511d48d2 -> 
  custom:SceneMetaDataFileFormatVersion: 18e216f4893c3ae43d5b4b3a88de92ca -> 
  custom:DOTSType/Unity.Entities.Editor.SystemScheduleWindow: dfecb8af58c97f0adfecb8af58c97f0a -> 
  custom:DOTSType/Unity.Physics.PhysicsColliderKeyEntityPair: e3185876db01deade3185876db01dead -> 
  custom:DOTSType/Zenject.ContextEditor: 0791a612a42c17bc0791a612a42c17bc -> 
  custom:DOTSType/Zenject.AnimatorIkHandlerManager: 6bf1f62125213c446bf1f62125213c44 -> 
  custom:DOTSType/Unity.Transforms.LocalTransform: d07f194ee4791f00d07f194ee4791f00 -> 
  custom:DOTSType/Unity.Physics.PhysicsJoint: e49afdd9ec82159fe49afdd9ec82159f -> 
  custom:DOTSType/Unity.Scenes.PrefabAssetReference: 924b87ecab3719ce924b87ecab3719ce -> 
  custom:DOTSType/UnityEngine.Rigidbody: 90d4f52b90e97d3190d4f52b90e97d31 -> 
  custom:DOTSType/Unity.Transforms.PostTransformMatrix: d5b773053bc4fc92d5b773053bc4fc92 -> 
  custom:DOTSType/Unity.Entities.WorldTime: efd6631e6d47e1c0efd6631e6d47e1c0 -> 
  custom:DOTSType/Unity.Entities.Editor.ComponentsWindow: f3a47022486a5e37f3a47022486a5e37 -> 
  custom:DOTSType/Unity.Entities.Editor.JournalManager: bd6303929aef5048bd6303929aef5048 -> 
  custom:DOTSType/Zenject.SceneKernel: 14c92f57ead5fa5a14c92f57ead5fa5a -> 
  custom:DOTSType/Unity.Scenes.Editor.SubSceneImporter: fbc2a6bb48307f94fbc2a6bb48307f94 -> 
  custom:DOTSType/UnityEngine.Light: 47f771faf20222f647f771faf20222f6 -> 
  custom:DOTSType/Unity.Entities.EndFixedStepSimulationEntityCommandBufferSystem+Singleton: 903138f233c08b6f903138f233c08b6f -> 
  custom:DOTSType/Unity.Entities.Hybrid.Baking.LinkedEntityGroupAuthoring: 463b7158f57f2778463b7158f57f2778 -> 
  custom:DOTSType/Unity.Entities.BeginInitializationEntityCommandBufferSystem+Singleton: 1dafdf6276a3f02d1dafdf6276a3f02d -> 
  custom:DOTSType/Unity.Physics.SimulationSingleton: 2c12c15cc1aaefd42c12c15cc1aaefd4 -> 
  custom:DOTSType/Unity.Transforms.Child: 5a0b111d3c5ef1ef5a0b111d3c5ef1ef -> 
  custom:DOTSType/Unity.Entities.Editor.ComponentWrapperEditor: 8a0108ac83962ca58a0108ac83962ca5 -> 
  custom:video-codec-MediaFoundation-h265: 746d11721c4dcdbdad8f713fa42b33f4 -> 
  custom:DOTSType/Unity.Entities.SceneSectionData: eeed08dab67953cbeeed08dab67953cb -> 
  custom:DOTSType/Tanks.EffectPool: b07fd26d384c1aadb07fd26d384c1aad -> 
  custom:DOTSType/Zenject.Context: 7a9b164638a7c5fb7a9b164638a7c5fb -> 
  custom:DOTSType/Unity.Entities.Editor.EntitiesJournalingWindow: fb6228252c0089dcfb6228252c0089dc -> 
  custom:video-decoder-ogg-theora: a1e56fd34408186e4bbccfd4996cb3dc -> 
  custom:DOTSType/Unity.Scenes.ResolvedSceneHash: 10c2d6fb478167a310c2d6fb478167a3 -> 
  custom:DOTSType/Unity.Scenes.SceneSectionStreamingData: 01ac29b86b18dacf01ac29b86b18dacf -> 
  custom:DOTSType/Zenject.ZenjectStateMachineBehaviourAutoInjecter: bc2fa2415d8a8ef6bc2fa2415d8a8ef6 -> 
  custom:DOTSType/Unity.Entities.AdditionalEntityParent: a24d1678b03f0479a24d1678b03f0479 -> 
  custom:DOTSType/Unity.Entities.Simulate: e0c92315ec24632de0c92315ec24632d -> 
  custom:DOTSType/Unity.Physics.PhysicsVelocity: eae7719776411411eae7719776411411 -> 
  custom:DOTSType/Unity.Entities.Editor.SystemWrapperEditor: 8c892c6354f3a3138c892c6354f3a313 -> 
  custom:DOTSType/Unity.Entities.RetainBlobAssetBatchPtr: 14017b765908ee1d14017b765908ee1d -> 
  custom:DOTSType/Zenject.ZenjectBinding: 0569f6cfa9645a6e0569f6cfa9645a6e -> 
  custom:DOTSType/Tanks.Tests.TestCarnageIndicator+TestCarnageIndicatorEditor: a518ed1603ea4192a518ed1603ea4192 -> 
  custom:DOTSType/Unity.Physics.Authoring.CustomPhysicsProxyAuthoring: 90a4b67ea7c61e0c90a4b67ea7c61e0c -> 
  custom:DOTSType/Unity.Physics.Authoring.PhysicsMeshAuthoringData: 07c891dbd84b5d1c07c891dbd84b5d1c -> 
  custom:DOTSType/Unity.Scenes.LiveConversionPatcher+LiveConvertedSceneCleanup: 97dadd0f05dbc86997dadd0f05dbc869 -> 
  custom:DOTSType/UnityEngine.MeshCollider: 745c145fdcf1939e745c145fdcf1939e -> 
  custom:DOTSType/Unity.Physics.Authoring.ForceUniqueColliderAuthoring: 34be871ed7a74d6234be871ed7a74d62 -> 
  custom:DOTSType/Zenject.GameObjectContext: 694c79f9ded4c948694c79f9ded4c948 -> 
  custom:DOTSType/Unity.Physics.DummyColliderFakesComponent`1[[Unity.Physics.CapsuleCollider, Unity.Physics, Version=0.0.0.0, Culture=neutral, PublicKeyToken=null]]: 840aede77f375b4f840aede77f375b4f -> 
  custom:DOTSType/Unity.Physics.Authoring.StaticOptimizePhysicsBaking: f3a03d29cca9ceabf3a03d29cca9ceab -> 
  custom:DOTSType/Unity.Scenes.DisableLiveConversion: 543070e84ec00e2c543070e84ec00e2c -> 
  custom:DOTSType/Unity.Physics.Authoring.PhysicsCompoundData: 41f933035064165d41f933035064165d -> 
  custom:DOTSType/Tanks.AudioPool: 65d2a3a778887e6e65d2a3a778887e6e -> 
  custom:DOTSType/Unity.Physics.DummyColliderFakesComponent`1[[Unity.Physics.SphereCollider, Unity.Physics, Version=0.0.0.0, Culture=neutral, PublicKeyToken=null]]: 4818ec4955a46c414818ec4955a46c41 -> 
  custom:DOTSType/Unity.Transforms.Parent: 00b45826652a5ec600b45826652a5ec6 -> 
  custom:DOTSType/Unity.Physics.PhysicsCollider: 00548c0f8c0147a000548c0f8c0147a0 -> 
  custom:DOTSType/Unity.Physics.Authoring.PhysicsRootBaked: a150145af5348f6da150145af5348f6d -> 
  custom:DOTSType/Unity.Scenes.ResolveSceneReferenceSystem+AssetDependencyTrackerState: b2d132c8f66d836db2d132c8f66d836d -> 
  custom:DOTSType/Unity.Entities.CompanionLinkTransform: e392322015c13880e392322015c13880 -> 
  custom:DOTSType/Unity.Entities.Serialization.DotsSerialization+RevisionedRawDataNode: 7e711ae70d27259d7e711ae70d27259d -> 
  custom:CustomObjectIndexerAttribute: 9a22284fe3817be447336de3de66b15e -> 
  custom:DOTSType/Tanks.Projectile: 620e548336351b1d620e548336351b1d -> 
  custom:DOTSType/Unity.Physics.GraphicsIntegration.MostRecentFixedTime: 6c4396236e6646a76c4396236e6646a7 -> 
  custom:DOTSType/UnityEngine.ParticleSystem: 28fa60303afd747328fa60303afd7473 -> 
  custom:DOTSType/Unity.Physics.DummyColliderFakesComponent`1[[Unity.Physics.ConvexCollider, Unity.Physics, Version=0.0.0.0, Culture=neutral, PublicKeyToken=null]]: d00615a7bde8681ed00615a7bde8681e -> 
  custom:DOTSType/Unity.Physics.DummyColliderFakesComponent`1[[Unity.Physics.MeshCollider, Unity.Physics, Version=0.0.0.0, Culture=neutral, PublicKeyToken=null]]: 52b224b25d7c5a2552b224b25d7c5a25 -> 
  custom:container-demuxer-webm: 4f35f7cbe854078d1ac9338744f61a02 -> 
  custom:DOTSType/Unity.Entities.PrefabRoot: ea04b60a31090316ea04b60a31090316 -> 
  custom:DOTSType/Unity.Entities.RequestSceneLoaded: 62c081c918aff6ee62c081c918aff6ee -> 
  custom:DOTSType/Unity.Entities.BeginPresentationEntityCommandBufferSystem+Singleton: cbef056a920a5eadcbef056a920a5ead -> 
  custom:DOTSType/Unity.Entities.ChunkHeader: 490bb3205bb29fe6490bb3205bb29fe6 -> 
  custom:DOTSType/Unity.Scenes.IsSectionLoaded: 2e3c12f14f7600232e3c12f14f760023 -> 
  custom:DOTSType/Unity.Entities.Editor.SystemInfo: e869e7d857e70a99e869e7d857e70a99 -> 
  custom:DOTSType/Zenject.MonoInstaller: d4f508a97531178fd4f508a97531178f -> 
  custom:DOTSType/Unity.Entities.WorldTimeQueue: 48ce29752c66702348ce29752c667023 -> 
  custom:DOTSType/Unity.Entities.StaticOptimizeEntity: 346cca765bf51c72346cca765bf51c72 -> 
  custom:DOTSType/Unity.Entities.SectionMetadataSetup: 75ea136fdb0e54ba75ea136fdb0e54ba -> 
  custom:DOTSType/Tanks.ProjectilePool: ae6caa17fe3924ceae6caa17fe3924ce -> 
  custom:DOTSType/Unity.Scenes.SceneSectionReferencedUnityObjects: 2797689ad57679a22797689ad57679a2 -> 
  custom:DOTSType/Unity.Physics.Editor.PhysicsStepAuthoringEditor: b0470546a7982481b0470546a7982481 -> 
  custom:DOTSType/Unity.Physics.GraphicsIntegration.PhysicsRenderEntity: 17b73fa380da9cf517b73fa380da9cf5 -> 
  custom:DOTSType/Unity.Entities.Hybrid.Baking.LinkedEntityGroupBakingData: cd33507256493e18cd33507256493e18 -> 
  custom:DOTSType/UnityEngine.LODGroup: 15ad22bb5260348e15ad22bb5260348e -> 
  custom:DOTSType/Tanks.BaseInputController: 7c3584087687be277c3584087687be27 -> 
  custom:DOTSType/Unity.Entities.Editor.HierarchySelectionContext: eb8c02bbb8571091eb8c02bbb8571091 -> 
  custom:DOTSType/Unity.Physics.DummyColliderFakesComponent`1[[Unity.Physics.CompoundCollider, Unity.Physics, Version=0.0.0.0, Culture=neutral, PublicKeyToken=null]]: f0b0c805df9aab48f0b0c805df9aab48 -> 
  custom:DOTSType/Unity.Physics.Authoring.PhysicsColliderAuthoringData: 237ab57c84eb023d237ab57c84eb023d -> 
  custom:DOTSType/Unity.Entities.Entity: 295b0c964d12026f295b0c964d12026f -> 
  custom:DOTSType/Unity.Physics.DummyColliderFakesComponent`1[[Unity.Physics.TerrainCollider, Unity.Physics, Version=0.0.0.0, Culture=neutral, PublicKeyToken=null]]: 76d2966f42dff4df76d2966f42dff4df -> 
  custom:DOTSType/Unity.Scenes.PublicEntityRef: b380cfe1712d4500b380cfe1712d4500 -> 
  custom:DOTSType/Unity.Entities.Asset: 5205195e4c6bea1c5205195e4c6bea1c -> 
  custom:DOTSType/Unity.Physics.GraphicsIntegration.PhysicsGraphicalSmoothing: 1a649a11034ac6061a649a11034ac606 -> 
  custom:DOTSType/Unity.Physics.Systems.PhysicsAnalyticsSingleton: 261d1a0e3f762c88261d1a0e3f762c88 -> 
  custom:DOTSType/Unity.Physics.PhysicsTemporalCoherenceInfo: dd862a3ef5746267dd862a3ef5746267 -> 
  custom:DOTSType/Tanks.EffectPoolContainer: bf19857e7a596a2bbf19857e7a596a2b -> 
  custom:DOTSType/Unity.Physics.PhysicsStep: 4ca665c06bcf89ca4ca665c06bcf89ca -> 
  custom:DOTSType/UnityEngine.TextMesh: 6784c791d05273aa6784c791d05273aa -> 
  custom:DOTSType/Unity.Entities.CompanionGameObjectActiveCleanup: 4ff09409f1cce51f4ff09409f1cce51f -> 
  custom:DOTSType/Tanks.ReloadIndicator: 83d1d641d15e1d5483d1d641d15e1d54 -> 
  custom:DOTSType/Zenject.RunnableContext: f37beb99d06e39fbf37beb99d06e39fb -> 
  custom:DOTSType/Unity.Physics.Authoring.PhysicsDebugDisplayData: 0cdccf70b9e5e20d0cdccf70b9e5e20d -> 
  custom:DOTSType/Unity.Scenes.AssetObjectManifest: 84d682f40d46c88184d682f40d46c881 -> 
  custom:DOTSType/Unity.Entities.PostLoadCommandBuffer: d658541e4a41540dd658541e4a41540d -> 
  custom:DOTSType/Unity.Entities.Editor.ArchetypeInfo: b8b1bbcc600f6437b8b1bbcc600f6437 -> 
  custom:DOTSType/Tanks.Interface.Speedometer: 158cdf1f7f3d0d9c158cdf1f7f3d0d9c -> 
  custom:DOTSType/Tanks.BattleRam: 87a27f4ae62d951387a27f4ae62d9513 -> 
  custom:DOTSType/UnityEngine.BoxCollider: 8e5b85c4fec088d48e5b85c4fec088d4 -> 
  custom:DOTSType/Unity.Entities.Serialization.ExternalEntityReference: 415f45c8b00c90a4415f45c8b00c90a4 -> 
  custom:DOTSType/Unity.Entities.SceneSectionComponent: 22f65411cbba718222f65411cbba7182 -> 
  custom:DOTSType/Unity.Scenes.PrefabLoadResult: 71615367c37f030371615367c37f0303 -> 
  custom:DOTSType/Unity.Scenes.SceneSectionStreamingSystem+StreamingState: 7014161ec3350ad07014161ec3350ad0 -> 
  custom:DOTSType/Unity.Entities.Editor.UnsupportedEntityEditor: f4c4238e5d78020af4c4238e5d78020a -> 
  custom:DOTSType/Unity.Scenes.ResolvedSectionEntity: e83509e6ef73df7ae83509e6ef73df7a -> 
  custom:DOTSType/Unity.Scenes.DisableSceneResolveAndLoad: 41c98fa73f31b21a41c98fa73f31b21a -> 
  custom:DOTSType/Unity.Entities.LinkedEntityGroup: c1b61ecd5260e852c1b61ecd5260e852 -> 
  custom:DOTSType/Unity.Physics.Authoring.RigidbodyBakingData: 66caf1f3818b52fc66caf1f3818b52fc -> 
  custom:DOTSType/Zenject.ScriptableObjectInstaller: 47201fb43b11147d47201fb43b11147d -> 
  custom:DOTSType/Unity.Physics.Authoring.DetailedStaticMeshCollisionAuthoring: 35a7576e30820a5e35a7576e30820a5e -> 
  custom:DOTSType/Unity.Entities.Editor.UnsupportedGameObjectEditor: 5cff923fd1c387e15cff923fd1c387e1 -> 
  custom:DOTSType/Tanks.CinemachineInputCustomProvider: 53bf68681542a65453bf68681542a654 -> 
  custom:DOTSType/Zenject.SceneContext: 30c70a59093b925c30c70a59093b925c -> 
  custom:DOTSType/UnityEngine.MeshRenderer: 77aa4cb33b84a90377aa4cb33b84a903 -> 
  custom:DOTSType/Unity.Physics.Authoring.BakeStaticRoot: ac81d98288eb78feac81d98288eb78fe -> 
  custom:DOTSType/Unity.Entities.Serialization.DotsSerialization+StringTableNode: db9aacf636d95b56db9aacf636d95b56 -> 
  custom:DOTSType/Zenject.SceneContextEditor: f5ac3d9288ab62bbf5ac3d9288ab62bb -> 
  custom:DOTSType/Unity.Entities.Disabled: ea10d702b0a42592ea10d702b0a42592 -> 
  custom:DOTSType/Unity.Entities.Editor.EntityEditor: 4502e3ccdb7ac0e04502e3ccdb7ac0e0 -> 
  custom:DOTSType/Unity.Physics.Systems.BroadphaseData: cf796e61bbb1c05fcf796e61bbb1c05f -> 
  custom:DOTSType/Unity.Entities.Editor.ArchetypesWindow: bde482c89698b5c7bde482c89698b5c7 -> 
  custom:DOTSType/Unity.Physics.PhysicsMass: dd66b9b7945f3ac7dd66b9b7945f3ac7 -> 
  custom:DOTSType/Unity.Physics.Systems.BuildPhysicsWorldData: 403d401e5c7292c3403d401e5c7292c3 -> 
  custom:DOTSType/Unity.Scenes.SceneBoundingVolume: 3407604aa951263f3407604aa951263f -> 
  custom:video-encoder-webm-vp8: eb34c28f22e8b96e1ab97ce403110664 -> 
  custom:DOTSType/Unity.Physics.Authoring.PhysicsColliderBakedData: 4b51dd6d702fa42d4b51dd6d702fa42d -> 
  custom:DOTSType/UnityEngine.SphereCollider: 82c25a73f4a3118382c25a73f4a31183 -> 
  custom:DOTSType/Unity.Scenes.SubScene: ac4196b7e94e44ecac4196b7e94e44ec -> 
  custom:DOTSType/Unity.Physics.DummyColliderFakesComponent`1[[Unity.Physics.Collider, Unity.Physics, Version=0.0.0.0, Culture=neutral, PublicKeyToken=null]]: 9b1dfcaf09a3b4529b1dfcaf09a3b452 -> 
  custom:DOTSType/Unity.Entities.Editor.HierarchyEntityChangeTracker+UnusedTag: e99f3a5fcb8d8012e99f3a5fcb8d8012 -> 
  custom:DOTSType/Unity.Physics.PhysicsMassOverride: 6fcef11ae9d1bc306fcef11ae9d1bc30 -> 
  custom:DOTSType/Unity.Entities.BlobAssetOwner: c83c63163f833390c83c63163f833390 -> 
  custom:DOTSType/Zenject.CheatSheet+Foo: 818256864703f221818256864703f221 -> 
  custom:DOTSType/Unity.Physics.Authoring.CustomPhysicsBodyTagNames: cf633e3d702fe67dcf633e3d702fe67d -> 
  custom:DOTSType/UnityEngine.CapsuleCollider: be84ea475def5c96be84ea475def5c96 -> 
  custom:DOTSType/Unity.Physics.PhysicsTemporalCoherenceTag: 078e815b3514dfd3078e815b3514dfd3 -> 
  custom:DOTSType/Unity.Entities.Editor.JournalManagerWrapperEditor: cb69e60b3422ccebcb69e60b3422cceb -> 
  custom:DOTSType/Unity.Entities.SceneReference: 93a995b4b28fc25393a995b4b28fc253 -> 
  custom:DOTSType/Unity.Entities.Editor.UnsupportedPrefabEntityEditor: 42b92ebb8c8886cf42b92ebb8c8886cf -> 
  custom:DOTSType/Unity.Entities.Serialization.DotsSerialization+NodeHeader: 2a912a6fdedc77ae2a912a6fdedc77ae -> 
  custom:DOTSType/Zenject.ZenAutoInjecter: 778eb5667a6355bc778eb5667a6355bc -> 
  custom:DOTSType/Unity.Entities.SceneSection: bdba69731fc8f3e7bdba69731fc8f3e7 -> 
  custom:DOTSType/Tanks.Patrol: af24d179ee3e03f0af24d179ee3e03f0 -> 
  custom:DOTSType/Unity.Physics.DummyColliderFakesComponent`1[[Unity.Physics.BoxCollider, Unity.Physics, Version=0.0.0.0, Culture=neutral, PublicKeyToken=null]]: f425b7fd66e06988f425b7fd66e06988 -> 
  custom:DOTSType/Unity.Entities.TransformAuthoring: d03322d6827741e8d03322d6827741e8 -> 
  custom:DOTSType/Zenject.ProjectKernel: efdc3d3e4e17fb07efdc3d3e4e17fb07 -> 
  custom:DOTSType/Tanks.TransmissionSettings: b0a3fa15cf2503fcb0a3fa15cf2503fc -> 
  custom:DOTSType/UnityEngine.ParticleSystemRenderer: 818ef389bd33d482818ef389bd33d482 -> 
  custom:DOTSType/Unity.Entities.BeginSimulationEntityCommandBufferSystem+Singleton: 5406e750b86f24a55406e750b86f24a5 -> 
  custom:DOTSType/Unity.Scenes.Editor.GlobalEntitiesDependencyInspector: 3df09afcbb66d7bb3df09afcbb66d7bb -> 
========================================================================
Received Prepare
Assembly reference Packages/com.unity.entities/Unity.Scenes.Editor/Internals/Properties/Unity.Properties.Internals.asmref has no target assembly definition
Assembly reference Packages/com.unity.entities/Unity.Scenes.Editor/Internals/Properties/Unity.Properties.Internals.asmref has no target assembly definition
Begin MonoManager ReloadAssembly
- Loaded All Assemblies, in  0.907 seconds
Refreshing native plugins compatible for Editor in 12.15 ms, found 5 plugins.
Native extension for WindowsStandalone target not found
Assembly reference Packages/com.unity.entities/Unity.Scenes.Editor/Internals/Properties/Unity.Properties.Internals.asmref has no target assembly definition
TypeManager.Initialize took: 246ms
Mono: successfully reloaded assembly
- Finished resetting the current domain, in  2.646 seconds
Domain Reload Profiling: 3550ms
	BeginReloadAssembly (274ms)
		ExecutionOrderSort (0ms)
		DisableScriptedObjects (9ms)
		BackupInstance (0ms)
		ReleaseScriptingObjects (0ms)
		CreateAndSetChildDomain (100ms)
	RebuildCommonClasses (59ms)
	RebuildNativeTypeToScriptingClass (19ms)
	initialDomainReloadingComplete (47ms)
	LoadAllAssembliesAndSetupDomain (504ms)
		LoadAssemblies (597ms)
		RebuildTransferFunctionScriptingTraits (0ms)
		AnalyzeDomain (27ms)
			TypeCache.Refresh (8ms)
				TypeCache.ScanAssembly (0ms)
			ScanForSourceGeneratedMonoScriptInfo (0ms)
			ResolveRequiredComponents (15ms)
	FinalizeReload (2647ms)
		ReleaseScriptCaches (0ms)
		RebuildScriptCaches (0ms)
		SetupLoadedEditorAssemblies (1740ms)
			LogAssemblyErrors (0ms)
			InitializePlatformSupportModulesInManaged (11ms)
			SetLoadedEditorAssemblies (14ms)
			RefreshPlugins (0ms)
			BeforeProcessingInitializeOnLoad (322ms)
			ProcessInitializeOnLoadAttributes (1045ms)
			ProcessInitializeOnLoadMethodAttributes (338ms)
			AfterProcessingInitializeOnLoad (10ms)
			EditorAssembliesLoaded (1ms)
		ExecutionOrderSort2 (0ms)
		AwakeInstancesAfterBackupRestoration (9ms)
Refreshing native plugins compatible for Editor in 12.95 ms, found 5 plugins.
Preloading 0 native plugins for Editor in 0.00 ms.
Unloading 6859 Unused Serialized files (Serialized files now loaded: 0)
Unloading 95 unused Assets / (123.6 KB). Loaded Objects now: 7333.
Memory consumption went from 220.9 MB to 220.8 MB.
Total: 6.959000 ms (FindLiveObjects: 0.726400 ms CreateObjectMapping: 0.837100 ms MarkObjects: 5.208700 ms  DeleteObjects: 0.185700 ms)

Unloading 0 Unused Serialized files (Serialized files now loaded: 0)
Unloading 0 unused Assets / (153.6 KB). Loaded Objects now: 7333.
Memory consumption went from 220.8 MB to 220.6 MB.
Total: 6.687500 ms (FindLiveObjects: 0.760100 ms CreateObjectMapping: 0.491900 ms MarkObjects: 5.340800 ms  DeleteObjects: 0.093100 ms)

Prepare: number of updated asset objects reloaded= 0
AssetImportParameters requested are different than current active one (requested -> active):
  custom:DOTSType/Zenject.MonoInstallerBase: 95f86c107dc723fe95f86c107dc723fe -> 
  custom:DOTSType/Unity.Entities.EntityGuid: 8e99211435a26d668e99211435a26d66 -> 
  custom:DOTSType/Tanks.TurretController: e7fde51fa66b4c5ee7fde51fa66b4c5e -> 
  custom:DOTSType/Unity.Entities.DefaultWorldInitializationProxy: 3bc53c9cad9070363bc53c9cad907036 -> 
  custom:container-demuxer-ogg: 62fdf1f143b41e24485cea50d1cbac27 -> 
  custom:DOTSType/Zenject.Internal.DefaultSceneContractConfig: a78f29ab0132239ca78f29ab0132239c -> 
  custom:DOTSType/Unity.Physics.EnsureUniqueColliderBlobTag: 3e3264c9c7497b3b3e3264c9c7497b3b -> 
  custom:DOTSType/Unity.Scenes.SceneEntityReference: 646ffd19b744bbdb646ffd19b744bbdb -> 
  custom:DOTSType/Unity.Entities.Hybrid.Baking.BakingOnlyEntityAuthoringBaker+BakingOnlyChildren: 9c3cc3aa8ff875949c3cc3aa8ff87594 -> 
  custom:DOTSType/Unity.Entities.EntityManager+IsolateCopiedEntities: 703c8c39c22b63af703c8c39c22b63af -> 
  custom:DOTSType/Unity.Entities.BeginVariableRateSimulationEntityCommandBufferSystem+Singleton: 40006e500ad5800440006e500ad58004 -> 
  custom:DOTSType/UnityEngine.LightProbeProxyVolume: cd06291433fcac4ccd06291433fcac4c -> 
  custom:EntityBinaryFileFormatVersion: b618570c169a919bbb95b4bd7e4084ba -> 
  custom:DOTSType/Unity.Physics.Authoring.DisplayGizmoColliderEdges+DrawWithGizmos: a6749ec75af14c28a6749ec75af14c28 -> 
  custom:DOTSType/Tanks.SkyRotation: 6a30c8e81d68dcd96a30c8e81d68dcd9 -> 
  custom:DOTSType/Unity.Entities.Editor.ComponentInfo: b6911f4bc3b03db5b6911f4bc3b03db5 -> 
  custom:DOTSType/Unity.Entities.BurstCompatibleComponentData: 1d232e8370167ced1d232e8370167ced -> 
  custom:DOTSType/Unity.Entities.RetainBlobAssetPtr: f51a437fde39ac82f51a437fde39ac82 -> 
  custom:DOTSType/Unity.Physics.Authoring.PhysicsStepAuthoring: 29ca86243fe93d3b29ca86243fe93d3b -> 
  custom:DOTSType/Unity.Entities.BakedEntity: 6cda7616df5335d16cda7616df5335d1 -> 
  custom:DOTSType/Unity.Transforms.Static: a08c19e85cdd5a49a08c19e85cdd5a49 -> 
  custom:DOTSType/Unity.Entities.Editor.InvalidEntityEditor: c09028623072dbb6c09028623072dbb6 -> 
  custom:DOTSType/UnityEngine.Collider: e796157eabb2316ee796157eabb2316e -> 
  custom:framework-win-MediaFoundation: 216162199b28c13a410421893ffa2e32 -> 
  custom:DOTSType/UnityEngine.Transform: 3954159e9eb625f23954159e9eb625f2 -> 
  custom:DOTSType/Unity.Physics.Authoring.PhysicsWorldIndexAuthoring: c35779b88bcbf0f5c35779b88bcbf0f5 -> 
  custom:DOTSType/Unity.Scenes.Editor.GameObjectSceneMetaDataImporter: 35c29e171f7f1b1235c29e171f7f1b12 -> 
  custom:DOTSType/Tanks.Wheel: 8000d516241cf2618000d516241cf261 -> 
  custom:DOTSType/Unity.Entities.Editor.EntitySelectionProxy: 640f096afb1dc192640f096afb1dc192 -> 
  custom:DOTSType/Tanks.Tests.TestInputController: da9d7109e7aa2efada9d7109e7aa2efa -> 
  custom:DOTSType/Unity.Entities.OmitLinkedEntityGroupFromPrefabInstance: d5447758848371b8d5447758848371b8 -> 
  custom:DOTSType/Unity.Entities.Editor.HierarchyWindow: 68a3d7f4e81dfa3968a3d7f4e81dfa39 -> 
  custom:DOTSType/Unity.Entities.CleanupEntity: 91c2e7742ff7a40291c2e7742ff7a402 -> 
  custom:DOTSType/Zenject.MonoKernel: ad622fbf2f55726ead622fbf2f55726e -> 
  custom:DOTSType/Zenject.DefaultGameObjectKernel: 4e750c357d05f8164e750c357d05f816 -> 
  custom:DOTSType/Zenject.GameObjectContextEditor: e47fe5c2e2a879a3e47fe5c2e2a879a3 -> 
  custom:DOTSType/Unity.Scenes.RequestSceneHeader: 539e2df9dd1c5383539e2df9dd1c5383 -> 
  custom:DOTSType/Unity.Entities.BakingOnlyEntity: 6d61bb30b0fe96a06d61bb30b0fe96a0 -> 
  custom:DOTSType/UnityEngine.ReflectionProbe: 74c5d94e403ee5bf74c5d94e403ee5bf -> 
  custom:DOTSType/Unity.Physics.Authoring.PhysicsWorldIndexBakingData: eb7993b47224fdb3eb7993b47224fdb3 -> 
  custom:DOTSType/Tanks.TankController: 5fe8cedbca51d9d55fe8cedbca51d9d5 -> 
  custom:DOTSType/Unity.Scenes.Editor.ClearEntitiesCacheWindow: ff5e4942d7943fe4ff5e4942d7943fe4 -> 
  custom:DOTSType/Unity.Entities.Serialization.DotsSerialization+TypeNamesNode: 481f56363f3115ba481f56363f3115ba -> 
  custom:DOTSType/Unity.Entities.Hybrid.Baking.BakingOnlyEntityAuthoring: b00feda2188a9371b00feda2188a9371 -> 
  custom:DOTSType/Unity.Scenes.ResolvedSectionPath: bf9e38f006f83cb7bf9e38f006f83cb7 -> 
  custom:DOTSType/Unity.Deformations.BlendShapeWeight: d26eabb95dfc9b4dd26eabb95dfc9b4d -> 
  custom:DOTSType/Unity.Scenes.ReferencedUnityObjects: b8073d4731436522b8073d4731436522 -> 
  custom:DOTSType/Unity.Physics.Authoring.PhysicsDebugDisplayAuthoring: 048169f5bbaf7cd0048169f5bbaf7cd0 -> 
  custom:DOTSType/Unity.Scenes.Editor.SubSceneInspector: 6e96e553cf64778e6e96e553cf64778e -> 
  custom:DOTSType/Unity.Physics.GraphicsIntegration.SmoothRigidBodiesGraphicalMotion+RigidBodySmoothingWorldIndex: 988440dd19a406ed988440dd19a406ed -> 
  custom:DOTSType/Unity.Physics.PhysicsConstrainedBodyPair: 37ca29e9e58c191137ca29e9e58c1911 -> 
  custom:DOTSType/Unity.Physics.ColliderBlobCleanupData: 18f3eb94199c5e3618f3eb94199c5e36 -> 
  custom:DOTSType/Unity.Physics.PhysicsDamping: 579a7188c5fb1464579a7188c5fb1464 -> 
  custom:container-muxer-webm: aa71ff27fc2769a1b78a27578f13a17b -> 
  custom:DOTSType/Unity.Entities.CompanionGameObjectUpdateTransformCleanup: 0a4e12c25aaf05e00a4e12c25aaf05e0 -> 
  custom:DOTSType/Tanks.Editor.TransmissionSettingsEditor: 5c05f270edf687155c05f270edf68715 -> 
  custom:DOTSType/Unity.Entities.EndSimulationEntityCommandBufferSystem+Singleton: 6cc3a7136f47def06cc3a7136f47def0 -> 
  custom:DOTSType/Unity.Physics.Authoring.PhysicsDebugDisplaySystem+DrawComponent: fbecd1af1d76e089fbecd1af1d76e089 -> 
  custom:video-decoder-webm-vp8: 9c59270c3fd7afecdb556c50c9e8de78 -> 
  custom:DOTSType/Zenject.GuiRenderer: 77a380f71106289e77a380f71106289e -> 
  custom:DOTSType/Zenject.AnimatorMoveHandlerManager: 48d7fbeaa25297da48d7fbeaa25297da -> 
  custom:DOTSType/UnityEngine.GameObject: aef60e3f2ae5ad9aaef60e3f2ae5ad9a -> 
  custom:SearchIndexIgnoredProperties: e643bd26f0fe6173181afceb89e7c659 -> 
  custom:DOTSAllSystemsVersion: ffb3322ebf2cc81fbcc35437f1236753 -> 
  custom:DOTSType/Unity.Physics.GraphicsIntegration.PhysicsGraphicalInterpolationBuffer: 7baea6e725f3208c7baea6e725f3208c -> 
  custom:AudioImporter_EditorPlatform: d09bf68614088b80899f8185d706f6e7 -> 
  custom:DOTSType/Tanks.Interface.CarnageSettings: 06a0f3af603600f206a0f3af603600f2 -> 
  custom:DOTSType/Zenject.ProjectContextEditor: f68c5f17562ef273f68c5f17562ef273 -> 
  custom:DOTSType/Unity.Entities.Serialization.DotsSerialization+FolderNode: 98c33d003d1b152b98c33d003d1b152b -> 
  custom:DOTSType/Unity.Entities.CompanionReference: 4de8f4179bbe96e74de8f4179bbe96e7 -> 
  custom:DOTSType/UnityEngine.VFX.VisualEffect: dc0e74262f371f63dc0e74262f371f63 -> 
  custom:DOTSType/Unity.Entities.Hybrid.Baking.AdditionalEntitiesBakingData: d81e35bf039925b8d81e35bf039925b8 -> 
  custom:DOTSType/UnityEngine.SpriteRenderer: 61a676ec163f72b161a676ec163f72b1 -> 
  custom:DOTSType/Unity.Entities.Editor.JournalingWrapperEditor: 7820ec03259d9ee57820ec03259d9ee5 -> 
  custom:DOTSType/Tanks.Tank.ProjectileTracker: 101b4b340f8400be101b4b340f8400be -> 
  custom:DOTSType/Unity.Deformations.SkinMatrix: 4b50a0962ac5e60d4b50a0962ac5e60d -> 
  custom:DOTSType/Unity.Scenes.WeakAssetReferenceLoadingData: 451a8b20bc4a35f6451a8b20bc4a35f6 -> 
  custom:DOTSType/Unity.Entities.BurstCompatibleSharedComponentData: 6239fcd2cd3b1c316239fcd2cd3b1c31 -> 
  custom:DOTSType/Unity.Physics.PhysicsCustomTags: 7d9dddf48b181c997d9dddf48b181c99 -> 
  custom:DOTSType/Zenject.SceneDecoratorContext: 47847979bf9052df47847979bf9052df -> 
  custom:DOTSType/Unity.Entities.Editor.ArchetypeWrapperEditor: fcd41c2e8cb6c202fcd41c2e8cb6c202 -> 
  custom:DOTSType/Unity.Physics.PhysicsGravityFactor: 8ab51309e4cdebcc8ab51309e4cdebcc -> 
  custom:DOTSType/Tanks.PlayerInputController: eeac7a82da062014eeac7a82da062014 -> 
  custom:DOTSType/Unity.Entities.SceneTag: 7a384971715860367a38497171586036 -> 
  custom:DOTSType/Unity.Physics.Systems.DummySimulationData: e73bf206ed8976b1e73bf206ed8976b1 -> 
  custom:DOTSType/Unity.Physics.CustomPhysicsProxyDriver: d8e4875a8f47327fd8e4875a8f47327f -> 
  custom:DOTSType/Unity.Entities.Editor.InvalidSelectionEditor: bb0f099005812d55bb0f099005812d55 -> 
  custom:DOTSType/Tanks.Interface.CarnageIndicator: 7a2a70789a91028f7a2a70789a91028f -> 
  custom:DOTSType/Unity.Physics.StepInputSingleton: f5a13022ab227cfff5a13022ab227cff -> 
  custom:DOTSType/Unity.Transforms.LocalToWorld: f07e17bb4e08548ef07e17bb4e08548e -> 
  custom:DOTSType/Unity.Entities.Prefab: 8cefcfc0e3366a618cefcfc0e3366a61 -> 
  custom:DOTSType/Unity.Transforms.PreviousParent: f7f96ed2f665f721f7f96ed2f665f721 -> 
  custom:DOTSType/Unity.Entities.EditorRenderData: 23031dfb0b685e0c23031dfb0b685e0c -> 
  custom:DOTSType/Tanks.TankGameInstaller: ab41efd1a1117644ab41efd1a1117644 -> 
  custom:DOTSType/Tanks.Tests.TestCarnageIndicator: c8904b0627773241c8904b0627773241 -> 
  custom:DOTSType/Unity.Entities.Editor.JournalEntry: fa64f1a8d5097849fa64f1a8d5097849 -> 
  custom:DOTSType/Unity.Scenes.GlobalEntitiesDependency: 272e3c9ba12b159e272e3c9ba12b159e -> 
  custom:audio-decoder-ogg-vorbis: bf7c407c2cedff20999df2af8eb42d56 -> 
  custom:ProjectSettings/EntitiesClientSettings.asset: 57fa4463d8597ee36c3803b5983b6213 -> 
  custom:DOTSType/Unity.Entities.RetainBlobAssets: e3007bd0d4f5ba8be3007bd0d4f5ba8b -> 
  custom:DOTSType/Tanks.TankAudioSystem: e0c4f60227f2a2a8e0c4f60227f2a2a8 -> 
  custom:DOTSType/Unity.Scenes.SceneSystemData: 358f9772a0e70c53358f9772a0e70c53 -> 
  custom:DOTSType/Zenject.SceneDecoratorContextEditor: ca86c2fb23338ef7ca86c2fb23338ef7 -> 
  custom:DOTSType/Unity.Physics.PhysicsWorldIndex: 44b485a5651ecbf844b485a5651ecbf8 -> 
  custom:DOTSType/Unity.Entities.EndInitializationEntityCommandBufferSystem+Singleton: 75800829e25c245f75800829e25c245f -> 
  custom:DOTSType/Unity.Entities.Build.EntitiesClientSettings: 379ca95f1f31bbbc379ca95f1f31bbbc -> 
  custom:DOTSType/Zenject.ProjectContext: 73c2192ee2a3347973c2192ee2a33479 -> 
  custom:DOTSType/Zenject.RunnableContextEditor: 761811f71f3da7bc761811f71f3da7bc -> 
  custom:DOTSType/UnityEngine.AudioSource: aed3a424fdd48d59aed3a424fdd48d59 -> 
  custom:DOTSType/Unity.Scenes.RequestEntityPrefabLoaded: fc4092a08e154a96fc4092a08e154a96 -> 
  custom:DOTSType/Unity.Entities.SystemInstance: bb0dfff8e9a48357bb0dfff8e9a48357 -> 
  custom:DOTSType/Unity.Entities.RemoveUnusedEntityInBake: 0973223cb916c16b0973223cb916c16b -> 
  custom:DOTSType/Unity.Entities.EndVariableRateSimulationEntityCommandBufferSystem+Singleton: 78d2450a82ebc20778d2450a82ebc207 -> 
  custom:DOTSType/Unity.Physics.DummyColliderFakesComponent`1[[Unity.Physics.CylinderCollider, Unity.Physics, Version=0.0.0.0, Culture=neutral, PublicKeyToken=null]]: 2d82e9daa82955bf2d82e9daa82955bf -> 
  custom:audio-encoder-webm-vorbis: bf7c407c2cedff20999df2af8eb42d56 -> 
  custom:DOTSType/Unity.Entities.BeginFixedStepSimulationEntityCommandBufferSystem+Singleton: 5857035820ee1e635857035820ee1e63 -> 
  custom:DOTSType/Unity.Physics.PhysicsJointCompanion: 655fde98af64ce94655fde98af64ce94 -> 
  custom:DOTSType/Unity.Scenes.WeakAssetPrefabLoadRequest: b6d72391c4d3d049b6d72391c4d3d049 -> 
  custom:DOTSType/Tanks.Legacy.LegacyTransmissionSettings: 84b2093787e9240c84b2093787e9240c -> 
  custom:DOTSType/Tanks.Legacy.Editor.LegacyTransmissionSettingsEditor: f063a9f322024a22f063a9f322024a22 -> 
  custom:DOTSType/Zenject.ScriptableObjectInstallerBase: 564d9b68561bb94d564d9b68561bb94d -> 
  custom:DOTSType/Unity.Physics.Editor.CustomPhysicsBodyTagNamesEditor: 5e056a649e13a00c5e056a649e13a00c -> 
  custom:DOTSType/Unity.Physics.PhysicsWorldSingleton: 90bad7c95a54d00590bad7c95a54d005 -> 
  custom:DOTSType/Unity.Entities.BurstCompatibleBufferElement: 9256282cac425e579256282cac425e57 -> 
  custom:DOTSType/Unity.Entities.CompanionLink: 4813070be25c6d6a4813070be25c6d6a -> 
  custom:DOTSType/Unity.Physics.DummyColliderFakesComponent`1[[Unity.Physics.PolygonCollider, Unity.Physics, Version=0.0.0.0, Culture=neutral, PublicKeyToken=null]]: 3f38e3dc511d48d23f38e3dc511d48d2 -> 
  custom:SceneMetaDataFileFormatVersion: 18e216f4893c3ae43d5b4b3a88de92ca -> 
  custom:DOTSType/Unity.Entities.Editor.SystemScheduleWindow: dfecb8af58c97f0adfecb8af58c97f0a -> 
  custom:DOTSType/Unity.Physics.PhysicsColliderKeyEntityPair: e3185876db01deade3185876db01dead -> 
  custom:DOTSType/Zenject.ContextEditor: 0791a612a42c17bc0791a612a42c17bc -> 
  custom:DOTSType/Zenject.AnimatorIkHandlerManager: 6bf1f62125213c446bf1f62125213c44 -> 
  custom:DOTSType/Unity.Transforms.LocalTransform: d07f194ee4791f00d07f194ee4791f00 -> 
  custom:DOTSType/Unity.Physics.PhysicsJoint: e49afdd9ec82159fe49afdd9ec82159f -> 
  custom:DOTSType/Unity.Scenes.PrefabAssetReference: 924b87ecab3719ce924b87ecab3719ce -> 
  custom:DOTSType/UnityEngine.Rigidbody: 90d4f52b90e97d3190d4f52b90e97d31 -> 
  custom:DOTSType/Unity.Transforms.PostTransformMatrix: d5b773053bc4fc92d5b773053bc4fc92 -> 
  custom:DOTSType/Unity.Entities.WorldTime: efd6631e6d47e1c0efd6631e6d47e1c0 -> 
  custom:DOTSType/Unity.Entities.Editor.ComponentsWindow: f3a47022486a5e37f3a47022486a5e37 -> 
  custom:DOTSType/Unity.Entities.Editor.JournalManager: bd6303929aef5048bd6303929aef5048 -> 
  custom:DOTSType/Zenject.SceneKernel: 14c92f57ead5fa5a14c92f57ead5fa5a -> 
  custom:DOTSType/Unity.Scenes.Editor.SubSceneImporter: fbc2a6bb48307f94fbc2a6bb48307f94 -> 
  custom:DOTSType/UnityEngine.Light: 47f771faf20222f647f771faf20222f6 -> 
  custom:DOTSType/Unity.Entities.EndFixedStepSimulationEntityCommandBufferSystem+Singleton: 903138f233c08b6f903138f233c08b6f -> 
  custom:DOTSType/Unity.Entities.Hybrid.Baking.LinkedEntityGroupAuthoring: 463b7158f57f2778463b7158f57f2778 -> 
  custom:DOTSType/Unity.Entities.BeginInitializationEntityCommandBufferSystem+Singleton: 1dafdf6276a3f02d1dafdf6276a3f02d -> 
  custom:DOTSType/Unity.Physics.SimulationSingleton: 2c12c15cc1aaefd42c12c15cc1aaefd4 -> 
  custom:DOTSType/Unity.Transforms.Child: 5a0b111d3c5ef1ef5a0b111d3c5ef1ef -> 
  custom:DOTSType/Unity.Entities.Editor.ComponentWrapperEditor: 8a0108ac83962ca58a0108ac83962ca5 -> 
  custom:video-codec-MediaFoundation-h265: 746d11721c4dcdbdad8f713fa42b33f4 -> 
  custom:DOTSType/Unity.Entities.SceneSectionData: eeed08dab67953cbeeed08dab67953cb -> 
  custom:DOTSType/Tanks.EffectPool: b07fd26d384c1aadb07fd26d384c1aad -> 
  custom:DOTSType/Zenject.Context: 7a9b164638a7c5fb7a9b164638a7c5fb -> 
  custom:DOTSType/Unity.Entities.Editor.EntitiesJournalingWindow: fb6228252c0089dcfb6228252c0089dc -> 
  custom:video-decoder-ogg-theora: a1e56fd34408186e4bbccfd4996cb3dc -> 
  custom:DOTSType/Unity.Scenes.ResolvedSceneHash: 10c2d6fb478167a310c2d6fb478167a3 -> 
  custom:DOTSType/Unity.Scenes.SceneSectionStreamingData: 01ac29b86b18dacf01ac29b86b18dacf -> 
  custom:DOTSType/Zenject.ZenjectStateMachineBehaviourAutoInjecter: bc2fa2415d8a8ef6bc2fa2415d8a8ef6 -> 
  custom:DOTSType/Unity.Entities.AdditionalEntityParent: a24d1678b03f0479a24d1678b03f0479 -> 
  custom:DOTSType/Unity.Entities.Simulate: e0c92315ec24632de0c92315ec24632d -> 
  custom:DOTSType/Unity.Physics.PhysicsVelocity: eae7719776411411eae7719776411411 -> 
  custom:DOTSType/Unity.Entities.Editor.SystemWrapperEditor: 8c892c6354f3a3138c892c6354f3a313 -> 
  custom:DOTSType/Unity.Entities.RetainBlobAssetBatchPtr: 14017b765908ee1d14017b765908ee1d -> 
  custom:DOTSType/Zenject.ZenjectBinding: 0569f6cfa9645a6e0569f6cfa9645a6e -> 
  custom:DOTSType/Tanks.Tests.TestCarnageIndicator+TestCarnageIndicatorEditor: a518ed1603ea4192a518ed1603ea4192 -> 
  custom:DOTSType/Unity.Physics.Authoring.CustomPhysicsProxyAuthoring: 90a4b67ea7c61e0c90a4b67ea7c61e0c -> 
  custom:DOTSType/Unity.Physics.Authoring.PhysicsMeshAuthoringData: 07c891dbd84b5d1c07c891dbd84b5d1c -> 
  custom:DOTSType/Unity.Scenes.LiveConversionPatcher+LiveConvertedSceneCleanup: 97dadd0f05dbc86997dadd0f05dbc869 -> 
  custom:DOTSType/UnityEngine.MeshCollider: 745c145fdcf1939e745c145fdcf1939e -> 
  custom:DOTSType/Unity.Physics.Authoring.ForceUniqueColliderAuthoring: 34be871ed7a74d6234be871ed7a74d62 -> 
  custom:DOTSType/Zenject.GameObjectContext: 694c79f9ded4c948694c79f9ded4c948 -> 
  custom:DOTSType/Unity.Physics.DummyColliderFakesComponent`1[[Unity.Physics.CapsuleCollider, Unity.Physics, Version=0.0.0.0, Culture=neutral, PublicKeyToken=null]]: 840aede77f375b4f840aede77f375b4f -> 
  custom:DOTSType/Unity.Physics.Authoring.StaticOptimizePhysicsBaking: f3a03d29cca9ceabf3a03d29cca9ceab -> 
  custom:DOTSType/Unity.Scenes.DisableLiveConversion: 543070e84ec00e2c543070e84ec00e2c -> 
  custom:DOTSType/Unity.Physics.Authoring.PhysicsCompoundData: 41f933035064165d41f933035064165d -> 
  custom:DOTSType/Tanks.AudioPool: 65d2a3a778887e6e65d2a3a778887e6e -> 
  custom:DOTSType/Unity.Physics.DummyColliderFakesComponent`1[[Unity.Physics.SphereCollider, Unity.Physics, Version=0.0.0.0, Culture=neutral, PublicKeyToken=null]]: 4818ec4955a46c414818ec4955a46c41 -> 
  custom:DOTSType/Unity.Transforms.Parent: 00b45826652a5ec600b45826652a5ec6 -> 
  custom:DOTSType/Unity.Physics.PhysicsCollider: 00548c0f8c0147a000548c0f8c0147a0 -> 
  custom:DOTSType/Unity.Physics.Authoring.PhysicsRootBaked: a150145af5348f6da150145af5348f6d -> 
  custom:DOTSType/Unity.Scenes.ResolveSceneReferenceSystem+AssetDependencyTrackerState: b2d132c8f66d836db2d132c8f66d836d -> 
  custom:DOTSType/Unity.Entities.CompanionLinkTransform: e392322015c13880e392322015c13880 -> 
  custom:DOTSType/Unity.Entities.Serialization.DotsSerialization+RevisionedRawDataNode: 7e711ae70d27259d7e711ae70d27259d -> 
  custom:CustomObjectIndexerAttribute: 9a22284fe3817be447336de3de66b15e -> 
  custom:DOTSType/Tanks.Projectile: 620e548336351b1d620e548336351b1d -> 
  custom:DOTSType/Unity.Physics.GraphicsIntegration.MostRecentFixedTime: 6c4396236e6646a76c4396236e6646a7 -> 
  custom:DOTSType/UnityEngine.ParticleSystem: 28fa60303afd747328fa60303afd7473 -> 
  custom:DOTSType/Unity.Physics.DummyColliderFakesComponent`1[[Unity.Physics.ConvexCollider, Unity.Physics, Version=0.0.0.0, Culture=neutral, PublicKeyToken=null]]: d00615a7bde8681ed00615a7bde8681e -> 
  custom:DOTSType/Unity.Physics.DummyColliderFakesComponent`1[[Unity.Physics.MeshCollider, Unity.Physics, Version=0.0.0.0, Culture=neutral, PublicKeyToken=null]]: 52b224b25d7c5a2552b224b25d7c5a25 -> 
  custom:container-demuxer-webm: 4f35f7cbe854078d1ac9338744f61a02 -> 
  custom:DOTSType/Unity.Entities.PrefabRoot: ea04b60a31090316ea04b60a31090316 -> 
  custom:DOTSType/Unity.Entities.RequestSceneLoaded: 62c081c918aff6ee62c081c918aff6ee -> 
  custom:DOTSType/Unity.Entities.BeginPresentationEntityCommandBufferSystem+Singleton: cbef056a920a5eadcbef056a920a5ead -> 
  custom:DOTSType/Unity.Entities.ChunkHeader: 490bb3205bb29fe6490bb3205bb29fe6 -> 
  custom:DOTSType/Unity.Scenes.IsSectionLoaded: 2e3c12f14f7600232e3c12f14f760023 -> 
  custom:DOTSType/Unity.Entities.Editor.SystemInfo: e869e7d857e70a99e869e7d857e70a99 -> 
  custom:DOTSType/Zenject.MonoInstaller: d4f508a97531178fd4f508a97531178f -> 
  custom:DOTSType/Unity.Entities.WorldTimeQueue: 48ce29752c66702348ce29752c667023 -> 
  custom:DOTSType/Unity.Entities.StaticOptimizeEntity: 346cca765bf51c72346cca765bf51c72 -> 
  custom:DOTSType/Unity.Entities.SectionMetadataSetup: 75ea136fdb0e54ba75ea136fdb0e54ba -> 
  custom:DOTSType/Tanks.ProjectilePool: ae6caa17fe3924ceae6caa17fe3924ce -> 
  custom:DOTSType/Unity.Scenes.SceneSectionReferencedUnityObjects: 2797689ad57679a22797689ad57679a2 -> 
  custom:DOTSType/Unity.Physics.Editor.PhysicsStepAuthoringEditor: b0470546a7982481b0470546a7982481 -> 
  custom:DOTSType/Unity.Physics.GraphicsIntegration.PhysicsRenderEntity: 17b73fa380da9cf517b73fa380da9cf5 -> 
  custom:DOTSType/Unity.Entities.Hybrid.Baking.LinkedEntityGroupBakingData: cd33507256493e18cd33507256493e18 -> 
  custom:DOTSType/UnityEngine.LODGroup: 15ad22bb5260348e15ad22bb5260348e -> 
  custom:DOTSType/Tanks.BaseInputController: 7c3584087687be277c3584087687be27 -> 
  custom:DOTSType/Unity.Entities.Editor.HierarchySelectionContext: eb8c02bbb8571091eb8c02bbb8571091 -> 
  custom:DOTSType/Unity.Physics.DummyColliderFakesComponent`1[[Unity.Physics.CompoundCollider, Unity.Physics, Version=0.0.0.0, Culture=neutral, PublicKeyToken=null]]: f0b0c805df9aab48f0b0c805df9aab48 -> 
  custom:DOTSType/Unity.Physics.Authoring.PhysicsColliderAuthoringData: 237ab57c84eb023d237ab57c84eb023d -> 
  custom:DOTSType/Unity.Entities.Entity: 295b0c964d12026f295b0c964d12026f -> 
  custom:DOTSType/Unity.Physics.DummyColliderFakesComponent`1[[Unity.Physics.TerrainCollider, Unity.Physics, Version=0.0.0.0, Culture=neutral, PublicKeyToken=null]]: 76d2966f42dff4df76d2966f42dff4df -> 
  custom:DOTSType/Unity.Scenes.PublicEntityRef: b380cfe1712d4500b380cfe1712d4500 -> 
  custom:DOTSType/Unity.Entities.Asset: 5205195e4c6bea1c5205195e4c6bea1c -> 
  custom:DOTSType/Unity.Physics.GraphicsIntegration.PhysicsGraphicalSmoothing: 1a649a11034ac6061a649a11034ac606 -> 
  custom:DOTSType/Unity.Physics.Systems.PhysicsAnalyticsSingleton: 261d1a0e3f762c88261d1a0e3f762c88 -> 
  custom:DOTSType/Unity.Physics.PhysicsTemporalCoherenceInfo: dd862a3ef5746267dd862a3ef5746267 -> 
  custom:DOTSType/Tanks.EffectPoolContainer: bf19857e7a596a2bbf19857e7a596a2b -> 
  custom:DOTSType/Unity.Physics.PhysicsStep: 4ca665c06bcf89ca4ca665c06bcf89ca -> 
  custom:DOTSType/UnityEngine.TextMesh: 6784c791d05273aa6784c791d05273aa -> 
  custom:DOTSType/Unity.Entities.CompanionGameObjectActiveCleanup: 4ff09409f1cce51f4ff09409f1cce51f -> 
  custom:DOTSType/Tanks.ReloadIndicator: 83d1d641d15e1d5483d1d641d15e1d54 -> 
  custom:DOTSType/Zenject.RunnableContext: f37beb99d06e39fbf37beb99d06e39fb -> 
  custom:DOTSType/Unity.Physics.Authoring.PhysicsDebugDisplayData: 0cdccf70b9e5e20d0cdccf70b9e5e20d -> 
  custom:DOTSType/Unity.Scenes.AssetObjectManifest: 84d682f40d46c88184d682f40d46c881 -> 
  custom:DOTSType/Unity.Entities.PostLoadCommandBuffer: d658541e4a41540dd658541e4a41540d -> 
  custom:DOTSType/Unity.Entities.Editor.ArchetypeInfo: b8b1bbcc600f6437b8b1bbcc600f6437 -> 
  custom:DOTSType/Tanks.Interface.Speedometer: 158cdf1f7f3d0d9c158cdf1f7f3d0d9c -> 
  custom:DOTSType/Tanks.BattleRam: 87a27f4ae62d951387a27f4ae62d9513 -> 
  custom:DOTSType/UnityEngine.BoxCollider: 8e5b85c4fec088d48e5b85c4fec088d4 -> 
  custom:DOTSType/Unity.Entities.Serialization.ExternalEntityReference: 415f45c8b00c90a4415f45c8b00c90a4 -> 
  custom:DOTSType/Unity.Entities.SceneSectionComponent: 22f65411cbba718222f65411cbba7182 -> 
  custom:DOTSType/Unity.Scenes.PrefabLoadResult: 71615367c37f030371615367c37f0303 -> 
  custom:DOTSType/Unity.Scenes.SceneSectionStreamingSystem+StreamingState: 7014161ec3350ad07014161ec3350ad0 -> 
  custom:DOTSType/Unity.Entities.Editor.UnsupportedEntityEditor: f4c4238e5d78020af4c4238e5d78020a -> 
  custom:DOTSType/Unity.Scenes.ResolvedSectionEntity: e83509e6ef73df7ae83509e6ef73df7a -> 
  custom:DOTSType/Unity.Scenes.DisableSceneResolveAndLoad: 41c98fa73f31b21a41c98fa73f31b21a -> 
  custom:DOTSType/Unity.Entities.LinkedEntityGroup: c1b61ecd5260e852c1b61ecd5260e852 -> 
  custom:DOTSType/Unity.Physics.Authoring.RigidbodyBakingData: 66caf1f3818b52fc66caf1f3818b52fc -> 
  custom:DOTSType/Zenject.ScriptableObjectInstaller: 47201fb43b11147d47201fb43b11147d -> 
  custom:DOTSType/Unity.Physics.Authoring.DetailedStaticMeshCollisionAuthoring: 35a7576e30820a5e35a7576e30820a5e -> 
  custom:DOTSType/Unity.Entities.Editor.UnsupportedGameObjectEditor: 5cff923fd1c387e15cff923fd1c387e1 -> 
  custom:DOTSType/Tanks.CinemachineInputCustomProvider: 53bf68681542a65453bf68681542a654 -> 
  custom:DOTSType/Zenject.SceneContext: 30c70a59093b925c30c70a59093b925c -> 
  custom:DOTSType/UnityEngine.MeshRenderer: 77aa4cb33b84a90377aa4cb33b84a903 -> 
  custom:DOTSType/Unity.Physics.Authoring.BakeStaticRoot: ac81d98288eb78feac81d98288eb78fe -> 
  custom:DOTSType/Unity.Entities.Serialization.DotsSerialization+StringTableNode: db9aacf636d95b56db9aacf636d95b56 -> 
  custom:DOTSType/Zenject.SceneContextEditor: f5ac3d9288ab62bbf5ac3d9288ab62bb -> 
  custom:DOTSType/Unity.Entities.Disabled: ea10d702b0a42592ea10d702b0a42592 -> 
  custom:DOTSType/Unity.Entities.Editor.EntityEditor: 4502e3ccdb7ac0e04502e3ccdb7ac0e0 -> 
  custom:DOTSType/Unity.Physics.Systems.BroadphaseData: cf796e61bbb1c05fcf796e61bbb1c05f -> 
  custom:DOTSType/Unity.Entities.Editor.ArchetypesWindow: bde482c89698b5c7bde482c89698b5c7 -> 
  custom:DOTSType/Unity.Physics.PhysicsMass: dd66b9b7945f3ac7dd66b9b7945f3ac7 -> 
  custom:DOTSType/Unity.Physics.Systems.BuildPhysicsWorldData: 403d401e5c7292c3403d401e5c7292c3 -> 
  custom:DOTSType/Unity.Scenes.SceneBoundingVolume: 3407604aa951263f3407604aa951263f -> 
  custom:video-encoder-webm-vp8: eb34c28f22e8b96e1ab97ce403110664 -> 
  custom:DOTSType/Unity.Physics.Authoring.PhysicsColliderBakedData: 4b51dd6d702fa42d4b51dd6d702fa42d -> 
  custom:DOTSType/UnityEngine.SphereCollider: 82c25a73f4a3118382c25a73f4a31183 -> 
  custom:DOTSType/Unity.Scenes.SubScene: ac4196b7e94e44ecac4196b7e94e44ec -> 
  custom:DOTSType/Unity.Physics.DummyColliderFakesComponent`1[[Unity.Physics.Collider, Unity.Physics, Version=0.0.0.0, Culture=neutral, PublicKeyToken=null]]: 9b1dfcaf09a3b4529b1dfcaf09a3b452 -> 
  custom:DOTSType/Unity.Entities.Editor.HierarchyEntityChangeTracker+UnusedTag: e99f3a5fcb8d8012e99f3a5fcb8d8012 -> 
  custom:DOTSType/Unity.Physics.PhysicsMassOverride: 6fcef11ae9d1bc306fcef11ae9d1bc30 -> 
  custom:DOTSType/Unity.Entities.BlobAssetOwner: c83c63163f833390c83c63163f833390 -> 
  custom:DOTSType/Zenject.CheatSheet+Foo: 818256864703f221818256864703f221 -> 
  custom:DOTSType/Unity.Physics.Authoring.CustomPhysicsBodyTagNames: cf633e3d702fe67dcf633e3d702fe67d -> 
  custom:DOTSType/UnityEngine.CapsuleCollider: be84ea475def5c96be84ea475def5c96 -> 
  custom:DOTSType/Unity.Physics.PhysicsTemporalCoherenceTag: 078e815b3514dfd3078e815b3514dfd3 -> 
  custom:DOTSType/Unity.Entities.Editor.JournalManagerWrapperEditor: cb69e60b3422ccebcb69e60b3422cceb -> 
  custom:DOTSType/Unity.Entities.SceneReference: 93a995b4b28fc25393a995b4b28fc253 -> 
  custom:DOTSType/Unity.Entities.Editor.UnsupportedPrefabEntityEditor: 42b92ebb8c8886cf42b92ebb8c8886cf -> 
  custom:DOTSType/Unity.Entities.Serialization.DotsSerialization+NodeHeader: 2a912a6fdedc77ae2a912a6fdedc77ae -> 
  custom:DOTSType/Zenject.ZenAutoInjecter: 778eb5667a6355bc778eb5667a6355bc -> 
  custom:DOTSType/Unity.Entities.SceneSection: bdba69731fc8f3e7bdba69731fc8f3e7 -> 
  custom:DOTSType/Tanks.Patrol: af24d179ee3e03f0af24d179ee3e03f0 -> 
  custom:DOTSType/Unity.Physics.DummyColliderFakesComponent`1[[Unity.Physics.BoxCollider, Unity.Physics, Version=0.0.0.0, Culture=neutral, PublicKeyToken=null]]: f425b7fd66e06988f425b7fd66e06988 -> 
  custom:DOTSType/Unity.Entities.TransformAuthoring: d03322d6827741e8d03322d6827741e8 -> 
  custom:DOTSType/Zenject.ProjectKernel: efdc3d3e4e17fb07efdc3d3e4e17fb07 -> 
  custom:DOTSType/Tanks.TransmissionSettings: b0a3fa15cf2503fcb0a3fa15cf2503fc -> 
  custom:DOTSType/UnityEngine.ParticleSystemRenderer: 818ef389bd33d482818ef389bd33d482 -> 
  custom:DOTSType/Unity.Entities.BeginSimulationEntityCommandBufferSystem+Singleton: 5406e750b86f24a55406e750b86f24a5 -> 
  custom:DOTSType/Unity.Scenes.Editor.GlobalEntitiesDependencyInspector: 3df09afcbb66d7bb3df09afcbb66d7bb -> 
========================================================================
Received Prepare
Assembly reference Packages/com.unity.entities/Unity.Scenes.Editor/Internals/Properties/Unity.Properties.Internals.asmref has no target assembly definition
Assembly reference Packages/com.unity.entities/Unity.Scenes.Editor/Internals/Properties/Unity.Properties.Internals.asmref has no target assembly definition
Begin MonoManager ReloadAssembly
- Loaded All Assemblies, in  0.951 seconds
Refreshing native plugins compatible for Editor in 9.66 ms, found 5 plugins.
Native extension for WindowsStandalone target not found
Assembly reference Packages/com.unity.entities/Unity.Scenes.Editor/Internals/Properties/Unity.Properties.Internals.asmref has no target assembly definition
TypeManager.Initialize took: 343ms
Mono: successfully reloaded assembly
- Finished resetting the current domain, in  2.991 seconds
Domain Reload Profiling: 3939ms
	BeginReloadAssembly (328ms)
		ExecutionOrderSort (0ms)
		DisableScriptedObjects (11ms)
		BackupInstance (0ms)
		ReleaseScriptingObjects (0ms)
		CreateAndSetChildDomain (120ms)
	RebuildCommonClasses (60ms)
	RebuildNativeTypeToScriptingClass (16ms)
	initialDomainReloadingComplete (48ms)
	LoadAllAssembliesAndSetupDomain (496ms)
		LoadAssemblies (620ms)
		RebuildTransferFunctionScriptingTraits (0ms)
		AnalyzeDomain (25ms)
			TypeCache.Refresh (9ms)
				TypeCache.ScanAssembly (0ms)
			ScanForSourceGeneratedMonoScriptInfo (0ms)
			ResolveRequiredComponents (13ms)
	FinalizeReload (2992ms)
		ReleaseScriptCaches (0ms)
		RebuildScriptCaches (0ms)
		SetupLoadedEditorAssemblies (2062ms)
			LogAssemblyErrors (0ms)
			InitializePlatformSupportModulesInManaged (13ms)
			SetLoadedEditorAssemblies (12ms)
			RefreshPlugins (0ms)
			BeforeProcessingInitializeOnLoad (315ms)
			ProcessInitializeOnLoadAttributes (1335ms)
			ProcessInitializeOnLoadMethodAttributes (375ms)
			AfterProcessingInitializeOnLoad (12ms)
			EditorAssembliesLoaded (1ms)
		ExecutionOrderSort2 (0ms)
		AwakeInstancesAfterBackupRestoration (10ms)
Refreshing native plugins compatible for Editor in 11.73 ms, found 5 plugins.
Preloading 0 native plugins for Editor in 0.00 ms.
Unloading 6859 Unused Serialized files (Serialized files now loaded: 0)
Unloading 95 unused Assets / (123.7 KB). Loaded Objects now: 7334.
Memory consumption went from 220.9 MB to 220.8 MB.
Total: 8.514000 ms (FindLiveObjects: 0.797000 ms CreateObjectMapping: 0.935300 ms MarkObjects: 6.433500 ms  DeleteObjects: 0.346200 ms)

Unloading 0 Unused Serialized files (Serialized files now loaded: 0)
Unloading 0 unused Assets / (161.0 KB). Loaded Objects now: 7334.
Memory consumption went from 220.8 MB to 220.6 MB.
Total: 9.867500 ms (FindLiveObjects: 0.697500 ms CreateObjectMapping: 0.946800 ms MarkObjects: 8.056600 ms  DeleteObjects: 0.165000 ms)

Prepare: number of updated asset objects reloaded= 0
AssetImportParameters requested are different than current active one (requested -> active):
  custom:DOTSType/Zenject.MonoInstallerBase: 95f86c107dc723fe95f86c107dc723fe -> 
  custom:DOTSType/Unity.Entities.EntityGuid: 8e99211435a26d668e99211435a26d66 -> 
  custom:DOTSType/Tanks.TurretController: e7fde51fa66b4c5ee7fde51fa66b4c5e -> 
  custom:DOTSType/Unity.Entities.DefaultWorldInitializationProxy: 3bc53c9cad9070363bc53c9cad907036 -> 
  custom:container-demuxer-ogg: 62fdf1f143b41e24485cea50d1cbac27 -> 
  custom:DOTSType/Zenject.Internal.DefaultSceneContractConfig: a78f29ab0132239ca78f29ab0132239c -> 
  custom:DOTSType/Unity.Physics.EnsureUniqueColliderBlobTag: 3e3264c9c7497b3b3e3264c9c7497b3b -> 
  custom:DOTSType/Unity.Scenes.SceneEntityReference: 646ffd19b744bbdb646ffd19b744bbdb -> 
  custom:DOTSType/Unity.Entities.Hybrid.Baking.BakingOnlyEntityAuthoringBaker+BakingOnlyChildren: 9c3cc3aa8ff875949c3cc3aa8ff87594 -> 
  custom:DOTSType/Unity.Entities.EntityManager+IsolateCopiedEntities: 703c8c39c22b63af703c8c39c22b63af -> 
  custom:DOTSType/Unity.Entities.BeginVariableRateSimulationEntityCommandBufferSystem+Singleton: 40006e500ad5800440006e500ad58004 -> 
  custom:DOTSType/UnityEngine.LightProbeProxyVolume: cd06291433fcac4ccd06291433fcac4c -> 
  custom:EntityBinaryFileFormatVersion: b618570c169a919bbb95b4bd7e4084ba -> 
  custom:DOTSType/Unity.Physics.Authoring.DisplayGizmoColliderEdges+DrawWithGizmos: a6749ec75af14c28a6749ec75af14c28 -> 
  custom:DOTSType/Tanks.SkyRotation: 6a30c8e81d68dcd96a30c8e81d68dcd9 -> 
  custom:DOTSType/Unity.Entities.Editor.ComponentInfo: b6911f4bc3b03db5b6911f4bc3b03db5 -> 
  custom:DOTSType/Unity.Entities.BurstCompatibleComponentData: 1d232e8370167ced1d232e8370167ced -> 
  custom:DOTSType/Unity.Entities.RetainBlobAssetPtr: f51a437fde39ac82f51a437fde39ac82 -> 
  custom:DOTSType/Unity.Physics.Authoring.PhysicsStepAuthoring: 29ca86243fe93d3b29ca86243fe93d3b -> 
  custom:DOTSType/Unity.Entities.BakedEntity: 6cda7616df5335d16cda7616df5335d1 -> 
  custom:DOTSType/Unity.Transforms.Static: a08c19e85cdd5a49a08c19e85cdd5a49 -> 
  custom:DOTSType/Unity.Entities.Editor.InvalidEntityEditor: c09028623072dbb6c09028623072dbb6 -> 
  custom:DOTSType/UnityEngine.Collider: e796157eabb2316ee796157eabb2316e -> 
  custom:framework-win-MediaFoundation: 216162199b28c13a410421893ffa2e32 -> 
  custom:DOTSType/UnityEngine.Transform: 3954159e9eb625f23954159e9eb625f2 -> 
  custom:DOTSType/Unity.Physics.Authoring.PhysicsWorldIndexAuthoring: c35779b88bcbf0f5c35779b88bcbf0f5 -> 
  custom:DOTSType/Unity.Scenes.Editor.GameObjectSceneMetaDataImporter: 35c29e171f7f1b1235c29e171f7f1b12 -> 
  custom:DOTSType/Tanks.Wheel: 8000d516241cf2618000d516241cf261 -> 
  custom:DOTSType/Unity.Entities.Editor.EntitySelectionProxy: 640f096afb1dc192640f096afb1dc192 -> 
  custom:DOTSType/Tanks.Tests.TestInputController: da9d7109e7aa2efada9d7109e7aa2efa -> 
  custom:DOTSType/Unity.Entities.OmitLinkedEntityGroupFromPrefabInstance: d5447758848371b8d5447758848371b8 -> 
  custom:DOTSType/Unity.Entities.Editor.HierarchyWindow: 68a3d7f4e81dfa3968a3d7f4e81dfa39 -> 
  custom:DOTSType/Unity.Entities.CleanupEntity: 91c2e7742ff7a40291c2e7742ff7a402 -> 
  custom:DOTSType/Zenject.MonoKernel: ad622fbf2f55726ead622fbf2f55726e -> 
  custom:DOTSType/Zenject.DefaultGameObjectKernel: 4e750c357d05f8164e750c357d05f816 -> 
  custom:DOTSType/Zenject.GameObjectContextEditor: e47fe5c2e2a879a3e47fe5c2e2a879a3 -> 
  custom:DOTSType/Unity.Scenes.RequestSceneHeader: 539e2df9dd1c5383539e2df9dd1c5383 -> 
  custom:DOTSType/Unity.Entities.BakingOnlyEntity: 6d61bb30b0fe96a06d61bb30b0fe96a0 -> 
  custom:DOTSType/UnityEngine.ReflectionProbe: 74c5d94e403ee5bf74c5d94e403ee5bf -> 
  custom:DOTSType/Unity.Physics.Authoring.PhysicsWorldIndexBakingData: eb7993b47224fdb3eb7993b47224fdb3 -> 
  custom:DOTSType/Tanks.TankController: 5fe8cedbca51d9d55fe8cedbca51d9d5 -> 
  custom:DOTSType/Unity.Scenes.Editor.ClearEntitiesCacheWindow: ff5e4942d7943fe4ff5e4942d7943fe4 -> 
  custom:DOTSType/Unity.Entities.Serialization.DotsSerialization+TypeNamesNode: 481f56363f3115ba481f56363f3115ba -> 
  custom:DOTSType/Unity.Entities.Hybrid.Baking.BakingOnlyEntityAuthoring: b00feda2188a9371b00feda2188a9371 -> 
  custom:DOTSType/Unity.Scenes.ResolvedSectionPath: bf9e38f006f83cb7bf9e38f006f83cb7 -> 
  custom:DOTSType/Unity.Deformations.BlendShapeWeight: d26eabb95dfc9b4dd26eabb95dfc9b4d -> 
  custom:DOTSType/Unity.Scenes.ReferencedUnityObjects: b8073d4731436522b8073d4731436522 -> 
  custom:DOTSType/Unity.Physics.Authoring.PhysicsDebugDisplayAuthoring: 048169f5bbaf7cd0048169f5bbaf7cd0 -> 
  custom:DOTSType/Unity.Scenes.Editor.SubSceneInspector: 6e96e553cf64778e6e96e553cf64778e -> 
  custom:DOTSType/Unity.Physics.GraphicsIntegration.SmoothRigidBodiesGraphicalMotion+RigidBodySmoothingWorldIndex: 988440dd19a406ed988440dd19a406ed -> 
  custom:DOTSType/Unity.Physics.PhysicsConstrainedBodyPair: 37ca29e9e58c191137ca29e9e58c1911 -> 
  custom:DOTSType/Unity.Physics.ColliderBlobCleanupData: 18f3eb94199c5e3618f3eb94199c5e36 -> 
  custom:DOTSType/Unity.Physics.PhysicsDamping: 579a7188c5fb1464579a7188c5fb1464 -> 
  custom:container-muxer-webm: aa71ff27fc2769a1b78a27578f13a17b -> 
  custom:DOTSType/Unity.Entities.CompanionGameObjectUpdateTransformCleanup: 0a4e12c25aaf05e00a4e12c25aaf05e0 -> 
  custom:DOTSType/Tanks.Editor.TransmissionSettingsEditor: 5c05f270edf687155c05f270edf68715 -> 
  custom:DOTSType/Unity.Entities.EndSimulationEntityCommandBufferSystem+Singleton: 6cc3a7136f47def06cc3a7136f47def0 -> 
  custom:DOTSType/Unity.Physics.Authoring.PhysicsDebugDisplaySystem+DrawComponent: fbecd1af1d76e089fbecd1af1d76e089 -> 
  custom:video-decoder-webm-vp8: 9c59270c3fd7afecdb556c50c9e8de78 -> 
  custom:DOTSType/Zenject.GuiRenderer: 77a380f71106289e77a380f71106289e -> 
  custom:DOTSType/Zenject.AnimatorMoveHandlerManager: 48d7fbeaa25297da48d7fbeaa25297da -> 
  custom:DOTSType/UnityEngine.GameObject: aef60e3f2ae5ad9aaef60e3f2ae5ad9a -> 
  custom:SearchIndexIgnoredProperties: e643bd26f0fe6173181afceb89e7c659 -> 
  custom:DOTSAllSystemsVersion: ffb3322ebf2cc81fbcc35437f1236753 -> 
  custom:DOTSType/Unity.Physics.GraphicsIntegration.PhysicsGraphicalInterpolationBuffer: 7baea6e725f3208c7baea6e725f3208c -> 
  custom:AudioImporter_EditorPlatform: d09bf68614088b80899f8185d706f6e7 -> 
  custom:DOTSType/Tanks.Interface.CarnageSettings: 06a0f3af603600f206a0f3af603600f2 -> 
  custom:DOTSType/Zenject.ProjectContextEditor: f68c5f17562ef273f68c5f17562ef273 -> 
  custom:DOTSType/Unity.Entities.Serialization.DotsSerialization+FolderNode: 98c33d003d1b152b98c33d003d1b152b -> 
  custom:DOTSType/Unity.Entities.CompanionReference: 4de8f4179bbe96e74de8f4179bbe96e7 -> 
  custom:DOTSType/UnityEngine.VFX.VisualEffect: dc0e74262f371f63dc0e74262f371f63 -> 
  custom:DOTSType/Unity.Entities.Hybrid.Baking.AdditionalEntitiesBakingData: d81e35bf039925b8d81e35bf039925b8 -> 
  custom:DOTSType/UnityEngine.SpriteRenderer: 61a676ec163f72b161a676ec163f72b1 -> 
  custom:DOTSType/Unity.Entities.Editor.JournalingWrapperEditor: 7820ec03259d9ee57820ec03259d9ee5 -> 
  custom:DOTSType/Tanks.Tank.ProjectileTracker: 101b4b340f8400be101b4b340f8400be -> 
  custom:DOTSType/Unity.Deformations.SkinMatrix: 4b50a0962ac5e60d4b50a0962ac5e60d -> 
  custom:DOTSType/Unity.Scenes.WeakAssetReferenceLoadingData: 451a8b20bc4a35f6451a8b20bc4a35f6 -> 
  custom:DOTSType/Unity.Entities.BurstCompatibleSharedComponentData: 6239fcd2cd3b1c316239fcd2cd3b1c31 -> 
  custom:DOTSType/Unity.Physics.PhysicsCustomTags: 7d9dddf48b181c997d9dddf48b181c99 -> 
  custom:DOTSType/Zenject.SceneDecoratorContext: 47847979bf9052df47847979bf9052df -> 
  custom:DOTSType/Unity.Entities.Editor.ArchetypeWrapperEditor: fcd41c2e8cb6c202fcd41c2e8cb6c202 -> 
  custom:DOTSType/Unity.Physics.PhysicsGravityFactor: 8ab51309e4cdebcc8ab51309e4cdebcc -> 
  custom:DOTSType/Tanks.PlayerInputController: eeac7a82da062014eeac7a82da062014 -> 
  custom:DOTSType/Unity.Entities.SceneTag: 7a384971715860367a38497171586036 -> 
  custom:DOTSType/Unity.Physics.Systems.DummySimulationData: e73bf206ed8976b1e73bf206ed8976b1 -> 
  custom:DOTSType/Unity.Physics.CustomPhysicsProxyDriver: d8e4875a8f47327fd8e4875a8f47327f -> 
  custom:DOTSType/Unity.Entities.Editor.InvalidSelectionEditor: bb0f099005812d55bb0f099005812d55 -> 
  custom:DOTSType/Tanks.Interface.CarnageIndicator: 7a2a70789a91028f7a2a70789a91028f -> 
  custom:DOTSType/Unity.Physics.StepInputSingleton: f5a13022ab227cfff5a13022ab227cff -> 
  custom:DOTSType/Unity.Transforms.LocalToWorld: f07e17bb4e08548ef07e17bb4e08548e -> 
  custom:DOTSType/Unity.Entities.Prefab: 8cefcfc0e3366a618cefcfc0e3366a61 -> 
  custom:DOTSType/Unity.Transforms.PreviousParent: f7f96ed2f665f721f7f96ed2f665f721 -> 
  custom:DOTSType/Unity.Entities.EditorRenderData: 23031dfb0b685e0c23031dfb0b685e0c -> 
  custom:DOTSType/Tanks.TankGameInstaller: ab41efd1a1117644ab41efd1a1117644 -> 
  custom:DOTSType/Tanks.Tests.TestCarnageIndicator: c8904b0627773241c8904b0627773241 -> 
  custom:DOTSType/Unity.Entities.Editor.JournalEntry: fa64f1a8d5097849fa64f1a8d5097849 -> 
  custom:DOTSType/Unity.Scenes.GlobalEntitiesDependency: 272e3c9ba12b159e272e3c9ba12b159e -> 
  custom:audio-decoder-ogg-vorbis: bf7c407c2cedff20999df2af8eb42d56 -> 
  custom:ProjectSettings/EntitiesClientSettings.asset: 57fa4463d8597ee36c3803b5983b6213 -> 
  custom:DOTSType/Unity.Entities.RetainBlobAssets: e3007bd0d4f5ba8be3007bd0d4f5ba8b -> 
  custom:DOTSType/Tanks.TankAudioSystem: e0c4f60227f2a2a8e0c4f60227f2a2a8 -> 
  custom:DOTSType/Unity.Scenes.SceneSystemData: 358f9772a0e70c53358f9772a0e70c53 -> 
  custom:DOTSType/Zenject.SceneDecoratorContextEditor: ca86c2fb23338ef7ca86c2fb23338ef7 -> 
  custom:DOTSType/Unity.Physics.PhysicsWorldIndex: 44b485a5651ecbf844b485a5651ecbf8 -> 
  custom:DOTSType/Unity.Entities.EndInitializationEntityCommandBufferSystem+Singleton: 75800829e25c245f75800829e25c245f -> 
  custom:DOTSType/Unity.Entities.Build.EntitiesClientSettings: 379ca95f1f31bbbc379ca95f1f31bbbc -> 
  custom:DOTSType/Zenject.ProjectContext: 73c2192ee2a3347973c2192ee2a33479 -> 
  custom:DOTSType/Zenject.RunnableContextEditor: 761811f71f3da7bc761811f71f3da7bc -> 
  custom:DOTSType/UnityEngine.AudioSource: aed3a424fdd48d59aed3a424fdd48d59 -> 
  custom:DOTSType/Unity.Scenes.RequestEntityPrefabLoaded: fc4092a08e154a96fc4092a08e154a96 -> 
  custom:DOTSType/Unity.Entities.SystemInstance: bb0dfff8e9a48357bb0dfff8e9a48357 -> 
  custom:DOTSType/Unity.Entities.RemoveUnusedEntityInBake: 0973223cb916c16b0973223cb916c16b -> 
  custom:DOTSType/Unity.Entities.EndVariableRateSimulationEntityCommandBufferSystem+Singleton: 78d2450a82ebc20778d2450a82ebc207 -> 
  custom:DOTSType/Unity.Physics.DummyColliderFakesComponent`1[[Unity.Physics.CylinderCollider, Unity.Physics, Version=0.0.0.0, Culture=neutral, PublicKeyToken=null]]: 2d82e9daa82955bf2d82e9daa82955bf -> 
  custom:audio-encoder-webm-vorbis: bf7c407c2cedff20999df2af8eb42d56 -> 
  custom:DOTSType/Unity.Entities.BeginFixedStepSimulationEntityCommandBufferSystem+Singleton: 5857035820ee1e635857035820ee1e63 -> 
  custom:DOTSType/Unity.Physics.PhysicsJointCompanion: 655fde98af64ce94655fde98af64ce94 -> 
  custom:DOTSType/Unity.Scenes.WeakAssetPrefabLoadRequest: b6d72391c4d3d049b6d72391c4d3d049 -> 
  custom:DOTSType/Tanks.Legacy.LegacyTransmissionSettings: 84b2093787e9240c84b2093787e9240c -> 
  custom:DOTSType/Tanks.Legacy.Editor.LegacyTransmissionSettingsEditor: f063a9f322024a22f063a9f322024a22 -> 
  custom:DOTSType/Zenject.ScriptableObjectInstallerBase: 564d9b68561bb94d564d9b68561bb94d -> 
  custom:DOTSType/Unity.Physics.Editor.CustomPhysicsBodyTagNamesEditor: 5e056a649e13a00c5e056a649e13a00c -> 
  custom:DOTSType/Unity.Physics.PhysicsWorldSingleton: 90bad7c95a54d00590bad7c95a54d005 -> 
  custom:DOTSType/Unity.Entities.BurstCompatibleBufferElement: 9256282cac425e579256282cac425e57 -> 
  custom:DOTSType/Unity.Entities.CompanionLink: 4813070be25c6d6a4813070be25c6d6a -> 
  custom:DOTSType/Unity.Physics.DummyColliderFakesComponent`1[[Unity.Physics.PolygonCollider, Unity.Physics, Version=0.0.0.0, Culture=neutral, PublicKeyToken=null]]: 3f38e3dc511d48d23f38e3dc511d48d2 -> 
  custom:SceneMetaDataFileFormatVersion: 18e216f4893c3ae43d5b4b3a88de92ca -> 
  custom:DOTSType/Unity.Entities.Editor.SystemScheduleWindow: dfecb8af58c97f0adfecb8af58c97f0a -> 
  custom:DOTSType/Unity.Physics.PhysicsColliderKeyEntityPair: e3185876db01deade3185876db01dead -> 
  custom:DOTSType/Zenject.ContextEditor: 0791a612a42c17bc0791a612a42c17bc -> 
  custom:DOTSType/Zenject.AnimatorIkHandlerManager: 6bf1f62125213c446bf1f62125213c44 -> 
  custom:DOTSType/Unity.Transforms.LocalTransform: d07f194ee4791f00d07f194ee4791f00 -> 
  custom:DOTSType/Unity.Physics.PhysicsJoint: e49afdd9ec82159fe49afdd9ec82159f -> 
  custom:DOTSType/Unity.Scenes.PrefabAssetReference: 924b87ecab3719ce924b87ecab3719ce -> 
  custom:DOTSType/UnityEngine.Rigidbody: 90d4f52b90e97d3190d4f52b90e97d31 -> 
  custom:DOTSType/Unity.Transforms.PostTransformMatrix: d5b773053bc4fc92d5b773053bc4fc92 -> 
  custom:DOTSType/Unity.Entities.WorldTime: efd6631e6d47e1c0efd6631e6d47e1c0 -> 
  custom:DOTSType/Unity.Entities.Editor.ComponentsWindow: f3a47022486a5e37f3a47022486a5e37 -> 
  custom:DOTSType/Unity.Entities.Editor.JournalManager: bd6303929aef5048bd6303929aef5048 -> 
  custom:DOTSType/Zenject.SceneKernel: 14c92f57ead5fa5a14c92f57ead5fa5a -> 
  custom:DOTSType/Unity.Scenes.Editor.SubSceneImporter: fbc2a6bb48307f94fbc2a6bb48307f94 -> 
  custom:DOTSType/UnityEngine.Light: 47f771faf20222f647f771faf20222f6 -> 
  custom:DOTSType/Unity.Entities.EndFixedStepSimulationEntityCommandBufferSystem+Singleton: 903138f233c08b6f903138f233c08b6f -> 
  custom:DOTSType/Unity.Entities.Hybrid.Baking.LinkedEntityGroupAuthoring: 463b7158f57f2778463b7158f57f2778 -> 
  custom:DOTSType/Unity.Entities.BeginInitializationEntityCommandBufferSystem+Singleton: 1dafdf6276a3f02d1dafdf6276a3f02d -> 
  custom:DOTSType/Unity.Physics.SimulationSingleton: 2c12c15cc1aaefd42c12c15cc1aaefd4 -> 
  custom:DOTSType/Unity.Transforms.Child: 5a0b111d3c5ef1ef5a0b111d3c5ef1ef -> 
  custom:DOTSType/Unity.Entities.Editor.ComponentWrapperEditor: 8a0108ac83962ca58a0108ac83962ca5 -> 
  custom:video-codec-MediaFoundation-h265: 746d11721c4dcdbdad8f713fa42b33f4 -> 
  custom:DOTSType/Unity.Entities.SceneSectionData: eeed08dab67953cbeeed08dab67953cb -> 
  custom:DOTSType/Tanks.EffectPool: b07fd26d384c1aadb07fd26d384c1aad -> 
  custom:DOTSType/Zenject.Context: 7a9b164638a7c5fb7a9b164638a7c5fb -> 
  custom:DOTSType/Unity.Entities.Editor.EntitiesJournalingWindow: fb6228252c0089dcfb6228252c0089dc -> 
  custom:video-decoder-ogg-theora: a1e56fd34408186e4bbccfd4996cb3dc -> 
  custom:DOTSType/Unity.Scenes.ResolvedSceneHash: 10c2d6fb478167a310c2d6fb478167a3 -> 
  custom:DOTSType/Unity.Scenes.SceneSectionStreamingData: 01ac29b86b18dacf01ac29b86b18dacf -> 
  custom:DOTSType/Zenject.ZenjectStateMachineBehaviourAutoInjecter: bc2fa2415d8a8ef6bc2fa2415d8a8ef6 -> 
  custom:DOTSType/Unity.Entities.AdditionalEntityParent: a24d1678b03f0479a24d1678b03f0479 -> 
  custom:DOTSType/Unity.Entities.Simulate: e0c92315ec24632de0c92315ec24632d -> 
  custom:DOTSType/Unity.Physics.PhysicsVelocity: eae7719776411411eae7719776411411 -> 
  custom:DOTSType/Unity.Entities.Editor.SystemWrapperEditor: 8c892c6354f3a3138c892c6354f3a313 -> 
  custom:DOTSType/Unity.Entities.RetainBlobAssetBatchPtr: 14017b765908ee1d14017b765908ee1d -> 
  custom:DOTSType/Zenject.ZenjectBinding: 0569f6cfa9645a6e0569f6cfa9645a6e -> 
  custom:DOTSType/Tanks.Tests.TestCarnageIndicator+TestCarnageIndicatorEditor: a518ed1603ea4192a518ed1603ea4192 -> 
  custom:DOTSType/Unity.Physics.Authoring.CustomPhysicsProxyAuthoring: 90a4b67ea7c61e0c90a4b67ea7c61e0c -> 
  custom:DOTSType/Unity.Physics.Authoring.PhysicsMeshAuthoringData: 07c891dbd84b5d1c07c891dbd84b5d1c -> 
  custom:DOTSType/Unity.Scenes.LiveConversionPatcher+LiveConvertedSceneCleanup: 97dadd0f05dbc86997dadd0f05dbc869 -> 
  custom:DOTSType/UnityEngine.MeshCollider: 745c145fdcf1939e745c145fdcf1939e -> 
  custom:DOTSType/Unity.Physics.Authoring.ForceUniqueColliderAuthoring: 34be871ed7a74d6234be871ed7a74d62 -> 
  custom:DOTSType/Zenject.GameObjectContext: 694c79f9ded4c948694c79f9ded4c948 -> 
  custom:DOTSType/Unity.Physics.DummyColliderFakesComponent`1[[Unity.Physics.CapsuleCollider, Unity.Physics, Version=0.0.0.0, Culture=neutral, PublicKeyToken=null]]: 840aede77f375b4f840aede77f375b4f -> 
  custom:DOTSType/Unity.Physics.Authoring.StaticOptimizePhysicsBaking: f3a03d29cca9ceabf3a03d29cca9ceab -> 
  custom:DOTSType/Unity.Scenes.DisableLiveConversion: 543070e84ec00e2c543070e84ec00e2c -> 
  custom:DOTSType/Unity.Physics.Authoring.PhysicsCompoundData: 41f933035064165d41f933035064165d -> 
  custom:DOTSType/Tanks.AudioPool: 65d2a3a778887e6e65d2a3a778887e6e -> 
  custom:DOTSType/Unity.Physics.DummyColliderFakesComponent`1[[Unity.Physics.SphereCollider, Unity.Physics, Version=0.0.0.0, Culture=neutral, PublicKeyToken=null]]: 4818ec4955a46c414818ec4955a46c41 -> 
  custom:DOTSType/Unity.Transforms.Parent: 00b45826652a5ec600b45826652a5ec6 -> 
  custom:DOTSType/Unity.Physics.PhysicsCollider: 00548c0f8c0147a000548c0f8c0147a0 -> 
  custom:DOTSType/Unity.Physics.Authoring.PhysicsRootBaked: a150145af5348f6da150145af5348f6d -> 
  custom:DOTSType/Unity.Scenes.ResolveSceneReferenceSystem+AssetDependencyTrackerState: b2d132c8f66d836db2d132c8f66d836d -> 
  custom:DOTSType/Unity.Entities.CompanionLinkTransform: e392322015c13880e392322015c13880 -> 
  custom:DOTSType/Unity.Entities.Serialization.DotsSerialization+RevisionedRawDataNode: 7e711ae70d27259d7e711ae70d27259d -> 
  custom:CustomObjectIndexerAttribute: 9a22284fe3817be447336de3de66b15e -> 
  custom:DOTSType/Tanks.Projectile: 620e548336351b1d620e548336351b1d -> 
  custom:DOTSType/Unity.Physics.GraphicsIntegration.MostRecentFixedTime: 6c4396236e6646a76c4396236e6646a7 -> 
  custom:DOTSType/UnityEngine.ParticleSystem: 28fa60303afd747328fa60303afd7473 -> 
  custom:DOTSType/Unity.Physics.DummyColliderFakesComponent`1[[Unity.Physics.ConvexCollider, Unity.Physics, Version=0.0.0.0, Culture=neutral, PublicKeyToken=null]]: d00615a7bde8681ed00615a7bde8681e -> 
  custom:DOTSType/Unity.Physics.DummyColliderFakesComponent`1[[Unity.Physics.MeshCollider, Unity.Physics, Version=0.0.0.0, Culture=neutral, PublicKeyToken=null]]: 52b224b25d7c5a2552b224b25d7c5a25 -> 
  custom:container-demuxer-webm: 4f35f7cbe854078d1ac9338744f61a02 -> 
  custom:DOTSType/Unity.Entities.PrefabRoot: ea04b60a31090316ea04b60a31090316 -> 
  custom:DOTSType/Unity.Entities.RequestSceneLoaded: 62c081c918aff6ee62c081c918aff6ee -> 
  custom:DOTSType/Unity.Entities.BeginPresentationEntityCommandBufferSystem+Singleton: cbef056a920a5eadcbef056a920a5ead -> 
  custom:DOTSType/Unity.Entities.ChunkHeader: 490bb3205bb29fe6490bb3205bb29fe6 -> 
  custom:DOTSType/Unity.Scenes.IsSectionLoaded: 2e3c12f14f7600232e3c12f14f760023 -> 
  custom:DOTSType/Unity.Entities.Editor.SystemInfo: e869e7d857e70a99e869e7d857e70a99 -> 
  custom:DOTSType/Zenject.MonoInstaller: d4f508a97531178fd4f508a97531178f -> 
  custom:DOTSType/Unity.Entities.WorldTimeQueue: 48ce29752c66702348ce29752c667023 -> 
  custom:DOTSType/Unity.Entities.StaticOptimizeEntity: 346cca765bf51c72346cca765bf51c72 -> 
  custom:DOTSType/Unity.Entities.SectionMetadataSetup: 75ea136fdb0e54ba75ea136fdb0e54ba -> 
  custom:DOTSType/Tanks.ProjectilePool: ae6caa17fe3924ceae6caa17fe3924ce -> 
  custom:DOTSType/Unity.Scenes.SceneSectionReferencedUnityObjects: 2797689ad57679a22797689ad57679a2 -> 
  custom:DOTSType/Unity.Physics.Editor.PhysicsStepAuthoringEditor: b0470546a7982481b0470546a7982481 -> 
  custom:DOTSType/Unity.Physics.GraphicsIntegration.PhysicsRenderEntity: 17b73fa380da9cf517b73fa380da9cf5 -> 
  custom:DOTSType/Unity.Entities.Hybrid.Baking.LinkedEntityGroupBakingData: cd33507256493e18cd33507256493e18 -> 
  custom:DOTSType/UnityEngine.LODGroup: 15ad22bb5260348e15ad22bb5260348e -> 
  custom:DOTSType/Tanks.BaseInputController: 7c3584087687be277c3584087687be27 -> 
  custom:DOTSType/Unity.Entities.Editor.HierarchySelectionContext: eb8c02bbb8571091eb8c02bbb8571091 -> 
  custom:DOTSType/Unity.Physics.DummyColliderFakesComponent`1[[Unity.Physics.CompoundCollider, Unity.Physics, Version=0.0.0.0, Culture=neutral, PublicKeyToken=null]]: f0b0c805df9aab48f0b0c805df9aab48 -> 
  custom:DOTSType/Unity.Physics.Authoring.PhysicsColliderAuthoringData: 237ab57c84eb023d237ab57c84eb023d -> 
  custom:DOTSType/Unity.Entities.Entity: 295b0c964d12026f295b0c964d12026f -> 
  custom:DOTSType/Unity.Physics.DummyColliderFakesComponent`1[[Unity.Physics.TerrainCollider, Unity.Physics, Version=0.0.0.0, Culture=neutral, PublicKeyToken=null]]: 76d2966f42dff4df76d2966f42dff4df -> 
  custom:DOTSType/Unity.Scenes.PublicEntityRef: b380cfe1712d4500b380cfe1712d4500 -> 
  custom:DOTSType/Unity.Entities.Asset: 5205195e4c6bea1c5205195e4c6bea1c -> 
  custom:DOTSType/Unity.Physics.GraphicsIntegration.PhysicsGraphicalSmoothing: 1a649a11034ac6061a649a11034ac606 -> 
  custom:DOTSType/Unity.Physics.Systems.PhysicsAnalyticsSingleton: 261d1a0e3f762c88261d1a0e3f762c88 -> 
  custom:DOTSType/Unity.Physics.PhysicsTemporalCoherenceInfo: dd862a3ef5746267dd862a3ef5746267 -> 
  custom:DOTSType/Tanks.EffectPoolContainer: bf19857e7a596a2bbf19857e7a596a2b -> 
  custom:DOTSType/Unity.Physics.PhysicsStep: 4ca665c06bcf89ca4ca665c06bcf89ca -> 
  custom:DOTSType/UnityEngine.TextMesh: 6784c791d05273aa6784c791d05273aa -> 
  custom:DOTSType/Unity.Entities.CompanionGameObjectActiveCleanup: 4ff09409f1cce51f4ff09409f1cce51f -> 
  custom:DOTSType/Tanks.ReloadIndicator: 83d1d641d15e1d5483d1d641d15e1d54 -> 
  custom:DOTSType/Zenject.RunnableContext: f37beb99d06e39fbf37beb99d06e39fb -> 
  custom:DOTSType/Unity.Physics.Authoring.PhysicsDebugDisplayData: 0cdccf70b9e5e20d0cdccf70b9e5e20d -> 
  custom:DOTSType/Unity.Scenes.AssetObjectManifest: 84d682f40d46c88184d682f40d46c881 -> 
  custom:DOTSType/Unity.Entities.PostLoadCommandBuffer: d658541e4a41540dd658541e4a41540d -> 
  custom:DOTSType/Unity.Entities.Editor.ArchetypeInfo: b8b1bbcc600f6437b8b1bbcc600f6437 -> 
  custom:DOTSType/Tanks.Interface.Speedometer: 158cdf1f7f3d0d9c158cdf1f7f3d0d9c -> 
  custom:DOTSType/Tanks.BattleRam: 87a27f4ae62d951387a27f4ae62d9513 -> 
  custom:DOTSType/UnityEngine.BoxCollider: 8e5b85c4fec088d48e5b85c4fec088d4 -> 
  custom:DOTSType/Unity.Entities.Serialization.ExternalEntityReference: 415f45c8b00c90a4415f45c8b00c90a4 -> 
  custom:DOTSType/Unity.Entities.SceneSectionComponent: 22f65411cbba718222f65411cbba7182 -> 
  custom:DOTSType/Unity.Scenes.PrefabLoadResult: 71615367c37f030371615367c37f0303 -> 
  custom:DOTSType/Unity.Scenes.SceneSectionStreamingSystem+StreamingState: 7014161ec3350ad07014161ec3350ad0 -> 
  custom:DOTSType/Unity.Entities.Editor.UnsupportedEntityEditor: f4c4238e5d78020af4c4238e5d78020a -> 
  custom:DOTSType/Unity.Scenes.ResolvedSectionEntity: e83509e6ef73df7ae83509e6ef73df7a -> 
  custom:DOTSType/Unity.Scenes.DisableSceneResolveAndLoad: 41c98fa73f31b21a41c98fa73f31b21a -> 
  custom:DOTSType/Unity.Entities.LinkedEntityGroup: c1b61ecd5260e852c1b61ecd5260e852 -> 
  custom:DOTSType/Unity.Physics.Authoring.RigidbodyBakingData: 66caf1f3818b52fc66caf1f3818b52fc -> 
  custom:DOTSType/Zenject.ScriptableObjectInstaller: 47201fb43b11147d47201fb43b11147d -> 
  custom:DOTSType/Unity.Physics.Authoring.DetailedStaticMeshCollisionAuthoring: 35a7576e30820a5e35a7576e30820a5e -> 
  custom:DOTSType/Unity.Entities.Editor.UnsupportedGameObjectEditor: 5cff923fd1c387e15cff923fd1c387e1 -> 
  custom:DOTSType/Tanks.CinemachineInputCustomProvider: 53bf68681542a65453bf68681542a654 -> 
  custom:DOTSType/Zenject.SceneContext: 30c70a59093b925c30c70a59093b925c -> 
  custom:DOTSType/UnityEngine.MeshRenderer: 77aa4cb33b84a90377aa4cb33b84a903 -> 
  custom:DOTSType/Unity.Physics.Authoring.BakeStaticRoot: ac81d98288eb78feac81d98288eb78fe -> 
  custom:DOTSType/Unity.Entities.Serialization.DotsSerialization+StringTableNode: db9aacf636d95b56db9aacf636d95b56 -> 
  custom:DOTSType/Zenject.SceneContextEditor: f5ac3d9288ab62bbf5ac3d9288ab62bb -> 
  custom:DOTSType/Unity.Entities.Disabled: ea10d702b0a42592ea10d702b0a42592 -> 
  custom:DOTSType/Unity.Entities.Editor.EntityEditor: 4502e3ccdb7ac0e04502e3ccdb7ac0e0 -> 
  custom:DOTSType/Unity.Physics.Systems.BroadphaseData: cf796e61bbb1c05fcf796e61bbb1c05f -> 
  custom:DOTSType/Unity.Entities.Editor.ArchetypesWindow: bde482c89698b5c7bde482c89698b5c7 -> 
  custom:DOTSType/Unity.Physics.PhysicsMass: dd66b9b7945f3ac7dd66b9b7945f3ac7 -> 
  custom:DOTSType/Unity.Physics.Systems.BuildPhysicsWorldData: 403d401e5c7292c3403d401e5c7292c3 -> 
  custom:DOTSType/Unity.Scenes.SceneBoundingVolume: 3407604aa951263f3407604aa951263f -> 
  custom:video-encoder-webm-vp8: eb34c28f22e8b96e1ab97ce403110664 -> 
  custom:DOTSType/Unity.Physics.Authoring.PhysicsColliderBakedData: 4b51dd6d702fa42d4b51dd6d702fa42d -> 
  custom:DOTSType/UnityEngine.SphereCollider: 82c25a73f4a3118382c25a73f4a31183 -> 
  custom:DOTSType/Unity.Scenes.SubScene: ac4196b7e94e44ecac4196b7e94e44ec -> 
  custom:DOTSType/Unity.Physics.DummyColliderFakesComponent`1[[Unity.Physics.Collider, Unity.Physics, Version=0.0.0.0, Culture=neutral, PublicKeyToken=null]]: 9b1dfcaf09a3b4529b1dfcaf09a3b452 -> 
  custom:DOTSType/Unity.Entities.Editor.HierarchyEntityChangeTracker+UnusedTag: e99f3a5fcb8d8012e99f3a5fcb8d8012 -> 
  custom:DOTSType/Unity.Physics.PhysicsMassOverride: 6fcef11ae9d1bc306fcef11ae9d1bc30 -> 
  custom:DOTSType/Unity.Entities.BlobAssetOwner: c83c63163f833390c83c63163f833390 -> 
  custom:DOTSType/Zenject.CheatSheet+Foo: 818256864703f221818256864703f221 -> 
  custom:DOTSType/Unity.Physics.Authoring.CustomPhysicsBodyTagNames: cf633e3d702fe67dcf633e3d702fe67d -> 
  custom:DOTSType/UnityEngine.CapsuleCollider: be84ea475def5c96be84ea475def5c96 -> 
  custom:DOTSType/Unity.Physics.PhysicsTemporalCoherenceTag: 078e815b3514dfd3078e815b3514dfd3 -> 
  custom:DOTSType/Unity.Entities.Editor.JournalManagerWrapperEditor: cb69e60b3422ccebcb69e60b3422cceb -> 
  custom:DOTSType/Unity.Entities.SceneReference: 93a995b4b28fc25393a995b4b28fc253 -> 
  custom:DOTSType/Unity.Entities.Editor.UnsupportedPrefabEntityEditor: 42b92ebb8c8886cf42b92ebb8c8886cf -> 
  custom:DOTSType/Unity.Entities.Serialization.DotsSerialization+NodeHeader: 2a912a6fdedc77ae2a912a6fdedc77ae -> 
  custom:DOTSType/Zenject.ZenAutoInjecter: 778eb5667a6355bc778eb5667a6355bc -> 
  custom:DOTSType/Unity.Entities.SceneSection: bdba69731fc8f3e7bdba69731fc8f3e7 -> 
  custom:DOTSType/Tanks.Patrol: af24d179ee3e03f0af24d179ee3e03f0 -> 
  custom:DOTSType/Unity.Physics.DummyColliderFakesComponent`1[[Unity.Physics.BoxCollider, Unity.Physics, Version=0.0.0.0, Culture=neutral, PublicKeyToken=null]]: f425b7fd66e06988f425b7fd66e06988 -> 
  custom:DOTSType/Unity.Entities.TransformAuthoring: d03322d6827741e8d03322d6827741e8 -> 
  custom:DOTSType/Zenject.ProjectKernel: efdc3d3e4e17fb07efdc3d3e4e17fb07 -> 
  custom:DOTSType/Tanks.TransmissionSettings: b0a3fa15cf2503fcb0a3fa15cf2503fc -> 
  custom:DOTSType/UnityEngine.ParticleSystemRenderer: 818ef389bd33d482818ef389bd33d482 -> 
  custom:DOTSType/Unity.Entities.BeginSimulationEntityCommandBufferSystem+Singleton: 5406e750b86f24a55406e750b86f24a5 -> 
  custom:DOTSType/Unity.Scenes.Editor.GlobalEntitiesDependencyInspector: 3df09afcbb66d7bb3df09afcbb66d7bb -> 
========================================================================
Received Prepare
Assembly reference Packages/com.unity.entities/Unity.Scenes.Editor/Internals/Properties/Unity.Properties.Internals.asmref has no target assembly definition
Assembly reference Packages/com.unity.entities/Unity.Scenes.Editor/Internals/Properties/Unity.Properties.Internals.asmref has no target assembly definition
Begin MonoManager ReloadAssembly
- Loaded All Assemblies, in  0.929 seconds
Refreshing native plugins compatible for Editor in 8.20 ms, found 5 plugins.
Native extension for WindowsStandalone target not found
Assembly reference Packages/com.unity.entities/Unity.Scenes.Editor/Internals/Properties/Unity.Properties.Internals.asmref has no target assembly definition
TypeManager.Initialize took: 276ms
Mono: successfully reloaded assembly
- Finished resetting the current domain, in  2.970 seconds
Domain Reload Profiling: 3897ms
	BeginReloadAssembly (304ms)
		ExecutionOrderSort (0ms)
		DisableScriptedObjects (8ms)
		BackupInstance (0ms)
		ReleaseScriptingObjects (0ms)
		CreateAndSetChildDomain (106ms)
	RebuildCommonClasses (57ms)
	RebuildNativeTypeToScriptingClass (16ms)
	initialDomainReloadingComplete (49ms)
	LoadAllAssembliesAndSetupDomain (499ms)
		LoadAssemblies (615ms)
		RebuildTransferFunctionScriptingTraits (0ms)
		AnalyzeDomain (28ms)
			TypeCache.Refresh (11ms)
				TypeCache.ScanAssembly (0ms)
			ScanForSourceGeneratedMonoScriptInfo (0ms)
			ResolveRequiredComponents (15ms)
	FinalizeReload (2971ms)
		ReleaseScriptCaches (0ms)
		RebuildScriptCaches (0ms)
		SetupLoadedEditorAssemblies (2023ms)
			LogAssemblyErrors (0ms)
			InitializePlatformSupportModulesInManaged (12ms)
			SetLoadedEditorAssemblies (13ms)
			RefreshPlugins (0ms)
			BeforeProcessingInitializeOnLoad (310ms)
			ProcessInitializeOnLoadAttributes (1265ms)
			ProcessInitializeOnLoadMethodAttributes (411ms)
			AfterProcessingInitializeOnLoad (10ms)
			EditorAssembliesLoaded (1ms)
		ExecutionOrderSort2 (0ms)
		AwakeInstancesAfterBackupRestoration (8ms)
Refreshing native plugins compatible for Editor in 17.58 ms, found 5 plugins.
Preloading 0 native plugins for Editor in 0.00 ms.
Unloading 6859 Unused Serialized files (Serialized files now loaded: 0)
Unloading 95 unused Assets / (123.5 KB). Loaded Objects now: 7335.
Memory consumption went from 221.0 MB to 220.8 MB.
Total: 12.587900 ms (FindLiveObjects: 1.166800 ms CreateObjectMapping: 1.664300 ms MarkObjects: 9.521600 ms  DeleteObjects: 0.233100 ms)

Unloading 0 Unused Serialized files (Serialized files now loaded: 0)
Unloading 0 unused Assets / (165.8 KB). Loaded Objects now: 7335.
Memory consumption went from 220.8 MB to 220.6 MB.
Total: 10.120500 ms (FindLiveObjects: 0.729700 ms CreateObjectMapping: 1.126000 ms MarkObjects: 8.124600 ms  DeleteObjects: 0.138800 ms)

Prepare: number of updated asset objects reloaded= 0
AssetImportParameters requested are different than current active one (requested -> active):
  custom:DOTSType/Zenject.MonoInstallerBase: 95f86c107dc723fe95f86c107dc723fe -> 
  custom:DOTSType/Unity.Entities.EntityGuid: 8e99211435a26d668e99211435a26d66 -> 
  custom:DOTSType/Tanks.TurretController: e7fde51fa66b4c5ee7fde51fa66b4c5e -> 
  custom:DOTSType/Unity.Entities.DefaultWorldInitializationProxy: 3bc53c9cad9070363bc53c9cad907036 -> 
  custom:container-demuxer-ogg: 62fdf1f143b41e24485cea50d1cbac27 -> 
  custom:DOTSType/Zenject.Internal.DefaultSceneContractConfig: a78f29ab0132239ca78f29ab0132239c -> 
  custom:DOTSType/Unity.Physics.EnsureUniqueColliderBlobTag: 3e3264c9c7497b3b3e3264c9c7497b3b -> 
  custom:DOTSType/Unity.Scenes.SceneEntityReference: 646ffd19b744bbdb646ffd19b744bbdb -> 
  custom:DOTSType/Unity.Entities.Hybrid.Baking.BakingOnlyEntityAuthoringBaker+BakingOnlyChildren: 9c3cc3aa8ff875949c3cc3aa8ff87594 -> 
  custom:DOTSType/Unity.Entities.EntityManager+IsolateCopiedEntities: 703c8c39c22b63af703c8c39c22b63af -> 
  custom:DOTSType/Unity.Entities.BeginVariableRateSimulationEntityCommandBufferSystem+Singleton: 40006e500ad5800440006e500ad58004 -> 
  custom:DOTSType/UnityEngine.LightProbeProxyVolume: cd06291433fcac4ccd06291433fcac4c -> 
  custom:EntityBinaryFileFormatVersion: b618570c169a919bbb95b4bd7e4084ba -> 
  custom:DOTSType/Unity.Physics.Authoring.DisplayGizmoColliderEdges+DrawWithGizmos: a6749ec75af14c28a6749ec75af14c28 -> 
  custom:DOTSType/Tanks.SkyRotation: 6a30c8e81d68dcd96a30c8e81d68dcd9 -> 
  custom:DOTSType/Unity.Entities.Editor.ComponentInfo: b6911f4bc3b03db5b6911f4bc3b03db5 -> 
  custom:DOTSType/Unity.Entities.BurstCompatibleComponentData: 1d232e8370167ced1d232e8370167ced -> 
  custom:DOTSType/Unity.Entities.RetainBlobAssetPtr: f51a437fde39ac82f51a437fde39ac82 -> 
  custom:DOTSType/Unity.Physics.Authoring.PhysicsStepAuthoring: 29ca86243fe93d3b29ca86243fe93d3b -> 
  custom:DOTSType/Unity.Entities.BakedEntity: 6cda7616df5335d16cda7616df5335d1 -> 
  custom:DOTSType/Unity.Transforms.Static: a08c19e85cdd5a49a08c19e85cdd5a49 -> 
  custom:DOTSType/Unity.Entities.Editor.InvalidEntityEditor: c09028623072dbb6c09028623072dbb6 -> 
  custom:DOTSType/UnityEngine.Collider: e796157eabb2316ee796157eabb2316e -> 
  custom:framework-win-MediaFoundation: 216162199b28c13a410421893ffa2e32 -> 
  custom:DOTSType/UnityEngine.Transform: 3954159e9eb625f23954159e9eb625f2 -> 
  custom:DOTSType/Unity.Physics.Authoring.PhysicsWorldIndexAuthoring: c35779b88bcbf0f5c35779b88bcbf0f5 -> 
  custom:DOTSType/Unity.Scenes.Editor.GameObjectSceneMetaDataImporter: 35c29e171f7f1b1235c29e171f7f1b12 -> 
  custom:DOTSType/Tanks.Wheel: 8000d516241cf2618000d516241cf261 -> 
  custom:DOTSType/Unity.Entities.Editor.EntitySelectionProxy: 640f096afb1dc192640f096afb1dc192 -> 
  custom:DOTSType/Tanks.Tests.TestInputController: da9d7109e7aa2efada9d7109e7aa2efa -> 
  custom:DOTSType/Unity.Entities.OmitLinkedEntityGroupFromPrefabInstance: d5447758848371b8d5447758848371b8 -> 
  custom:DOTSType/Unity.Entities.Editor.HierarchyWindow: 68a3d7f4e81dfa3968a3d7f4e81dfa39 -> 
  custom:DOTSType/Unity.Entities.CleanupEntity: 91c2e7742ff7a40291c2e7742ff7a402 -> 
  custom:DOTSType/Zenject.MonoKernel: ad622fbf2f55726ead622fbf2f55726e -> 
  custom:DOTSType/Zenject.DefaultGameObjectKernel: 4e750c357d05f8164e750c357d05f816 -> 
  custom:DOTSType/Zenject.GameObjectContextEditor: e47fe5c2e2a879a3e47fe5c2e2a879a3 -> 
  custom:DOTSType/Unity.Scenes.RequestSceneHeader: 539e2df9dd1c5383539e2df9dd1c5383 -> 
  custom:DOTSType/Unity.Entities.BakingOnlyEntity: 6d61bb30b0fe96a06d61bb30b0fe96a0 -> 
  custom:DOTSType/UnityEngine.ReflectionProbe: 74c5d94e403ee5bf74c5d94e403ee5bf -> 
  custom:DOTSType/Unity.Physics.Authoring.PhysicsWorldIndexBakingData: eb7993b47224fdb3eb7993b47224fdb3 -> 
  custom:DOTSType/Tanks.TankController: 5fe8cedbca51d9d55fe8cedbca51d9d5 -> 
  custom:DOTSType/Unity.Scenes.Editor.ClearEntitiesCacheWindow: ff5e4942d7943fe4ff5e4942d7943fe4 -> 
  custom:DOTSType/Unity.Entities.Serialization.DotsSerialization+TypeNamesNode: 481f56363f3115ba481f56363f3115ba -> 
  custom:DOTSType/Unity.Entities.Hybrid.Baking.BakingOnlyEntityAuthoring: b00feda2188a9371b00feda2188a9371 -> 
  custom:DOTSType/Unity.Scenes.ResolvedSectionPath: bf9e38f006f83cb7bf9e38f006f83cb7 -> 
  custom:DOTSType/Unity.Deformations.BlendShapeWeight: d26eabb95dfc9b4dd26eabb95dfc9b4d -> 
  custom:DOTSType/Unity.Scenes.ReferencedUnityObjects: b8073d4731436522b8073d4731436522 -> 
  custom:DOTSType/Unity.Physics.Authoring.PhysicsDebugDisplayAuthoring: 048169f5bbaf7cd0048169f5bbaf7cd0 -> 
  custom:DOTSType/Unity.Scenes.Editor.SubSceneInspector: 6e96e553cf64778e6e96e553cf64778e -> 
  custom:DOTSType/Unity.Physics.GraphicsIntegration.SmoothRigidBodiesGraphicalMotion+RigidBodySmoothingWorldIndex: 988440dd19a406ed988440dd19a406ed -> 
  custom:DOTSType/Unity.Physics.PhysicsConstrainedBodyPair: 37ca29e9e58c191137ca29e9e58c1911 -> 
  custom:DOTSType/Unity.Physics.ColliderBlobCleanupData: 18f3eb94199c5e3618f3eb94199c5e36 -> 
  custom:DOTSType/Unity.Physics.PhysicsDamping: 579a7188c5fb1464579a7188c5fb1464 -> 
  custom:container-muxer-webm: aa71ff27fc2769a1b78a27578f13a17b -> 
  custom:DOTSType/Unity.Entities.CompanionGameObjectUpdateTransformCleanup: 0a4e12c25aaf05e00a4e12c25aaf05e0 -> 
  custom:DOTSType/Tanks.Editor.TransmissionSettingsEditor: 5c05f270edf687155c05f270edf68715 -> 
  custom:DOTSType/Unity.Entities.EndSimulationEntityCommandBufferSystem+Singleton: 6cc3a7136f47def06cc3a7136f47def0 -> 
  custom:DOTSType/Unity.Physics.Authoring.PhysicsDebugDisplaySystem+DrawComponent: fbecd1af1d76e089fbecd1af1d76e089 -> 
  custom:video-decoder-webm-vp8: 9c59270c3fd7afecdb556c50c9e8de78 -> 
  custom:DOTSType/Zenject.GuiRenderer: 77a380f71106289e77a380f71106289e -> 
  custom:DOTSType/Zenject.AnimatorMoveHandlerManager: 48d7fbeaa25297da48d7fbeaa25297da -> 
  custom:DOTSType/UnityEngine.GameObject: aef60e3f2ae5ad9aaef60e3f2ae5ad9a -> 
  custom:SearchIndexIgnoredProperties: e643bd26f0fe6173181afceb89e7c659 -> 
  custom:DOTSAllSystemsVersion: ffb3322ebf2cc81fbcc35437f1236753 -> 
  custom:DOTSType/Unity.Physics.GraphicsIntegration.PhysicsGraphicalInterpolationBuffer: 7baea6e725f3208c7baea6e725f3208c -> 
  custom:AudioImporter_EditorPlatform: d09bf68614088b80899f8185d706f6e7 -> 
  custom:DOTSType/Tanks.Interface.CarnageSettings: 06a0f3af603600f206a0f3af603600f2 -> 
  custom:DOTSType/Zenject.ProjectContextEditor: f68c5f17562ef273f68c5f17562ef273 -> 
  custom:DOTSType/Unity.Entities.Serialization.DotsSerialization+FolderNode: 98c33d003d1b152b98c33d003d1b152b -> 
  custom:DOTSType/Unity.Entities.CompanionReference: 4de8f4179bbe96e74de8f4179bbe96e7 -> 
  custom:DOTSType/UnityEngine.VFX.VisualEffect: dc0e74262f371f63dc0e74262f371f63 -> 
  custom:DOTSType/Unity.Entities.Hybrid.Baking.AdditionalEntitiesBakingData: d81e35bf039925b8d81e35bf039925b8 -> 
  custom:DOTSType/UnityEngine.SpriteRenderer: 61a676ec163f72b161a676ec163f72b1 -> 
  custom:DOTSType/Unity.Entities.Editor.JournalingWrapperEditor: 7820ec03259d9ee57820ec03259d9ee5 -> 
  custom:DOTSType/Tanks.Tank.ProjectileTracker: 101b4b340f8400be101b4b340f8400be -> 
  custom:DOTSType/Unity.Deformations.SkinMatrix: 4b50a0962ac5e60d4b50a0962ac5e60d -> 
  custom:DOTSType/Unity.Scenes.WeakAssetReferenceLoadingData: 451a8b20bc4a35f6451a8b20bc4a35f6 -> 
  custom:DOTSType/Unity.Entities.BurstCompatibleSharedComponentData: 6239fcd2cd3b1c316239fcd2cd3b1c31 -> 
  custom:DOTSType/Unity.Physics.PhysicsCustomTags: 7d9dddf48b181c997d9dddf48b181c99 -> 
  custom:DOTSType/Zenject.SceneDecoratorContext: 47847979bf9052df47847979bf9052df -> 
  custom:DOTSType/Unity.Entities.Editor.ArchetypeWrapperEditor: fcd41c2e8cb6c202fcd41c2e8cb6c202 -> 
  custom:DOTSType/Unity.Physics.PhysicsGravityFactor: 8ab51309e4cdebcc8ab51309e4cdebcc -> 
  custom:DOTSType/Tanks.PlayerInputController: eeac7a82da062014eeac7a82da062014 -> 
  custom:DOTSType/Unity.Entities.SceneTag: 7a384971715860367a38497171586036 -> 
  custom:DOTSType/Unity.Physics.Systems.DummySimulationData: e73bf206ed8976b1e73bf206ed8976b1 -> 
  custom:DOTSType/Unity.Physics.CustomPhysicsProxyDriver: d8e4875a8f47327fd8e4875a8f47327f -> 
  custom:DOTSType/Unity.Entities.Editor.InvalidSelectionEditor: bb0f099005812d55bb0f099005812d55 -> 
  custom:DOTSType/Tanks.Interface.CarnageIndicator: 7a2a70789a91028f7a2a70789a91028f -> 
  custom:DOTSType/Unity.Physics.StepInputSingleton: f5a13022ab227cfff5a13022ab227cff -> 
  custom:DOTSType/Unity.Transforms.LocalToWorld: f07e17bb4e08548ef07e17bb4e08548e -> 
  custom:DOTSType/Unity.Entities.Prefab: 8cefcfc0e3366a618cefcfc0e3366a61 -> 
  custom:DOTSType/Unity.Transforms.PreviousParent: f7f96ed2f665f721f7f96ed2f665f721 -> 
  custom:DOTSType/Unity.Entities.EditorRenderData: 23031dfb0b685e0c23031dfb0b685e0c -> 
  custom:DOTSType/Tanks.TankGameInstaller: ab41efd1a1117644ab41efd1a1117644 -> 
  custom:DOTSType/Tanks.Tests.TestCarnageIndicator: c8904b0627773241c8904b0627773241 -> 
  custom:DOTSType/Unity.Entities.Editor.JournalEntry: fa64f1a8d5097849fa64f1a8d5097849 -> 
  custom:DOTSType/Unity.Scenes.GlobalEntitiesDependency: 272e3c9ba12b159e272e3c9ba12b159e -> 
  custom:audio-decoder-ogg-vorbis: bf7c407c2cedff20999df2af8eb42d56 -> 
  custom:ProjectSettings/EntitiesClientSettings.asset: 57fa4463d8597ee36c3803b5983b6213 -> 
  custom:DOTSType/Unity.Entities.RetainBlobAssets: e3007bd0d4f5ba8be3007bd0d4f5ba8b -> 
  custom:DOTSType/Tanks.TankAudioSystem: e0c4f60227f2a2a8e0c4f60227f2a2a8 -> 
  custom:DOTSType/Unity.Scenes.SceneSystemData: 358f9772a0e70c53358f9772a0e70c53 -> 
  custom:DOTSType/Zenject.SceneDecoratorContextEditor: ca86c2fb23338ef7ca86c2fb23338ef7 -> 
  custom:DOTSType/Unity.Physics.PhysicsWorldIndex: 44b485a5651ecbf844b485a5651ecbf8 -> 
  custom:DOTSType/Unity.Entities.EndInitializationEntityCommandBufferSystem+Singleton: 75800829e25c245f75800829e25c245f -> 
  custom:DOTSType/Unity.Entities.Build.EntitiesClientSettings: 379ca95f1f31bbbc379ca95f1f31bbbc -> 
  custom:DOTSType/Zenject.ProjectContext: 73c2192ee2a3347973c2192ee2a33479 -> 
  custom:DOTSType/Zenject.RunnableContextEditor: 761811f71f3da7bc761811f71f3da7bc -> 
  custom:DOTSType/UnityEngine.AudioSource: aed3a424fdd48d59aed3a424fdd48d59 -> 
  custom:DOTSType/Unity.Scenes.RequestEntityPrefabLoaded: fc4092a08e154a96fc4092a08e154a96 -> 
  custom:DOTSType/Unity.Entities.SystemInstance: bb0dfff8e9a48357bb0dfff8e9a48357 -> 
  custom:DOTSType/Unity.Entities.RemoveUnusedEntityInBake: 0973223cb916c16b0973223cb916c16b -> 
  custom:DOTSType/Unity.Entities.EndVariableRateSimulationEntityCommandBufferSystem+Singleton: 78d2450a82ebc20778d2450a82ebc207 -> 
  custom:DOTSType/Unity.Physics.DummyColliderFakesComponent`1[[Unity.Physics.CylinderCollider, Unity.Physics, Version=0.0.0.0, Culture=neutral, PublicKeyToken=null]]: 2d82e9daa82955bf2d82e9daa82955bf -> 
  custom:audio-encoder-webm-vorbis: bf7c407c2cedff20999df2af8eb42d56 -> 
  custom:DOTSType/Unity.Entities.BeginFixedStepSimulationEntityCommandBufferSystem+Singleton: 5857035820ee1e635857035820ee1e63 -> 
  custom:DOTSType/Unity.Physics.PhysicsJointCompanion: 655fde98af64ce94655fde98af64ce94 -> 
  custom:DOTSType/Unity.Scenes.WeakAssetPrefabLoadRequest: b6d72391c4d3d049b6d72391c4d3d049 -> 
  custom:DOTSType/Tanks.Legacy.LegacyTransmissionSettings: 84b2093787e9240c84b2093787e9240c -> 
  custom:DOTSType/Tanks.Legacy.Editor.LegacyTransmissionSettingsEditor: f063a9f322024a22f063a9f322024a22 -> 
  custom:DOTSType/Zenject.ScriptableObjectInstallerBase: 564d9b68561bb94d564d9b68561bb94d -> 
  custom:DOTSType/Unity.Physics.Editor.CustomPhysicsBodyTagNamesEditor: 5e056a649e13a00c5e056a649e13a00c -> 
  custom:DOTSType/Unity.Physics.PhysicsWorldSingleton: 90bad7c95a54d00590bad7c95a54d005 -> 
  custom:DOTSType/Unity.Entities.BurstCompatibleBufferElement: 9256282cac425e579256282cac425e57 -> 
  custom:DOTSType/Unity.Entities.CompanionLink: 4813070be25c6d6a4813070be25c6d6a -> 
  custom:DOTSType/Unity.Physics.DummyColliderFakesComponent`1[[Unity.Physics.PolygonCollider, Unity.Physics, Version=0.0.0.0, Culture=neutral, PublicKeyToken=null]]: 3f38e3dc511d48d23f38e3dc511d48d2 -> 
  custom:SceneMetaDataFileFormatVersion: 18e216f4893c3ae43d5b4b3a88de92ca -> 
  custom:DOTSType/Unity.Entities.Editor.SystemScheduleWindow: dfecb8af58c97f0adfecb8af58c97f0a -> 
  custom:DOTSType/Unity.Physics.PhysicsColliderKeyEntityPair: e3185876db01deade3185876db01dead -> 
  custom:DOTSType/Zenject.ContextEditor: 0791a612a42c17bc0791a612a42c17bc -> 
  custom:DOTSType/Zenject.AnimatorIkHandlerManager: 6bf1f62125213c446bf1f62125213c44 -> 
  custom:DOTSType/Unity.Transforms.LocalTransform: d07f194ee4791f00d07f194ee4791f00 -> 
  custom:DOTSType/Unity.Physics.PhysicsJoint: e49afdd9ec82159fe49afdd9ec82159f -> 
  custom:DOTSType/Unity.Scenes.PrefabAssetReference: 924b87ecab3719ce924b87ecab3719ce -> 
  custom:DOTSType/UnityEngine.Rigidbody: 90d4f52b90e97d3190d4f52b90e97d31 -> 
  custom:DOTSType/Unity.Transforms.PostTransformMatrix: d5b773053bc4fc92d5b773053bc4fc92 -> 
  custom:DOTSType/Unity.Entities.WorldTime: efd6631e6d47e1c0efd6631e6d47e1c0 -> 
  custom:DOTSType/Unity.Entities.Editor.ComponentsWindow: f3a47022486a5e37f3a47022486a5e37 -> 
  custom:DOTSType/Unity.Entities.Editor.JournalManager: bd6303929aef5048bd6303929aef5048 -> 
  custom:DOTSType/Zenject.SceneKernel: 14c92f57ead5fa5a14c92f57ead5fa5a -> 
  custom:DOTSType/Unity.Scenes.Editor.SubSceneImporter: fbc2a6bb48307f94fbc2a6bb48307f94 -> 
  custom:DOTSType/UnityEngine.Light: 47f771faf20222f647f771faf20222f6 -> 
  custom:DOTSType/Unity.Entities.EndFixedStepSimulationEntityCommandBufferSystem+Singleton: 903138f233c08b6f903138f233c08b6f -> 
  custom:DOTSType/Unity.Entities.Hybrid.Baking.LinkedEntityGroupAuthoring: 463b7158f57f2778463b7158f57f2778 -> 
  custom:DOTSType/Unity.Entities.BeginInitializationEntityCommandBufferSystem+Singleton: 1dafdf6276a3f02d1dafdf6276a3f02d -> 
  custom:DOTSType/Unity.Physics.SimulationSingleton: 2c12c15cc1aaefd42c12c15cc1aaefd4 -> 
  custom:DOTSType/Unity.Transforms.Child: 5a0b111d3c5ef1ef5a0b111d3c5ef1ef -> 
  custom:DOTSType/Unity.Entities.Editor.ComponentWrapperEditor: 8a0108ac83962ca58a0108ac83962ca5 -> 
  custom:video-codec-MediaFoundation-h265: 746d11721c4dcdbdad8f713fa42b33f4 -> 
  custom:DOTSType/Unity.Entities.SceneSectionData: eeed08dab67953cbeeed08dab67953cb -> 
  custom:DOTSType/Tanks.EffectPool: b07fd26d384c1aadb07fd26d384c1aad -> 
  custom:DOTSType/Zenject.Context: 7a9b164638a7c5fb7a9b164638a7c5fb -> 
  custom:DOTSType/Unity.Entities.Editor.EntitiesJournalingWindow: fb6228252c0089dcfb6228252c0089dc -> 
  custom:video-decoder-ogg-theora: a1e56fd34408186e4bbccfd4996cb3dc -> 
  custom:DOTSType/Unity.Scenes.ResolvedSceneHash: 10c2d6fb478167a310c2d6fb478167a3 -> 
  custom:DOTSType/Unity.Scenes.SceneSectionStreamingData: 01ac29b86b18dacf01ac29b86b18dacf -> 
  custom:DOTSType/Zenject.ZenjectStateMachineBehaviourAutoInjecter: bc2fa2415d8a8ef6bc2fa2415d8a8ef6 -> 
  custom:DOTSType/Unity.Entities.AdditionalEntityParent: a24d1678b03f0479a24d1678b03f0479 -> 
  custom:DOTSType/Unity.Entities.Simulate: e0c92315ec24632de0c92315ec24632d -> 
  custom:DOTSType/Unity.Physics.PhysicsVelocity: eae7719776411411eae7719776411411 -> 
  custom:DOTSType/Unity.Entities.Editor.SystemWrapperEditor: 8c892c6354f3a3138c892c6354f3a313 -> 
  custom:DOTSType/Unity.Entities.RetainBlobAssetBatchPtr: 14017b765908ee1d14017b765908ee1d -> 
  custom:DOTSType/Zenject.ZenjectBinding: 0569f6cfa9645a6e0569f6cfa9645a6e -> 
  custom:DOTSType/Tanks.Tests.TestCarnageIndicator+TestCarnageIndicatorEditor: a518ed1603ea4192a518ed1603ea4192 -> 
  custom:DOTSType/Unity.Physics.Authoring.CustomPhysicsProxyAuthoring: 90a4b67ea7c61e0c90a4b67ea7c61e0c -> 
  custom:DOTSType/Unity.Physics.Authoring.PhysicsMeshAuthoringData: 07c891dbd84b5d1c07c891dbd84b5d1c -> 
  custom:DOTSType/Unity.Scenes.LiveConversionPatcher+LiveConvertedSceneCleanup: 97dadd0f05dbc86997dadd0f05dbc869 -> 
  custom:DOTSType/UnityEngine.MeshCollider: 745c145fdcf1939e745c145fdcf1939e -> 
  custom:DOTSType/Unity.Physics.Authoring.ForceUniqueColliderAuthoring: 34be871ed7a74d6234be871ed7a74d62 -> 
  custom:DOTSType/Zenject.GameObjectContext: 694c79f9ded4c948694c79f9ded4c948 -> 
  custom:DOTSType/Unity.Physics.DummyColliderFakesComponent`1[[Unity.Physics.CapsuleCollider, Unity.Physics, Version=0.0.0.0, Culture=neutral, PublicKeyToken=null]]: 840aede77f375b4f840aede77f375b4f -> 
  custom:DOTSType/Unity.Physics.Authoring.StaticOptimizePhysicsBaking: f3a03d29cca9ceabf3a03d29cca9ceab -> 
  custom:DOTSType/Unity.Scenes.DisableLiveConversion: 543070e84ec00e2c543070e84ec00e2c -> 
  custom:DOTSType/Unity.Physics.Authoring.PhysicsCompoundData: 41f933035064165d41f933035064165d -> 
  custom:DOTSType/Tanks.AudioPool: 65d2a3a778887e6e65d2a3a778887e6e -> 
  custom:DOTSType/Unity.Physics.DummyColliderFakesComponent`1[[Unity.Physics.SphereCollider, Unity.Physics, Version=0.0.0.0, Culture=neutral, PublicKeyToken=null]]: 4818ec4955a46c414818ec4955a46c41 -> 
  custom:DOTSType/Unity.Transforms.Parent: 00b45826652a5ec600b45826652a5ec6 -> 
  custom:DOTSType/Unity.Physics.PhysicsCollider: 00548c0f8c0147a000548c0f8c0147a0 -> 
  custom:DOTSType/Unity.Physics.Authoring.PhysicsRootBaked: a150145af5348f6da150145af5348f6d -> 
  custom:DOTSType/Unity.Scenes.ResolveSceneReferenceSystem+AssetDependencyTrackerState: b2d132c8f66d836db2d132c8f66d836d -> 
  custom:DOTSType/Unity.Entities.CompanionLinkTransform: e392322015c13880e392322015c13880 -> 
  custom:DOTSType/Unity.Entities.Serialization.DotsSerialization+RevisionedRawDataNode: 7e711ae70d27259d7e711ae70d27259d -> 
  custom:CustomObjectIndexerAttribute: 9a22284fe3817be447336de3de66b15e -> 
  custom:DOTSType/Tanks.Projectile: 620e548336351b1d620e548336351b1d -> 
  custom:DOTSType/Unity.Physics.GraphicsIntegration.MostRecentFixedTime: 6c4396236e6646a76c4396236e6646a7 -> 
  custom:DOTSType/UnityEngine.ParticleSystem: 28fa60303afd747328fa60303afd7473 -> 
  custom:DOTSType/Unity.Physics.DummyColliderFakesComponent`1[[Unity.Physics.ConvexCollider, Unity.Physics, Version=0.0.0.0, Culture=neutral, PublicKeyToken=null]]: d00615a7bde8681ed00615a7bde8681e -> 
  custom:DOTSType/Unity.Physics.DummyColliderFakesComponent`1[[Unity.Physics.MeshCollider, Unity.Physics, Version=0.0.0.0, Culture=neutral, PublicKeyToken=null]]: 52b224b25d7c5a2552b224b25d7c5a25 -> 
  custom:container-demuxer-webm: 4f35f7cbe854078d1ac9338744f61a02 -> 
  custom:DOTSType/Unity.Entities.PrefabRoot: ea04b60a31090316ea04b60a31090316 -> 
  custom:DOTSType/Unity.Entities.RequestSceneLoaded: 62c081c918aff6ee62c081c918aff6ee -> 
  custom:DOTSType/Unity.Entities.BeginPresentationEntityCommandBufferSystem+Singleton: cbef056a920a5eadcbef056a920a5ead -> 
  custom:DOTSType/Unity.Entities.ChunkHeader: 490bb3205bb29fe6490bb3205bb29fe6 -> 
  custom:DOTSType/Unity.Scenes.IsSectionLoaded: 2e3c12f14f7600232e3c12f14f760023 -> 
  custom:DOTSType/Unity.Entities.Editor.SystemInfo: e869e7d857e70a99e869e7d857e70a99 -> 
  custom:DOTSType/Zenject.MonoInstaller: d4f508a97531178fd4f508a97531178f -> 
  custom:DOTSType/Unity.Entities.WorldTimeQueue: 48ce29752c66702348ce29752c667023 -> 
  custom:DOTSType/Unity.Entities.StaticOptimizeEntity: 346cca765bf51c72346cca765bf51c72 -> 
  custom:DOTSType/Unity.Entities.SectionMetadataSetup: 75ea136fdb0e54ba75ea136fdb0e54ba -> 
  custom:DOTSType/Tanks.ProjectilePool: ae6caa17fe3924ceae6caa17fe3924ce -> 
  custom:DOTSType/Unity.Scenes.SceneSectionReferencedUnityObjects: 2797689ad57679a22797689ad57679a2 -> 
  custom:DOTSType/Unity.Physics.Editor.PhysicsStepAuthoringEditor: b0470546a7982481b0470546a7982481 -> 
  custom:DOTSType/Unity.Physics.GraphicsIntegration.PhysicsRenderEntity: 17b73fa380da9cf517b73fa380da9cf5 -> 
  custom:DOTSType/Unity.Entities.Hybrid.Baking.LinkedEntityGroupBakingData: cd33507256493e18cd33507256493e18 -> 
  custom:DOTSType/UnityEngine.LODGroup: 15ad22bb5260348e15ad22bb5260348e -> 
  custom:DOTSType/Tanks.BaseInputController: 7c3584087687be277c3584087687be27 -> 
  custom:DOTSType/Unity.Entities.Editor.HierarchySelectionContext: eb8c02bbb8571091eb8c02bbb8571091 -> 
  custom:DOTSType/Unity.Physics.DummyColliderFakesComponent`1[[Unity.Physics.CompoundCollider, Unity.Physics, Version=0.0.0.0, Culture=neutral, PublicKeyToken=null]]: f0b0c805df9aab48f0b0c805df9aab48 -> 
  custom:DOTSType/Unity.Physics.Authoring.PhysicsColliderAuthoringData: 237ab57c84eb023d237ab57c84eb023d -> 
  custom:DOTSType/Unity.Entities.Entity: 295b0c964d12026f295b0c964d12026f -> 
  custom:DOTSType/Unity.Physics.DummyColliderFakesComponent`1[[Unity.Physics.TerrainCollider, Unity.Physics, Version=0.0.0.0, Culture=neutral, PublicKeyToken=null]]: 76d2966f42dff4df76d2966f42dff4df -> 
  custom:DOTSType/Unity.Scenes.PublicEntityRef: b380cfe1712d4500b380cfe1712d4500 -> 
  custom:DOTSType/Unity.Entities.Asset: 5205195e4c6bea1c5205195e4c6bea1c -> 
  custom:DOTSType/Unity.Physics.GraphicsIntegration.PhysicsGraphicalSmoothing: 1a649a11034ac6061a649a11034ac606 -> 
  custom:DOTSType/Unity.Physics.Systems.PhysicsAnalyticsSingleton: 261d1a0e3f762c88261d1a0e3f762c88 -> 
  custom:DOTSType/Unity.Physics.PhysicsTemporalCoherenceInfo: dd862a3ef5746267dd862a3ef5746267 -> 
  custom:DOTSType/Tanks.EffectPoolContainer: bf19857e7a596a2bbf19857e7a596a2b -> 
  custom:DOTSType/Unity.Physics.PhysicsStep: 4ca665c06bcf89ca4ca665c06bcf89ca -> 
  custom:DOTSType/UnityEngine.TextMesh: 6784c791d05273aa6784c791d05273aa -> 
  custom:DOTSType/Unity.Entities.CompanionGameObjectActiveCleanup: 4ff09409f1cce51f4ff09409f1cce51f -> 
  custom:DOTSType/Tanks.ReloadIndicator: 83d1d641d15e1d5483d1d641d15e1d54 -> 
  custom:DOTSType/Zenject.RunnableContext: f37beb99d06e39fbf37beb99d06e39fb -> 
  custom:DOTSType/Unity.Physics.Authoring.PhysicsDebugDisplayData: 0cdccf70b9e5e20d0cdccf70b9e5e20d -> 
  custom:DOTSType/Unity.Scenes.AssetObjectManifest: 84d682f40d46c88184d682f40d46c881 -> 
  custom:DOTSType/Unity.Entities.PostLoadCommandBuffer: d658541e4a41540dd658541e4a41540d -> 
  custom:DOTSType/Unity.Entities.Editor.ArchetypeInfo: b8b1bbcc600f6437b8b1bbcc600f6437 -> 
  custom:DOTSType/Tanks.Interface.Speedometer: 158cdf1f7f3d0d9c158cdf1f7f3d0d9c -> 
  custom:DOTSType/Tanks.BattleRam: 87a27f4ae62d951387a27f4ae62d9513 -> 
  custom:DOTSType/UnityEngine.BoxCollider: 8e5b85c4fec088d48e5b85c4fec088d4 -> 
  custom:DOTSType/Unity.Entities.Serialization.ExternalEntityReference: 415f45c8b00c90a4415f45c8b00c90a4 -> 
  custom:DOTSType/Unity.Entities.SceneSectionComponent: 22f65411cbba718222f65411cbba7182 -> 
  custom:DOTSType/Unity.Scenes.PrefabLoadResult: 71615367c37f030371615367c37f0303 -> 
  custom:DOTSType/Unity.Scenes.SceneSectionStreamingSystem+StreamingState: 7014161ec3350ad07014161ec3350ad0 -> 
  custom:DOTSType/Unity.Entities.Editor.UnsupportedEntityEditor: f4c4238e5d78020af4c4238e5d78020a -> 
  custom:DOTSType/Unity.Scenes.ResolvedSectionEntity: e83509e6ef73df7ae83509e6ef73df7a -> 
  custom:DOTSType/Unity.Scenes.DisableSceneResolveAndLoad: 41c98fa73f31b21a41c98fa73f31b21a -> 
  custom:DOTSType/Unity.Entities.LinkedEntityGroup: c1b61ecd5260e852c1b61ecd5260e852 -> 
  custom:DOTSType/Unity.Physics.Authoring.RigidbodyBakingData: 66caf1f3818b52fc66caf1f3818b52fc -> 
  custom:DOTSType/Zenject.ScriptableObjectInstaller: 47201fb43b11147d47201fb43b11147d -> 
  custom:DOTSType/Unity.Physics.Authoring.DetailedStaticMeshCollisionAuthoring: 35a7576e30820a5e35a7576e30820a5e -> 
  custom:DOTSType/Unity.Entities.Editor.UnsupportedGameObjectEditor: 5cff923fd1c387e15cff923fd1c387e1 -> 
  custom:DOTSType/Tanks.CinemachineInputCustomProvider: 53bf68681542a65453bf68681542a654 -> 
  custom:DOTSType/Zenject.SceneContext: 30c70a59093b925c30c70a59093b925c -> 
  custom:DOTSType/UnityEngine.MeshRenderer: 77aa4cb33b84a90377aa4cb33b84a903 -> 
  custom:DOTSType/Unity.Physics.Authoring.BakeStaticRoot: ac81d98288eb78feac81d98288eb78fe -> 
  custom:DOTSType/Unity.Entities.Serialization.DotsSerialization+StringTableNode: db9aacf636d95b56db9aacf636d95b56 -> 
  custom:DOTSType/Zenject.SceneContextEditor: f5ac3d9288ab62bbf5ac3d9288ab62bb -> 
  custom:DOTSType/Unity.Entities.Disabled: ea10d702b0a42592ea10d702b0a42592 -> 
  custom:DOTSType/Unity.Entities.Editor.EntityEditor: 4502e3ccdb7ac0e04502e3ccdb7ac0e0 -> 
  custom:DOTSType/Unity.Physics.Systems.BroadphaseData: cf796e61bbb1c05fcf796e61bbb1c05f -> 
  custom:DOTSType/Unity.Entities.Editor.ArchetypesWindow: bde482c89698b5c7bde482c89698b5c7 -> 
  custom:DOTSType/Unity.Physics.PhysicsMass: dd66b9b7945f3ac7dd66b9b7945f3ac7 -> 
  custom:DOTSType/Unity.Physics.Systems.BuildPhysicsWorldData: 403d401e5c7292c3403d401e5c7292c3 -> 
  custom:DOTSType/Unity.Scenes.SceneBoundingVolume: 3407604aa951263f3407604aa951263f -> 
  custom:video-encoder-webm-vp8: eb34c28f22e8b96e1ab97ce403110664 -> 
  custom:DOTSType/Unity.Physics.Authoring.PhysicsColliderBakedData: 4b51dd6d702fa42d4b51dd6d702fa42d -> 
  custom:DOTSType/UnityEngine.SphereCollider: 82c25a73f4a3118382c25a73f4a31183 -> 
  custom:DOTSType/Unity.Scenes.SubScene: ac4196b7e94e44ecac4196b7e94e44ec -> 
  custom:DOTSType/Unity.Physics.DummyColliderFakesComponent`1[[Unity.Physics.Collider, Unity.Physics, Version=0.0.0.0, Culture=neutral, PublicKeyToken=null]]: 9b1dfcaf09a3b4529b1dfcaf09a3b452 -> 
  custom:DOTSType/Unity.Entities.Editor.HierarchyEntityChangeTracker+UnusedTag: e99f3a5fcb8d8012e99f3a5fcb8d8012 -> 
  custom:DOTSType/Unity.Physics.PhysicsMassOverride: 6fcef11ae9d1bc306fcef11ae9d1bc30 -> 
  custom:DOTSType/Unity.Entities.BlobAssetOwner: c83c63163f833390c83c63163f833390 -> 
  custom:DOTSType/Zenject.CheatSheet+Foo: 818256864703f221818256864703f221 -> 
  custom:DOTSType/Unity.Physics.Authoring.CustomPhysicsBodyTagNames: cf633e3d702fe67dcf633e3d702fe67d -> 
  custom:DOTSType/UnityEngine.CapsuleCollider: be84ea475def5c96be84ea475def5c96 -> 
  custom:DOTSType/Unity.Physics.PhysicsTemporalCoherenceTag: 078e815b3514dfd3078e815b3514dfd3 -> 
  custom:DOTSType/Unity.Entities.Editor.JournalManagerWrapperEditor: cb69e60b3422ccebcb69e60b3422cceb -> 
  custom:DOTSType/Unity.Entities.SceneReference: 93a995b4b28fc25393a995b4b28fc253 -> 
  custom:DOTSType/Unity.Entities.Editor.UnsupportedPrefabEntityEditor: 42b92ebb8c8886cf42b92ebb8c8886cf -> 
  custom:DOTSType/Unity.Entities.Serialization.DotsSerialization+NodeHeader: 2a912a6fdedc77ae2a912a6fdedc77ae -> 
  custom:DOTSType/Zenject.ZenAutoInjecter: 778eb5667a6355bc778eb5667a6355bc -> 
  custom:DOTSType/Unity.Entities.SceneSection: bdba69731fc8f3e7bdba69731fc8f3e7 -> 
  custom:DOTSType/Tanks.Patrol: af24d179ee3e03f0af24d179ee3e03f0 -> 
  custom:DOTSType/Unity.Physics.DummyColliderFakesComponent`1[[Unity.Physics.BoxCollider, Unity.Physics, Version=0.0.0.0, Culture=neutral, PublicKeyToken=null]]: f425b7fd66e06988f425b7fd66e06988 -> 
  custom:DOTSType/Unity.Entities.TransformAuthoring: d03322d6827741e8d03322d6827741e8 -> 
  custom:DOTSType/Zenject.ProjectKernel: efdc3d3e4e17fb07efdc3d3e4e17fb07 -> 
  custom:DOTSType/Tanks.TransmissionSettings: b0a3fa15cf2503fcb0a3fa15cf2503fc -> 
  custom:DOTSType/UnityEngine.ParticleSystemRenderer: 818ef389bd33d482818ef389bd33d482 -> 
  custom:DOTSType/Unity.Entities.BeginSimulationEntityCommandBufferSystem+Singleton: 5406e750b86f24a55406e750b86f24a5 -> 
  custom:DOTSType/Unity.Scenes.Editor.GlobalEntitiesDependencyInspector: 3df09afcbb66d7bb3df09afcbb66d7bb -> 
========================================================================
Received Prepare
Assembly reference Packages/com.unity.entities/Unity.Scenes.Editor/Internals/Properties/Unity.Properties.Internals.asmref has no target assembly definition
Assembly reference Packages/com.unity.entities/Unity.Scenes.Editor/Internals/Properties/Unity.Properties.Internals.asmref has no target assembly definition
Begin MonoManager ReloadAssembly
- Loaded All Assemblies, in  0.980 seconds
Refreshing native plugins compatible for Editor in 10.24 ms, found 5 plugins.
Native extension for WindowsStandalone target not found
Assembly reference Packages/com.unity.entities/Unity.Scenes.Editor/Internals/Properties/Unity.Properties.Internals.asmref has no target assembly definition
TypeManager.Initialize took: 299ms
Mono: successfully reloaded assembly
- Finished resetting the current domain, in  2.730 seconds
Domain Reload Profiling: 3706ms
	BeginReloadAssembly (318ms)
		ExecutionOrderSort (0ms)
		DisableScriptedObjects (12ms)
		BackupInstance (0ms)
		ReleaseScriptingObjects (0ms)
		CreateAndSetChildDomain (114ms)
	RebuildCommonClasses (48ms)
	RebuildNativeTypeToScriptingClass (15ms)
	initialDomainReloadingComplete (60ms)
	LoadAllAssembliesAndSetupDomain (535ms)
		LoadAssemblies (643ms)
		RebuildTransferFunctionScriptingTraits (0ms)
		AnalyzeDomain (30ms)
			TypeCache.Refresh (9ms)
				TypeCache.ScanAssembly (0ms)
			ScanForSourceGeneratedMonoScriptInfo (0ms)
			ResolveRequiredComponents (18ms)
	FinalizeReload (2730ms)
		ReleaseScriptCaches (0ms)
		RebuildScriptCaches (0ms)
		SetupLoadedEditorAssemblies (1829ms)
			LogAssemblyErrors (0ms)
			InitializePlatformSupportModulesInManaged (9ms)
			SetLoadedEditorAssemblies (13ms)
			RefreshPlugins (0ms)
			BeforeProcessingInitializeOnLoad (291ms)
			ProcessInitializeOnLoadAttributes (1165ms)
			ProcessInitializeOnLoadMethodAttributes (340ms)
			AfterProcessingInitializeOnLoad (10ms)
			EditorAssembliesLoaded (1ms)
		ExecutionOrderSort2 (0ms)
		AwakeInstancesAfterBackupRestoration (8ms)
Refreshing native plugins compatible for Editor in 11.92 ms, found 5 plugins.
Preloading 0 native plugins for Editor in 0.00 ms.
Unloading 6859 Unused Serialized files (Serialized files now loaded: 0)
Unloading 95 unused Assets / (123.6 KB). Loaded Objects now: 7336.
Memory consumption went from 221.0 MB to 220.8 MB.
Total: 9.799700 ms (FindLiveObjects: 0.843300 ms CreateObjectMapping: 1.013700 ms MarkObjects: 7.712200 ms  DeleteObjects: 0.228500 ms)

Unloading 0 Unused Serialized files (Serialized files now loaded: 0)
Unloading 0 unused Assets / (162.2 KB). Loaded Objects now: 7336.
Memory consumption went from 220.8 MB to 220.6 MB.
Total: 9.795500 ms (FindLiveObjects: 0.839200 ms CreateObjectMapping: 0.989300 ms MarkObjects: 7.852600 ms  DeleteObjects: 0.113400 ms)

Prepare: number of updated asset objects reloaded= 0
AssetImportParameters requested are different than current active one (requested -> active):
  custom:DOTSType/Zenject.MonoInstallerBase: 95f86c107dc723fe95f86c107dc723fe -> 
  custom:DOTSType/Unity.Entities.EntityGuid: 8e99211435a26d668e99211435a26d66 -> 
  custom:DOTSType/Tanks.TurretController: e7fde51fa66b4c5ee7fde51fa66b4c5e -> 
  custom:DOTSType/Unity.Entities.DefaultWorldInitializationProxy: 3bc53c9cad9070363bc53c9cad907036 -> 
  custom:container-demuxer-ogg: 62fdf1f143b41e24485cea50d1cbac27 -> 
  custom:DOTSType/Zenject.Internal.DefaultSceneContractConfig: a78f29ab0132239ca78f29ab0132239c -> 
  custom:DOTSType/Unity.Physics.EnsureUniqueColliderBlobTag: 3e3264c9c7497b3b3e3264c9c7497b3b -> 
  custom:DOTSType/Unity.Scenes.SceneEntityReference: 646ffd19b744bbdb646ffd19b744bbdb -> 
  custom:DOTSType/Unity.Entities.Hybrid.Baking.BakingOnlyEntityAuthoringBaker+BakingOnlyChildren: 9c3cc3aa8ff875949c3cc3aa8ff87594 -> 
  custom:DOTSType/Unity.Entities.EntityManager+IsolateCopiedEntities: 703c8c39c22b63af703c8c39c22b63af -> 
  custom:DOTSType/Unity.Entities.BeginVariableRateSimulationEntityCommandBufferSystem+Singleton: 40006e500ad5800440006e500ad58004 -> 
  custom:DOTSType/UnityEngine.LightProbeProxyVolume: cd06291433fcac4ccd06291433fcac4c -> 
  custom:EntityBinaryFileFormatVersion: b618570c169a919bbb95b4bd7e4084ba -> 
  custom:DOTSType/Unity.Physics.Authoring.DisplayGizmoColliderEdges+DrawWithGizmos: a6749ec75af14c28a6749ec75af14c28 -> 
  custom:DOTSType/Tanks.SkyRotation: 6a30c8e81d68dcd96a30c8e81d68dcd9 -> 
  custom:DOTSType/Unity.Entities.Editor.ComponentInfo: b6911f4bc3b03db5b6911f4bc3b03db5 -> 
  custom:DOTSType/Unity.Entities.BurstCompatibleComponentData: 1d232e8370167ced1d232e8370167ced -> 
  custom:DOTSType/Unity.Entities.RetainBlobAssetPtr: f51a437fde39ac82f51a437fde39ac82 -> 
  custom:DOTSType/Unity.Physics.Authoring.PhysicsStepAuthoring: 29ca86243fe93d3b29ca86243fe93d3b -> 
  custom:DOTSType/Unity.Entities.BakedEntity: 6cda7616df5335d16cda7616df5335d1 -> 
  custom:DOTSType/Unity.Transforms.Static: a08c19e85cdd5a49a08c19e85cdd5a49 -> 
  custom:DOTSType/Unity.Entities.Editor.InvalidEntityEditor: c09028623072dbb6c09028623072dbb6 -> 
  custom:DOTSType/UnityEngine.Collider: e796157eabb2316ee796157eabb2316e -> 
  custom:framework-win-MediaFoundation: 216162199b28c13a410421893ffa2e32 -> 
  custom:DOTSType/UnityEngine.Transform: 3954159e9eb625f23954159e9eb625f2 -> 
  custom:DOTSType/Unity.Physics.Authoring.PhysicsWorldIndexAuthoring: c35779b88bcbf0f5c35779b88bcbf0f5 -> 
  custom:DOTSType/Unity.Scenes.Editor.GameObjectSceneMetaDataImporter: 35c29e171f7f1b1235c29e171f7f1b12 -> 
  custom:DOTSType/Tanks.Wheel: 8000d516241cf2618000d516241cf261 -> 
  custom:DOTSType/Unity.Entities.Editor.EntitySelectionProxy: 640f096afb1dc192640f096afb1dc192 -> 
  custom:DOTSType/Tanks.Tests.TestInputController: da9d7109e7aa2efada9d7109e7aa2efa -> 
  custom:DOTSType/Unity.Entities.OmitLinkedEntityGroupFromPrefabInstance: d5447758848371b8d5447758848371b8 -> 
  custom:DOTSType/Unity.Entities.Editor.HierarchyWindow: 68a3d7f4e81dfa3968a3d7f4e81dfa39 -> 
  custom:DOTSType/Unity.Entities.CleanupEntity: 91c2e7742ff7a40291c2e7742ff7a402 -> 
  custom:DOTSType/Zenject.MonoKernel: ad622fbf2f55726ead622fbf2f55726e -> 
  custom:DOTSType/Zenject.DefaultGameObjectKernel: 4e750c357d05f8164e750c357d05f816 -> 
  custom:DOTSType/Zenject.GameObjectContextEditor: e47fe5c2e2a879a3e47fe5c2e2a879a3 -> 
  custom:DOTSType/Unity.Scenes.RequestSceneHeader: 539e2df9dd1c5383539e2df9dd1c5383 -> 
  custom:DOTSType/Unity.Entities.BakingOnlyEntity: 6d61bb30b0fe96a06d61bb30b0fe96a0 -> 
  custom:DOTSType/UnityEngine.ReflectionProbe: 74c5d94e403ee5bf74c5d94e403ee5bf -> 
  custom:DOTSType/Unity.Physics.Authoring.PhysicsWorldIndexBakingData: eb7993b47224fdb3eb7993b47224fdb3 -> 
  custom:DOTSType/Tanks.TankController: 5fe8cedbca51d9d55fe8cedbca51d9d5 -> 
  custom:DOTSType/Unity.Scenes.Editor.ClearEntitiesCacheWindow: ff5e4942d7943fe4ff5e4942d7943fe4 -> 
  custom:DOTSType/Unity.Entities.Serialization.DotsSerialization+TypeNamesNode: 481f56363f3115ba481f56363f3115ba -> 
  custom:DOTSType/Unity.Entities.Hybrid.Baking.BakingOnlyEntityAuthoring: b00feda2188a9371b00feda2188a9371 -> 
  custom:DOTSType/Unity.Scenes.ResolvedSectionPath: bf9e38f006f83cb7bf9e38f006f83cb7 -> 
  custom:DOTSType/Unity.Deformations.BlendShapeWeight: d26eabb95dfc9b4dd26eabb95dfc9b4d -> 
  custom:DOTSType/Unity.Scenes.ReferencedUnityObjects: b8073d4731436522b8073d4731436522 -> 
  custom:DOTSType/Unity.Physics.Authoring.PhysicsDebugDisplayAuthoring: 048169f5bbaf7cd0048169f5bbaf7cd0 -> 
  custom:DOTSType/Unity.Scenes.Editor.SubSceneInspector: 6e96e553cf64778e6e96e553cf64778e -> 
  custom:DOTSType/Unity.Physics.GraphicsIntegration.SmoothRigidBodiesGraphicalMotion+RigidBodySmoothingWorldIndex: 988440dd19a406ed988440dd19a406ed -> 
  custom:DOTSType/Unity.Physics.PhysicsConstrainedBodyPair: 37ca29e9e58c191137ca29e9e58c1911 -> 
  custom:DOTSType/Unity.Physics.ColliderBlobCleanupData: 18f3eb94199c5e3618f3eb94199c5e36 -> 
  custom:DOTSType/Unity.Physics.PhysicsDamping: 579a7188c5fb1464579a7188c5fb1464 -> 
  custom:container-muxer-webm: aa71ff27fc2769a1b78a27578f13a17b -> 
  custom:DOTSType/Unity.Entities.CompanionGameObjectUpdateTransformCleanup: 0a4e12c25aaf05e00a4e12c25aaf05e0 -> 
  custom:DOTSType/Tanks.Editor.TransmissionSettingsEditor: 5c05f270edf687155c05f270edf68715 -> 
  custom:DOTSType/Unity.Entities.EndSimulationEntityCommandBufferSystem+Singleton: 6cc3a7136f47def06cc3a7136f47def0 -> 
  custom:DOTSType/Unity.Physics.Authoring.PhysicsDebugDisplaySystem+DrawComponent: fbecd1af1d76e089fbecd1af1d76e089 -> 
  custom:video-decoder-webm-vp8: 9c59270c3fd7afecdb556c50c9e8de78 -> 
  custom:DOTSType/Zenject.GuiRenderer: 77a380f71106289e77a380f71106289e -> 
  custom:DOTSType/Zenject.AnimatorMoveHandlerManager: 48d7fbeaa25297da48d7fbeaa25297da -> 
  custom:DOTSType/UnityEngine.GameObject: aef60e3f2ae5ad9aaef60e3f2ae5ad9a -> 
  custom:SearchIndexIgnoredProperties: e643bd26f0fe6173181afceb89e7c659 -> 
  custom:DOTSAllSystemsVersion: ffb3322ebf2cc81fbcc35437f1236753 -> 
  custom:DOTSType/Unity.Physics.GraphicsIntegration.PhysicsGraphicalInterpolationBuffer: 7baea6e725f3208c7baea6e725f3208c -> 
  custom:AudioImporter_EditorPlatform: d09bf68614088b80899f8185d706f6e7 -> 
  custom:DOTSType/Tanks.Interface.CarnageSettings: 06a0f3af603600f206a0f3af603600f2 -> 
  custom:DOTSType/Zenject.ProjectContextEditor: f68c5f17562ef273f68c5f17562ef273 -> 
  custom:DOTSType/Unity.Entities.Serialization.DotsSerialization+FolderNode: 98c33d003d1b152b98c33d003d1b152b -> 
  custom:DOTSType/Unity.Entities.CompanionReference: 4de8f4179bbe96e74de8f4179bbe96e7 -> 
  custom:DOTSType/UnityEngine.VFX.VisualEffect: dc0e74262f371f63dc0e74262f371f63 -> 
  custom:DOTSType/Unity.Entities.Hybrid.Baking.AdditionalEntitiesBakingData: d81e35bf039925b8d81e35bf039925b8 -> 
  custom:DOTSType/UnityEngine.SpriteRenderer: 61a676ec163f72b161a676ec163f72b1 -> 
  custom:DOTSType/Unity.Entities.Editor.JournalingWrapperEditor: 7820ec03259d9ee57820ec03259d9ee5 -> 
  custom:DOTSType/Tanks.Tank.ProjectileTracker: 101b4b340f8400be101b4b340f8400be -> 
  custom:DOTSType/Unity.Deformations.SkinMatrix: 4b50a0962ac5e60d4b50a0962ac5e60d -> 
  custom:DOTSType/Unity.Scenes.WeakAssetReferenceLoadingData: 451a8b20bc4a35f6451a8b20bc4a35f6 -> 
  custom:DOTSType/Unity.Entities.BurstCompatibleSharedComponentData: 6239fcd2cd3b1c316239fcd2cd3b1c31 -> 
  custom:DOTSType/Unity.Physics.PhysicsCustomTags: 7d9dddf48b181c997d9dddf48b181c99 -> 
  custom:DOTSType/Zenject.SceneDecoratorContext: 47847979bf9052df47847979bf9052df -> 
  custom:DOTSType/Unity.Entities.Editor.ArchetypeWrapperEditor: fcd41c2e8cb6c202fcd41c2e8cb6c202 -> 
  custom:DOTSType/Unity.Physics.PhysicsGravityFactor: 8ab51309e4cdebcc8ab51309e4cdebcc -> 
  custom:DOTSType/Tanks.PlayerInputController: eeac7a82da062014eeac7a82da062014 -> 
  custom:DOTSType/Unity.Entities.SceneTag: 7a384971715860367a38497171586036 -> 
  custom:DOTSType/Unity.Physics.Systems.DummySimulationData: e73bf206ed8976b1e73bf206ed8976b1 -> 
  custom:DOTSType/Unity.Physics.CustomPhysicsProxyDriver: d8e4875a8f47327fd8e4875a8f47327f -> 
  custom:DOTSType/Unity.Entities.Editor.InvalidSelectionEditor: bb0f099005812d55bb0f099005812d55 -> 
  custom:DOTSType/Tanks.Interface.CarnageIndicator: 7a2a70789a91028f7a2a70789a91028f -> 
  custom:DOTSType/Unity.Physics.StepInputSingleton: f5a13022ab227cfff5a13022ab227cff -> 
  custom:DOTSType/Unity.Transforms.LocalToWorld: f07e17bb4e08548ef07e17bb4e08548e -> 
  custom:DOTSType/Unity.Entities.Prefab: 8cefcfc0e3366a618cefcfc0e3366a61 -> 
  custom:DOTSType/Unity.Transforms.PreviousParent: f7f96ed2f665f721f7f96ed2f665f721 -> 
  custom:DOTSType/Unity.Entities.EditorRenderData: 23031dfb0b685e0c23031dfb0b685e0c -> 
  custom:DOTSType/Tanks.TankGameInstaller: ab41efd1a1117644ab41efd1a1117644 -> 
  custom:DOTSType/Tanks.Tests.TestCarnageIndicator: c8904b0627773241c8904b0627773241 -> 
  custom:DOTSType/Unity.Entities.Editor.JournalEntry: fa64f1a8d5097849fa64f1a8d5097849 -> 
  custom:DOTSType/Unity.Scenes.GlobalEntitiesDependency: 272e3c9ba12b159e272e3c9ba12b159e -> 
  custom:audio-decoder-ogg-vorbis: bf7c407c2cedff20999df2af8eb42d56 -> 
  custom:ProjectSettings/EntitiesClientSettings.asset: 57fa4463d8597ee36c3803b5983b6213 -> 
  custom:DOTSType/Unity.Entities.RetainBlobAssets: e3007bd0d4f5ba8be3007bd0d4f5ba8b -> 
  custom:DOTSType/Tanks.TankAudioSystem: e0c4f60227f2a2a8e0c4f60227f2a2a8 -> 
  custom:DOTSType/Unity.Scenes.SceneSystemData: 358f9772a0e70c53358f9772a0e70c53 -> 
  custom:DOTSType/Zenject.SceneDecoratorContextEditor: ca86c2fb23338ef7ca86c2fb23338ef7 -> 
  custom:DOTSType/Unity.Physics.PhysicsWorldIndex: 44b485a5651ecbf844b485a5651ecbf8 -> 
  custom:DOTSType/Unity.Entities.EndInitializationEntityCommandBufferSystem+Singleton: 75800829e25c245f75800829e25c245f -> 
  custom:DOTSType/Unity.Entities.Build.EntitiesClientSettings: 379ca95f1f31bbbc379ca95f1f31bbbc -> 
  custom:DOTSType/Zenject.ProjectContext: 73c2192ee2a3347973c2192ee2a33479 -> 
  custom:DOTSType/Zenject.RunnableContextEditor: 761811f71f3da7bc761811f71f3da7bc -> 
  custom:DOTSType/UnityEngine.AudioSource: aed3a424fdd48d59aed3a424fdd48d59 -> 
  custom:DOTSType/Unity.Scenes.RequestEntityPrefabLoaded: fc4092a08e154a96fc4092a08e154a96 -> 
  custom:DOTSType/Unity.Entities.SystemInstance: bb0dfff8e9a48357bb0dfff8e9a48357 -> 
  custom:DOTSType/Unity.Entities.RemoveUnusedEntityInBake: 0973223cb916c16b0973223cb916c16b -> 
  custom:DOTSType/Unity.Entities.EndVariableRateSimulationEntityCommandBufferSystem+Singleton: 78d2450a82ebc20778d2450a82ebc207 -> 
  custom:DOTSType/Unity.Physics.DummyColliderFakesComponent`1[[Unity.Physics.CylinderCollider, Unity.Physics, Version=0.0.0.0, Culture=neutral, PublicKeyToken=null]]: 2d82e9daa82955bf2d82e9daa82955bf -> 
  custom:audio-encoder-webm-vorbis: bf7c407c2cedff20999df2af8eb42d56 -> 
  custom:DOTSType/Unity.Entities.BeginFixedStepSimulationEntityCommandBufferSystem+Singleton: 5857035820ee1e635857035820ee1e63 -> 
  custom:DOTSType/Unity.Physics.PhysicsJointCompanion: 655fde98af64ce94655fde98af64ce94 -> 
  custom:DOTSType/Unity.Scenes.WeakAssetPrefabLoadRequest: b6d72391c4d3d049b6d72391c4d3d049 -> 
  custom:DOTSType/Tanks.Legacy.LegacyTransmissionSettings: 84b2093787e9240c84b2093787e9240c -> 
  custom:DOTSType/Tanks.Legacy.Editor.LegacyTransmissionSettingsEditor: f063a9f322024a22f063a9f322024a22 -> 
  custom:DOTSType/Zenject.ScriptableObjectInstallerBase: 564d9b68561bb94d564d9b68561bb94d -> 
  custom:DOTSType/Unity.Physics.Editor.CustomPhysicsBodyTagNamesEditor: 5e056a649e13a00c5e056a649e13a00c -> 
  custom:DOTSType/Unity.Physics.PhysicsWorldSingleton: 90bad7c95a54d00590bad7c95a54d005 -> 
  custom:DOTSType/Unity.Entities.BurstCompatibleBufferElement: 9256282cac425e579256282cac425e57 -> 
  custom:DOTSType/Unity.Entities.CompanionLink: 4813070be25c6d6a4813070be25c6d6a -> 
  custom:DOTSType/Unity.Physics.DummyColliderFakesComponent`1[[Unity.Physics.PolygonCollider, Unity.Physics, Version=0.0.0.0, Culture=neutral, PublicKeyToken=null]]: 3f38e3dc511d48d23f38e3dc511d48d2 -> 
  custom:SceneMetaDataFileFormatVersion: 18e216f4893c3ae43d5b4b3a88de92ca -> 
  custom:DOTSType/Unity.Entities.Editor.SystemScheduleWindow: dfecb8af58c97f0adfecb8af58c97f0a -> 
  custom:DOTSType/Unity.Physics.PhysicsColliderKeyEntityPair: e3185876db01deade3185876db01dead -> 
  custom:DOTSType/Zenject.ContextEditor: 0791a612a42c17bc0791a612a42c17bc -> 
  custom:DOTSType/Zenject.AnimatorIkHandlerManager: 6bf1f62125213c446bf1f62125213c44 -> 
  custom:DOTSType/Unity.Transforms.LocalTransform: d07f194ee4791f00d07f194ee4791f00 -> 
  custom:DOTSType/Unity.Physics.PhysicsJoint: e49afdd9ec82159fe49afdd9ec82159f -> 
  custom:DOTSType/Unity.Scenes.PrefabAssetReference: 924b87ecab3719ce924b87ecab3719ce -> 
  custom:DOTSType/UnityEngine.Rigidbody: 90d4f52b90e97d3190d4f52b90e97d31 -> 
  custom:DOTSType/Unity.Transforms.PostTransformMatrix: d5b773053bc4fc92d5b773053bc4fc92 -> 
  custom:DOTSType/Unity.Entities.WorldTime: efd6631e6d47e1c0efd6631e6d47e1c0 -> 
  custom:DOTSType/Unity.Entities.Editor.ComponentsWindow: f3a47022486a5e37f3a47022486a5e37 -> 
  custom:DOTSType/Unity.Entities.Editor.JournalManager: bd6303929aef5048bd6303929aef5048 -> 
  custom:DOTSType/Zenject.SceneKernel: 14c92f57ead5fa5a14c92f57ead5fa5a -> 
  custom:DOTSType/Unity.Scenes.Editor.SubSceneImporter: fbc2a6bb48307f94fbc2a6bb48307f94 -> 
  custom:DOTSType/UnityEngine.Light: 47f771faf20222f647f771faf20222f6 -> 
  custom:DOTSType/Unity.Entities.EndFixedStepSimulationEntityCommandBufferSystem+Singleton: 903138f233c08b6f903138f233c08b6f -> 
  custom:DOTSType/Unity.Entities.Hybrid.Baking.LinkedEntityGroupAuthoring: 463b7158f57f2778463b7158f57f2778 -> 
  custom:DOTSType/Unity.Entities.BeginInitializationEntityCommandBufferSystem+Singleton: 1dafdf6276a3f02d1dafdf6276a3f02d -> 
  custom:DOTSType/Unity.Physics.SimulationSingleton: 2c12c15cc1aaefd42c12c15cc1aaefd4 -> 
  custom:DOTSType/Unity.Transforms.Child: 5a0b111d3c5ef1ef5a0b111d3c5ef1ef -> 
  custom:DOTSType/Unity.Entities.Editor.ComponentWrapperEditor: 8a0108ac83962ca58a0108ac83962ca5 -> 
  custom:video-codec-MediaFoundation-h265: 746d11721c4dcdbdad8f713fa42b33f4 -> 
  custom:DOTSType/Unity.Entities.SceneSectionData: eeed08dab67953cbeeed08dab67953cb -> 
  custom:DOTSType/Tanks.EffectPool: b07fd26d384c1aadb07fd26d384c1aad -> 
  custom:DOTSType/Zenject.Context: 7a9b164638a7c5fb7a9b164638a7c5fb -> 
  custom:DOTSType/Unity.Entities.Editor.EntitiesJournalingWindow: fb6228252c0089dcfb6228252c0089dc -> 
  custom:video-decoder-ogg-theora: a1e56fd34408186e4bbccfd4996cb3dc -> 
  custom:DOTSType/Unity.Scenes.ResolvedSceneHash: 10c2d6fb478167a310c2d6fb478167a3 -> 
  custom:DOTSType/Unity.Scenes.SceneSectionStreamingData: 01ac29b86b18dacf01ac29b86b18dacf -> 
  custom:DOTSType/Zenject.ZenjectStateMachineBehaviourAutoInjecter: bc2fa2415d8a8ef6bc2fa2415d8a8ef6 -> 
  custom:DOTSType/Unity.Entities.AdditionalEntityParent: a24d1678b03f0479a24d1678b03f0479 -> 
  custom:DOTSType/Unity.Entities.Simulate: e0c92315ec24632de0c92315ec24632d -> 
  custom:DOTSType/Unity.Physics.PhysicsVelocity: eae7719776411411eae7719776411411 -> 
  custom:DOTSType/Unity.Entities.Editor.SystemWrapperEditor: 8c892c6354f3a3138c892c6354f3a313 -> 
  custom:DOTSType/Unity.Entities.RetainBlobAssetBatchPtr: 14017b765908ee1d14017b765908ee1d -> 
  custom:DOTSType/Zenject.ZenjectBinding: 0569f6cfa9645a6e0569f6cfa9645a6e -> 
  custom:DOTSType/Tanks.Tests.TestCarnageIndicator+TestCarnageIndicatorEditor: a518ed1603ea4192a518ed1603ea4192 -> 
  custom:DOTSType/Unity.Physics.Authoring.CustomPhysicsProxyAuthoring: 90a4b67ea7c61e0c90a4b67ea7c61e0c -> 
  custom:DOTSType/Unity.Physics.Authoring.PhysicsMeshAuthoringData: 07c891dbd84b5d1c07c891dbd84b5d1c -> 
  custom:DOTSType/Unity.Scenes.LiveConversionPatcher+LiveConvertedSceneCleanup: 97dadd0f05dbc86997dadd0f05dbc869 -> 
  custom:DOTSType/UnityEngine.MeshCollider: 745c145fdcf1939e745c145fdcf1939e -> 
  custom:DOTSType/Unity.Physics.Authoring.ForceUniqueColliderAuthoring: 34be871ed7a74d6234be871ed7a74d62 -> 
  custom:DOTSType/Zenject.GameObjectContext: 694c79f9ded4c948694c79f9ded4c948 -> 
  custom:DOTSType/Unity.Physics.DummyColliderFakesComponent`1[[Unity.Physics.CapsuleCollider, Unity.Physics, Version=0.0.0.0, Culture=neutral, PublicKeyToken=null]]: 840aede77f375b4f840aede77f375b4f -> 
  custom:DOTSType/Unity.Physics.Authoring.StaticOptimizePhysicsBaking: f3a03d29cca9ceabf3a03d29cca9ceab -> 
  custom:DOTSType/Unity.Scenes.DisableLiveConversion: 543070e84ec00e2c543070e84ec00e2c -> 
  custom:DOTSType/Unity.Physics.Authoring.PhysicsCompoundData: 41f933035064165d41f933035064165d -> 
  custom:DOTSType/Tanks.AudioPool: 65d2a3a778887e6e65d2a3a778887e6e -> 
  custom:DOTSType/Unity.Physics.DummyColliderFakesComponent`1[[Unity.Physics.SphereCollider, Unity.Physics, Version=0.0.0.0, Culture=neutral, PublicKeyToken=null]]: 4818ec4955a46c414818ec4955a46c41 -> 
  custom:DOTSType/Unity.Transforms.Parent: 00b45826652a5ec600b45826652a5ec6 -> 
  custom:DOTSType/Unity.Physics.PhysicsCollider: 00548c0f8c0147a000548c0f8c0147a0 -> 
  custom:DOTSType/Unity.Physics.Authoring.PhysicsRootBaked: a150145af5348f6da150145af5348f6d -> 
  custom:DOTSType/Unity.Scenes.ResolveSceneReferenceSystem+AssetDependencyTrackerState: b2d132c8f66d836db2d132c8f66d836d -> 
  custom:DOTSType/Unity.Entities.CompanionLinkTransform: e392322015c13880e392322015c13880 -> 
  custom:DOTSType/Unity.Entities.Serialization.DotsSerialization+RevisionedRawDataNode: 7e711ae70d27259d7e711ae70d27259d -> 
  custom:CustomObjectIndexerAttribute: 9a22284fe3817be447336de3de66b15e -> 
  custom:DOTSType/Tanks.Projectile: 620e548336351b1d620e548336351b1d -> 
  custom:DOTSType/Unity.Physics.GraphicsIntegration.MostRecentFixedTime: 6c4396236e6646a76c4396236e6646a7 -> 
  custom:DOTSType/UnityEngine.ParticleSystem: 28fa60303afd747328fa60303afd7473 -> 
  custom:DOTSType/Unity.Physics.DummyColliderFakesComponent`1[[Unity.Physics.ConvexCollider, Unity.Physics, Version=0.0.0.0, Culture=neutral, PublicKeyToken=null]]: d00615a7bde8681ed00615a7bde8681e -> 
  custom:DOTSType/Unity.Physics.DummyColliderFakesComponent`1[[Unity.Physics.MeshCollider, Unity.Physics, Version=0.0.0.0, Culture=neutral, PublicKeyToken=null]]: 52b224b25d7c5a2552b224b25d7c5a25 -> 
  custom:container-demuxer-webm: 4f35f7cbe854078d1ac9338744f61a02 -> 
  custom:DOTSType/Unity.Entities.PrefabRoot: ea04b60a31090316ea04b60a31090316 -> 
  custom:DOTSType/Unity.Entities.RequestSceneLoaded: 62c081c918aff6ee62c081c918aff6ee -> 
  custom:DOTSType/Unity.Entities.BeginPresentationEntityCommandBufferSystem+Singleton: cbef056a920a5eadcbef056a920a5ead -> 
  custom:DOTSType/Unity.Entities.ChunkHeader: 490bb3205bb29fe6490bb3205bb29fe6 -> 
  custom:DOTSType/Unity.Scenes.IsSectionLoaded: 2e3c12f14f7600232e3c12f14f760023 -> 
  custom:DOTSType/Unity.Entities.Editor.SystemInfo: e869e7d857e70a99e869e7d857e70a99 -> 
  custom:DOTSType/Zenject.MonoInstaller: d4f508a97531178fd4f508a97531178f -> 
  custom:DOTSType/Unity.Entities.WorldTimeQueue: 48ce29752c66702348ce29752c667023 -> 
  custom:DOTSType/Unity.Entities.StaticOptimizeEntity: 346cca765bf51c72346cca765bf51c72 -> 
  custom:DOTSType/Unity.Entities.SectionMetadataSetup: 75ea136fdb0e54ba75ea136fdb0e54ba -> 
  custom:DOTSType/Tanks.ProjectilePool: ae6caa17fe3924ceae6caa17fe3924ce -> 
  custom:DOTSType/Unity.Scenes.SceneSectionReferencedUnityObjects: 2797689ad57679a22797689ad57679a2 -> 
  custom:DOTSType/Unity.Physics.Editor.PhysicsStepAuthoringEditor: b0470546a7982481b0470546a7982481 -> 
  custom:DOTSType/Unity.Physics.GraphicsIntegration.PhysicsRenderEntity: 17b73fa380da9cf517b73fa380da9cf5 -> 
  custom:DOTSType/Unity.Entities.Hybrid.Baking.LinkedEntityGroupBakingData: cd33507256493e18cd33507256493e18 -> 
  custom:DOTSType/UnityEngine.LODGroup: 15ad22bb5260348e15ad22bb5260348e -> 
  custom:DOTSType/Tanks.BaseInputController: 7c3584087687be277c3584087687be27 -> 
  custom:DOTSType/Unity.Entities.Editor.HierarchySelectionContext: eb8c02bbb8571091eb8c02bbb8571091 -> 
  custom:DOTSType/Unity.Physics.DummyColliderFakesComponent`1[[Unity.Physics.CompoundCollider, Unity.Physics, Version=0.0.0.0, Culture=neutral, PublicKeyToken=null]]: f0b0c805df9aab48f0b0c805df9aab48 -> 
  custom:DOTSType/Unity.Physics.Authoring.PhysicsColliderAuthoringData: 237ab57c84eb023d237ab57c84eb023d -> 
  custom:DOTSType/Unity.Entities.Entity: 295b0c964d12026f295b0c964d12026f -> 
  custom:DOTSType/Unity.Physics.DummyColliderFakesComponent`1[[Unity.Physics.TerrainCollider, Unity.Physics, Version=0.0.0.0, Culture=neutral, PublicKeyToken=null]]: 76d2966f42dff4df76d2966f42dff4df -> 
  custom:DOTSType/Unity.Scenes.PublicEntityRef: b380cfe1712d4500b380cfe1712d4500 -> 
  custom:DOTSType/Unity.Entities.Asset: 5205195e4c6bea1c5205195e4c6bea1c -> 
  custom:DOTSType/Unity.Physics.GraphicsIntegration.PhysicsGraphicalSmoothing: 1a649a11034ac6061a649a11034ac606 -> 
  custom:DOTSType/Unity.Physics.Systems.PhysicsAnalyticsSingleton: 261d1a0e3f762c88261d1a0e3f762c88 -> 
  custom:DOTSType/Unity.Physics.PhysicsTemporalCoherenceInfo: dd862a3ef5746267dd862a3ef5746267 -> 
  custom:DOTSType/Tanks.EffectPoolContainer: bf19857e7a596a2bbf19857e7a596a2b -> 
  custom:DOTSType/Unity.Physics.PhysicsStep: 4ca665c06bcf89ca4ca665c06bcf89ca -> 
  custom:DOTSType/UnityEngine.TextMesh: 6784c791d05273aa6784c791d05273aa -> 
  custom:DOTSType/Unity.Entities.CompanionGameObjectActiveCleanup: 4ff09409f1cce51f4ff09409f1cce51f -> 
  custom:DOTSType/Tanks.ReloadIndicator: 83d1d641d15e1d5483d1d641d15e1d54 -> 
  custom:DOTSType/Zenject.RunnableContext: f37beb99d06e39fbf37beb99d06e39fb -> 
  custom:DOTSType/Unity.Physics.Authoring.PhysicsDebugDisplayData: 0cdccf70b9e5e20d0cdccf70b9e5e20d -> 
  custom:DOTSType/Unity.Scenes.AssetObjectManifest: 84d682f40d46c88184d682f40d46c881 -> 
  custom:DOTSType/Unity.Entities.PostLoadCommandBuffer: d658541e4a41540dd658541e4a41540d -> 
  custom:DOTSType/Unity.Entities.Editor.ArchetypeInfo: b8b1bbcc600f6437b8b1bbcc600f6437 -> 
  custom:DOTSType/Tanks.Interface.Speedometer: 158cdf1f7f3d0d9c158cdf1f7f3d0d9c -> 
  custom:DOTSType/Tanks.BattleRam: 87a27f4ae62d951387a27f4ae62d9513 -> 
  custom:DOTSType/UnityEngine.BoxCollider: 8e5b85c4fec088d48e5b85c4fec088d4 -> 
  custom:DOTSType/Unity.Entities.Serialization.ExternalEntityReference: 415f45c8b00c90a4415f45c8b00c90a4 -> 
  custom:DOTSType/Unity.Entities.SceneSectionComponent: 22f65411cbba718222f65411cbba7182 -> 
  custom:DOTSType/Unity.Scenes.PrefabLoadResult: 71615367c37f030371615367c37f0303 -> 
  custom:DOTSType/Unity.Scenes.SceneSectionStreamingSystem+StreamingState: 7014161ec3350ad07014161ec3350ad0 -> 
  custom:DOTSType/Unity.Entities.Editor.UnsupportedEntityEditor: f4c4238e5d78020af4c4238e5d78020a -> 
  custom:DOTSType/Unity.Scenes.ResolvedSectionEntity: e83509e6ef73df7ae83509e6ef73df7a -> 
  custom:DOTSType/Unity.Scenes.DisableSceneResolveAndLoad: 41c98fa73f31b21a41c98fa73f31b21a -> 
  custom:DOTSType/Unity.Entities.LinkedEntityGroup: c1b61ecd5260e852c1b61ecd5260e852 -> 
  custom:DOTSType/Unity.Physics.Authoring.RigidbodyBakingData: 66caf1f3818b52fc66caf1f3818b52fc -> 
  custom:DOTSType/Zenject.ScriptableObjectInstaller: 47201fb43b11147d47201fb43b11147d -> 
  custom:DOTSType/Unity.Physics.Authoring.DetailedStaticMeshCollisionAuthoring: 35a7576e30820a5e35a7576e30820a5e -> 
  custom:DOTSType/Unity.Entities.Editor.UnsupportedGameObjectEditor: 5cff923fd1c387e15cff923fd1c387e1 -> 
  custom:DOTSType/Tanks.CinemachineInputCustomProvider: 53bf68681542a65453bf68681542a654 -> 
  custom:DOTSType/Zenject.SceneContext: 30c70a59093b925c30c70a59093b925c -> 
  custom:DOTSType/UnityEngine.MeshRenderer: 77aa4cb33b84a90377aa4cb33b84a903 -> 
  custom:DOTSType/Unity.Physics.Authoring.BakeStaticRoot: ac81d98288eb78feac81d98288eb78fe -> 
  custom:DOTSType/Unity.Entities.Serialization.DotsSerialization+StringTableNode: db9aacf636d95b56db9aacf636d95b56 -> 
  custom:DOTSType/Zenject.SceneContextEditor: f5ac3d9288ab62bbf5ac3d9288ab62bb -> 
  custom:DOTSType/Unity.Entities.Disabled: ea10d702b0a42592ea10d702b0a42592 -> 
  custom:DOTSType/Unity.Entities.Editor.EntityEditor: 4502e3ccdb7ac0e04502e3ccdb7ac0e0 -> 
  custom:DOTSType/Unity.Physics.Systems.BroadphaseData: cf796e61bbb1c05fcf796e61bbb1c05f -> 
  custom:DOTSType/Unity.Entities.Editor.ArchetypesWindow: bde482c89698b5c7bde482c89698b5c7 -> 
  custom:DOTSType/Unity.Physics.PhysicsMass: dd66b9b7945f3ac7dd66b9b7945f3ac7 -> 
  custom:DOTSType/Unity.Physics.Systems.BuildPhysicsWorldData: 403d401e5c7292c3403d401e5c7292c3 -> 
  custom:DOTSType/Unity.Scenes.SceneBoundingVolume: 3407604aa951263f3407604aa951263f -> 
  custom:video-encoder-webm-vp8: eb34c28f22e8b96e1ab97ce403110664 -> 
  custom:DOTSType/Unity.Physics.Authoring.PhysicsColliderBakedData: 4b51dd6d702fa42d4b51dd6d702fa42d -> 
  custom:DOTSType/UnityEngine.SphereCollider: 82c25a73f4a3118382c25a73f4a31183 -> 
  custom:DOTSType/Unity.Scenes.SubScene: ac4196b7e94e44ecac4196b7e94e44ec -> 
  custom:DOTSType/Unity.Physics.DummyColliderFakesComponent`1[[Unity.Physics.Collider, Unity.Physics, Version=0.0.0.0, Culture=neutral, PublicKeyToken=null]]: 9b1dfcaf09a3b4529b1dfcaf09a3b452 -> 
  custom:DOTSType/Unity.Entities.Editor.HierarchyEntityChangeTracker+UnusedTag: e99f3a5fcb8d8012e99f3a5fcb8d8012 -> 
  custom:DOTSType/Unity.Physics.PhysicsMassOverride: 6fcef11ae9d1bc306fcef11ae9d1bc30 -> 
  custom:DOTSType/Unity.Entities.BlobAssetOwner: c83c63163f833390c83c63163f833390 -> 
  custom:DOTSType/Zenject.CheatSheet+Foo: 818256864703f221818256864703f221 -> 
  custom:DOTSType/Unity.Physics.Authoring.CustomPhysicsBodyTagNames: cf633e3d702fe67dcf633e3d702fe67d -> 
  custom:DOTSType/UnityEngine.CapsuleCollider: be84ea475def5c96be84ea475def5c96 -> 
  custom:DOTSType/Unity.Physics.PhysicsTemporalCoherenceTag: 078e815b3514dfd3078e815b3514dfd3 -> 
  custom:DOTSType/Unity.Entities.Editor.JournalManagerWrapperEditor: cb69e60b3422ccebcb69e60b3422cceb -> 
  custom:DOTSType/Unity.Entities.SceneReference: 93a995b4b28fc25393a995b4b28fc253 -> 
  custom:DOTSType/Unity.Entities.Editor.UnsupportedPrefabEntityEditor: 42b92ebb8c8886cf42b92ebb8c8886cf -> 
  custom:DOTSType/Unity.Entities.Serialization.DotsSerialization+NodeHeader: 2a912a6fdedc77ae2a912a6fdedc77ae -> 
  custom:DOTSType/Zenject.ZenAutoInjecter: 778eb5667a6355bc778eb5667a6355bc -> 
  custom:DOTSType/Unity.Entities.SceneSection: bdba69731fc8f3e7bdba69731fc8f3e7 -> 
  custom:DOTSType/Tanks.Patrol: af24d179ee3e03f0af24d179ee3e03f0 -> 
  custom:DOTSType/Unity.Physics.DummyColliderFakesComponent`1[[Unity.Physics.BoxCollider, Unity.Physics, Version=0.0.0.0, Culture=neutral, PublicKeyToken=null]]: f425b7fd66e06988f425b7fd66e06988 -> 
  custom:DOTSType/Unity.Entities.TransformAuthoring: d03322d6827741e8d03322d6827741e8 -> 
  custom:DOTSType/Zenject.ProjectKernel: efdc3d3e4e17fb07efdc3d3e4e17fb07 -> 
  custom:DOTSType/Tanks.TransmissionSettings: b0a3fa15cf2503fcb0a3fa15cf2503fc -> 
  custom:DOTSType/UnityEngine.ParticleSystemRenderer: 818ef389bd33d482818ef389bd33d482 -> 
  custom:DOTSType/Unity.Entities.BeginSimulationEntityCommandBufferSystem+Singleton: 5406e750b86f24a55406e750b86f24a5 -> 
  custom:DOTSType/Unity.Scenes.Editor.GlobalEntitiesDependencyInspector: 3df09afcbb66d7bb3df09afcbb66d7bb -> 
========================================================================
Received Prepare
Assembly reference Packages/com.unity.entities/Unity.Scenes.Editor/Internals/Properties/Unity.Properties.Internals.asmref has no target assembly definition
Assembly reference Packages/com.unity.entities/Unity.Scenes.Editor/Internals/Properties/Unity.Properties.Internals.asmref has no target assembly definition
Begin MonoManager ReloadAssembly
- Loaded All Assemblies, in  0.927 seconds
Refreshing native plugins compatible for Editor in 10.49 ms, found 5 plugins.
Native extension for WindowsStandalone target not found
Assembly reference Packages/com.unity.entities/Unity.Scenes.Editor/Internals/Properties/Unity.Properties.Internals.asmref has no target assembly definition
TypeManager.Initialize took: 295ms
Mono: successfully reloaded assembly
- Finished resetting the current domain, in  2.878 seconds
Domain Reload Profiling: 3802ms
	BeginReloadAssembly (266ms)
		ExecutionOrderSort (0ms)
		DisableScriptedObjects (8ms)
		BackupInstance (0ms)
		ReleaseScriptingObjects (0ms)
		CreateAndSetChildDomain (93ms)
	RebuildCommonClasses (53ms)
	RebuildNativeTypeToScriptingClass (23ms)
	initialDomainReloadingComplete (53ms)
	LoadAllAssembliesAndSetupDomain (528ms)
		LoadAssemblies (625ms)
		RebuildTransferFunctionScriptingTraits (0ms)
		AnalyzeDomain (24ms)
			TypeCache.Refresh (8ms)
				TypeCache.ScanAssembly (0ms)
			ScanForSourceGeneratedMonoScriptInfo (0ms)
			ResolveRequiredComponents (13ms)
	FinalizeReload (2879ms)
		ReleaseScriptCaches (0ms)
		RebuildScriptCaches (0ms)
		SetupLoadedEditorAssemblies (1932ms)
			LogAssemblyErrors (0ms)
			InitializePlatformSupportModulesInManaged (9ms)
			SetLoadedEditorAssemblies (13ms)
			RefreshPlugins (0ms)
			BeforeProcessingInitializeOnLoad (323ms)
			ProcessInitializeOnLoadAttributes (1249ms)
			ProcessInitializeOnLoadMethodAttributes (327ms)
			AfterProcessingInitializeOnLoad (11ms)
			EditorAssembliesLoaded (1ms)
		ExecutionOrderSort2 (0ms)
		AwakeInstancesAfterBackupRestoration (8ms)
Refreshing native plugins compatible for Editor in 10.49 ms, found 5 plugins.
Preloading 0 native plugins for Editor in 0.00 ms.
Unloading 6859 Unused Serialized files (Serialized files now loaded: 0)
Unloading 95 unused Assets / (123.5 KB). Loaded Objects now: 7337.
Memory consumption went from 221.0 MB to 220.8 MB.
Total: 7.633700 ms (FindLiveObjects: 0.763100 ms CreateObjectMapping: 0.834200 ms MarkObjects: 5.829100 ms  DeleteObjects: 0.205600 ms)

Unloading 0 Unused Serialized files (Serialized files now loaded: 0)
Unloading 0 unused Assets / (148.2 KB). Loaded Objects now: 7337.
Memory consumption went from 220.8 MB to 220.6 MB.
Total: 8.991900 ms (FindLiveObjects: 0.736000 ms CreateObjectMapping: 1.002500 ms MarkObjects: 7.138500 ms  DeleteObjects: 0.113100 ms)

Prepare: number of updated asset objects reloaded= 0
AssetImportParameters requested are different than current active one (requested -> active):
  custom:DOTSType/Zenject.MonoInstallerBase: 95f86c107dc723fe95f86c107dc723fe -> 
  custom:DOTSType/Unity.Entities.EntityGuid: 8e99211435a26d668e99211435a26d66 -> 
  custom:DOTSType/Tanks.TurretController: e7fde51fa66b4c5ee7fde51fa66b4c5e -> 
  custom:DOTSType/Unity.Entities.DefaultWorldInitializationProxy: 3bc53c9cad9070363bc53c9cad907036 -> 
  custom:container-demuxer-ogg: 62fdf1f143b41e24485cea50d1cbac27 -> 
  custom:DOTSType/Zenject.Internal.DefaultSceneContractConfig: a78f29ab0132239ca78f29ab0132239c -> 
  custom:DOTSType/Unity.Physics.EnsureUniqueColliderBlobTag: 3e3264c9c7497b3b3e3264c9c7497b3b -> 
  custom:DOTSType/Unity.Scenes.SceneEntityReference: 646ffd19b744bbdb646ffd19b744bbdb -> 
  custom:DOTSType/Unity.Entities.Hybrid.Baking.BakingOnlyEntityAuthoringBaker+BakingOnlyChildren: 9c3cc3aa8ff875949c3cc3aa8ff87594 -> 
  custom:DOTSType/Unity.Entities.EntityManager+IsolateCopiedEntities: 703c8c39c22b63af703c8c39c22b63af -> 
  custom:DOTSType/Unity.Entities.BeginVariableRateSimulationEntityCommandBufferSystem+Singleton: 40006e500ad5800440006e500ad58004 -> 
  custom:DOTSType/UnityEngine.LightProbeProxyVolume: cd06291433fcac4ccd06291433fcac4c -> 
  custom:EntityBinaryFileFormatVersion: b618570c169a919bbb95b4bd7e4084ba -> 
  custom:DOTSType/Unity.Physics.Authoring.DisplayGizmoColliderEdges+DrawWithGizmos: a6749ec75af14c28a6749ec75af14c28 -> 
  custom:DOTSType/Tanks.SkyRotation: 6a30c8e81d68dcd96a30c8e81d68dcd9 -> 
  custom:DOTSType/Unity.Entities.Editor.ComponentInfo: b6911f4bc3b03db5b6911f4bc3b03db5 -> 
  custom:DOTSType/Unity.Entities.BurstCompatibleComponentData: 1d232e8370167ced1d232e8370167ced -> 
  custom:DOTSType/Unity.Entities.RetainBlobAssetPtr: f51a437fde39ac82f51a437fde39ac82 -> 
  custom:DOTSType/Unity.Physics.Authoring.PhysicsStepAuthoring: 29ca86243fe93d3b29ca86243fe93d3b -> 
  custom:DOTSType/Unity.Entities.BakedEntity: 6cda7616df5335d16cda7616df5335d1 -> 
  custom:DOTSType/Unity.Transforms.Static: a08c19e85cdd5a49a08c19e85cdd5a49 -> 
  custom:DOTSType/Unity.Entities.Editor.InvalidEntityEditor: c09028623072dbb6c09028623072dbb6 -> 
  custom:DOTSType/UnityEngine.Collider: e796157eabb2316ee796157eabb2316e -> 
  custom:framework-win-MediaFoundation: 216162199b28c13a410421893ffa2e32 -> 
  custom:DOTSType/UnityEngine.Transform: 3954159e9eb625f23954159e9eb625f2 -> 
  custom:DOTSType/Unity.Physics.Authoring.PhysicsWorldIndexAuthoring: c35779b88bcbf0f5c35779b88bcbf0f5 -> 
  custom:DOTSType/Unity.Scenes.Editor.GameObjectSceneMetaDataImporter: 35c29e171f7f1b1235c29e171f7f1b12 -> 
  custom:DOTSType/Tanks.Wheel: 8000d516241cf2618000d516241cf261 -> 
  custom:DOTSType/Unity.Entities.Editor.EntitySelectionProxy: 640f096afb1dc192640f096afb1dc192 -> 
  custom:DOTSType/Tanks.Tests.TestInputController: da9d7109e7aa2efada9d7109e7aa2efa -> 
  custom:DOTSType/Unity.Entities.OmitLinkedEntityGroupFromPrefabInstance: d5447758848371b8d5447758848371b8 -> 
  custom:DOTSType/Unity.Entities.Editor.HierarchyWindow: 68a3d7f4e81dfa3968a3d7f4e81dfa39 -> 
  custom:DOTSType/Unity.Entities.CleanupEntity: 91c2e7742ff7a40291c2e7742ff7a402 -> 
  custom:DOTSType/Zenject.MonoKernel: ad622fbf2f55726ead622fbf2f55726e -> 
  custom:DOTSType/Zenject.DefaultGameObjectKernel: 4e750c357d05f8164e750c357d05f816 -> 
  custom:DOTSType/Zenject.GameObjectContextEditor: e47fe5c2e2a879a3e47fe5c2e2a879a3 -> 
  custom:DOTSType/Unity.Scenes.RequestSceneHeader: 539e2df9dd1c5383539e2df9dd1c5383 -> 
  custom:DOTSType/Unity.Entities.BakingOnlyEntity: 6d61bb30b0fe96a06d61bb30b0fe96a0 -> 
  custom:DOTSType/UnityEngine.ReflectionProbe: 74c5d94e403ee5bf74c5d94e403ee5bf -> 
  custom:DOTSType/Unity.Physics.Authoring.PhysicsWorldIndexBakingData: eb7993b47224fdb3eb7993b47224fdb3 -> 
  custom:DOTSType/Tanks.TankController: 5fe8cedbca51d9d55fe8cedbca51d9d5 -> 
  custom:DOTSType/Unity.Scenes.Editor.ClearEntitiesCacheWindow: ff5e4942d7943fe4ff5e4942d7943fe4 -> 
  custom:DOTSType/Unity.Entities.Serialization.DotsSerialization+TypeNamesNode: 481f56363f3115ba481f56363f3115ba -> 
  custom:DOTSType/Unity.Entities.Hybrid.Baking.BakingOnlyEntityAuthoring: b00feda2188a9371b00feda2188a9371 -> 
  custom:DOTSType/Unity.Scenes.ResolvedSectionPath: bf9e38f006f83cb7bf9e38f006f83cb7 -> 
  custom:DOTSType/Unity.Deformations.BlendShapeWeight: d26eabb95dfc9b4dd26eabb95dfc9b4d -> 
  custom:DOTSType/Unity.Scenes.ReferencedUnityObjects: b8073d4731436522b8073d4731436522 -> 
  custom:DOTSType/Unity.Physics.Authoring.PhysicsDebugDisplayAuthoring: 048169f5bbaf7cd0048169f5bbaf7cd0 -> 
  custom:DOTSType/Unity.Scenes.Editor.SubSceneInspector: 6e96e553cf64778e6e96e553cf64778e -> 
  custom:DOTSType/Unity.Physics.GraphicsIntegration.SmoothRigidBodiesGraphicalMotion+RigidBodySmoothingWorldIndex: 988440dd19a406ed988440dd19a406ed -> 
  custom:DOTSType/Unity.Physics.PhysicsConstrainedBodyPair: 37ca29e9e58c191137ca29e9e58c1911 -> 
  custom:DOTSType/Unity.Physics.ColliderBlobCleanupData: 18f3eb94199c5e3618f3eb94199c5e36 -> 
  custom:DOTSType/Unity.Physics.PhysicsDamping: 579a7188c5fb1464579a7188c5fb1464 -> 
  custom:container-muxer-webm: aa71ff27fc2769a1b78a27578f13a17b -> 
  custom:DOTSType/Unity.Entities.CompanionGameObjectUpdateTransformCleanup: 0a4e12c25aaf05e00a4e12c25aaf05e0 -> 
  custom:DOTSType/Tanks.Editor.TransmissionSettingsEditor: 5c05f270edf687155c05f270edf68715 -> 
  custom:DOTSType/Unity.Entities.EndSimulationEntityCommandBufferSystem+Singleton: 6cc3a7136f47def06cc3a7136f47def0 -> 
  custom:DOTSType/Unity.Physics.Authoring.PhysicsDebugDisplaySystem+DrawComponent: fbecd1af1d76e089fbecd1af1d76e089 -> 
  custom:video-decoder-webm-vp8: 9c59270c3fd7afecdb556c50c9e8de78 -> 
  custom:DOTSType/Zenject.GuiRenderer: 77a380f71106289e77a380f71106289e -> 
  custom:DOTSType/Zenject.AnimatorMoveHandlerManager: 48d7fbeaa25297da48d7fbeaa25297da -> 
  custom:DOTSType/UnityEngine.GameObject: aef60e3f2ae5ad9aaef60e3f2ae5ad9a -> 
  custom:SearchIndexIgnoredProperties: e643bd26f0fe6173181afceb89e7c659 -> 
  custom:DOTSAllSystemsVersion: ffb3322ebf2cc81fbcc35437f1236753 -> 
  custom:DOTSType/Unity.Physics.GraphicsIntegration.PhysicsGraphicalInterpolationBuffer: 7baea6e725f3208c7baea6e725f3208c -> 
  custom:AudioImporter_EditorPlatform: d09bf68614088b80899f8185d706f6e7 -> 
  custom:DOTSType/Tanks.Interface.CarnageSettings: 06a0f3af603600f206a0f3af603600f2 -> 
  custom:DOTSType/Zenject.ProjectContextEditor: f68c5f17562ef273f68c5f17562ef273 -> 
  custom:DOTSType/Unity.Entities.Serialization.DotsSerialization+FolderNode: 98c33d003d1b152b98c33d003d1b152b -> 
  custom:DOTSType/Unity.Entities.CompanionReference: 4de8f4179bbe96e74de8f4179bbe96e7 -> 
  custom:DOTSType/UnityEngine.VFX.VisualEffect: dc0e74262f371f63dc0e74262f371f63 -> 
  custom:DOTSType/Unity.Entities.Hybrid.Baking.AdditionalEntitiesBakingData: d81e35bf039925b8d81e35bf039925b8 -> 
  custom:DOTSType/UnityEngine.SpriteRenderer: 61a676ec163f72b161a676ec163f72b1 -> 
  custom:DOTSType/Unity.Entities.Editor.JournalingWrapperEditor: 7820ec03259d9ee57820ec03259d9ee5 -> 
  custom:DOTSType/Tanks.Tank.ProjectileTracker: 101b4b340f8400be101b4b340f8400be -> 
  custom:DOTSType/Unity.Deformations.SkinMatrix: 4b50a0962ac5e60d4b50a0962ac5e60d -> 
  custom:DOTSType/Unity.Scenes.WeakAssetReferenceLoadingData: 451a8b20bc4a35f6451a8b20bc4a35f6 -> 
  custom:DOTSType/Unity.Entities.BurstCompatibleSharedComponentData: 6239fcd2cd3b1c316239fcd2cd3b1c31 -> 
  custom:DOTSType/Unity.Physics.PhysicsCustomTags: 7d9dddf48b181c997d9dddf48b181c99 -> 
  custom:DOTSType/Zenject.SceneDecoratorContext: 47847979bf9052df47847979bf9052df -> 
  custom:DOTSType/Unity.Entities.Editor.ArchetypeWrapperEditor: fcd41c2e8cb6c202fcd41c2e8cb6c202 -> 
  custom:DOTSType/Unity.Physics.PhysicsGravityFactor: 8ab51309e4cdebcc8ab51309e4cdebcc -> 
  custom:DOTSType/Tanks.PlayerInputController: eeac7a82da062014eeac7a82da062014 -> 
  custom:DOTSType/Unity.Entities.SceneTag: 7a384971715860367a38497171586036 -> 
  custom:DOTSType/Unity.Physics.Systems.DummySimulationData: e73bf206ed8976b1e73bf206ed8976b1 -> 
  custom:DOTSType/Unity.Physics.CustomPhysicsProxyDriver: d8e4875a8f47327fd8e4875a8f47327f -> 
  custom:DOTSType/Unity.Entities.Editor.InvalidSelectionEditor: bb0f099005812d55bb0f099005812d55 -> 
  custom:DOTSType/Tanks.Interface.CarnageIndicator: 7a2a70789a91028f7a2a70789a91028f -> 
  custom:DOTSType/Unity.Physics.StepInputSingleton: f5a13022ab227cfff5a13022ab227cff -> 
  custom:DOTSType/Unity.Transforms.LocalToWorld: f07e17bb4e08548ef07e17bb4e08548e -> 
  custom:DOTSType/Unity.Entities.Prefab: 8cefcfc0e3366a618cefcfc0e3366a61 -> 
  custom:DOTSType/Unity.Transforms.PreviousParent: f7f96ed2f665f721f7f96ed2f665f721 -> 
  custom:DOTSType/Unity.Entities.EditorRenderData: 23031dfb0b685e0c23031dfb0b685e0c -> 
  custom:DOTSType/Tanks.TankGameInstaller: ab41efd1a1117644ab41efd1a1117644 -> 
  custom:DOTSType/Tanks.Tests.TestCarnageIndicator: c8904b0627773241c8904b0627773241 -> 
  custom:DOTSType/Unity.Entities.Editor.JournalEntry: fa64f1a8d5097849fa64f1a8d5097849 -> 
  custom:DOTSType/Unity.Scenes.GlobalEntitiesDependency: 272e3c9ba12b159e272e3c9ba12b159e -> 
  custom:audio-decoder-ogg-vorbis: bf7c407c2cedff20999df2af8eb42d56 -> 
  custom:ProjectSettings/EntitiesClientSettings.asset: 57fa4463d8597ee36c3803b5983b6213 -> 
  custom:DOTSType/Unity.Entities.RetainBlobAssets: e3007bd0d4f5ba8be3007bd0d4f5ba8b -> 
  custom:DOTSType/Tanks.TankAudioSystem: e0c4f60227f2a2a8e0c4f60227f2a2a8 -> 
  custom:DOTSType/Unity.Scenes.SceneSystemData: 358f9772a0e70c53358f9772a0e70c53 -> 
  custom:DOTSType/Zenject.SceneDecoratorContextEditor: ca86c2fb23338ef7ca86c2fb23338ef7 -> 
  custom:DOTSType/Unity.Physics.PhysicsWorldIndex: 44b485a5651ecbf844b485a5651ecbf8 -> 
  custom:DOTSType/Unity.Entities.EndInitializationEntityCommandBufferSystem+Singleton: 75800829e25c245f75800829e25c245f -> 
  custom:DOTSType/Unity.Entities.Build.EntitiesClientSettings: 379ca95f1f31bbbc379ca95f1f31bbbc -> 
  custom:DOTSType/Zenject.ProjectContext: 73c2192ee2a3347973c2192ee2a33479 -> 
  custom:DOTSType/Zenject.RunnableContextEditor: 761811f71f3da7bc761811f71f3da7bc -> 
  custom:DOTSType/UnityEngine.AudioSource: aed3a424fdd48d59aed3a424fdd48d59 -> 
  custom:DOTSType/Unity.Scenes.RequestEntityPrefabLoaded: fc4092a08e154a96fc4092a08e154a96 -> 
  custom:DOTSType/Unity.Entities.SystemInstance: bb0dfff8e9a48357bb0dfff8e9a48357 -> 
  custom:DOTSType/Unity.Entities.RemoveUnusedEntityInBake: 0973223cb916c16b0973223cb916c16b -> 
  custom:DOTSType/Unity.Entities.EndVariableRateSimulationEntityCommandBufferSystem+Singleton: 78d2450a82ebc20778d2450a82ebc207 -> 
  custom:DOTSType/Unity.Physics.DummyColliderFakesComponent`1[[Unity.Physics.CylinderCollider, Unity.Physics, Version=0.0.0.0, Culture=neutral, PublicKeyToken=null]]: 2d82e9daa82955bf2d82e9daa82955bf -> 
  custom:audio-encoder-webm-vorbis: bf7c407c2cedff20999df2af8eb42d56 -> 
  custom:DOTSType/Unity.Entities.BeginFixedStepSimulationEntityCommandBufferSystem+Singleton: 5857035820ee1e635857035820ee1e63 -> 
  custom:DOTSType/Unity.Physics.PhysicsJointCompanion: 655fde98af64ce94655fde98af64ce94 -> 
  custom:DOTSType/Unity.Scenes.WeakAssetPrefabLoadRequest: b6d72391c4d3d049b6d72391c4d3d049 -> 
  custom:DOTSType/Tanks.Legacy.LegacyTransmissionSettings: 84b2093787e9240c84b2093787e9240c -> 
  custom:DOTSType/Tanks.Legacy.Editor.LegacyTransmissionSettingsEditor: f063a9f322024a22f063a9f322024a22 -> 
  custom:DOTSType/Zenject.ScriptableObjectInstallerBase: 564d9b68561bb94d564d9b68561bb94d -> 
  custom:DOTSType/Unity.Physics.Editor.CustomPhysicsBodyTagNamesEditor: 5e056a649e13a00c5e056a649e13a00c -> 
  custom:DOTSType/Unity.Physics.PhysicsWorldSingleton: 90bad7c95a54d00590bad7c95a54d005 -> 
  custom:DOTSType/Unity.Entities.BurstCompatibleBufferElement: 9256282cac425e579256282cac425e57 -> 
  custom:DOTSType/Unity.Entities.CompanionLink: 4813070be25c6d6a4813070be25c6d6a -> 
  custom:DOTSType/Unity.Physics.DummyColliderFakesComponent`1[[Unity.Physics.PolygonCollider, Unity.Physics, Version=0.0.0.0, Culture=neutral, PublicKeyToken=null]]: 3f38e3dc511d48d23f38e3dc511d48d2 -> 
  custom:SceneMetaDataFileFormatVersion: 18e216f4893c3ae43d5b4b3a88de92ca -> 
  custom:DOTSType/Unity.Entities.Editor.SystemScheduleWindow: dfecb8af58c97f0adfecb8af58c97f0a -> 
  custom:DOTSType/Unity.Physics.PhysicsColliderKeyEntityPair: e3185876db01deade3185876db01dead -> 
  custom:DOTSType/Zenject.ContextEditor: 0791a612a42c17bc0791a612a42c17bc -> 
  custom:DOTSType/Zenject.AnimatorIkHandlerManager: 6bf1f62125213c446bf1f62125213c44 -> 
  custom:DOTSType/Unity.Transforms.LocalTransform: d07f194ee4791f00d07f194ee4791f00 -> 
  custom:DOTSType/Unity.Physics.PhysicsJoint: e49afdd9ec82159fe49afdd9ec82159f -> 
  custom:DOTSType/Unity.Scenes.PrefabAssetReference: 924b87ecab3719ce924b87ecab3719ce -> 
  custom:DOTSType/UnityEngine.Rigidbody: 90d4f52b90e97d3190d4f52b90e97d31 -> 
  custom:DOTSType/Unity.Transforms.PostTransformMatrix: d5b773053bc4fc92d5b773053bc4fc92 -> 
  custom:DOTSType/Unity.Entities.WorldTime: efd6631e6d47e1c0efd6631e6d47e1c0 -> 
  custom:DOTSType/Unity.Entities.Editor.ComponentsWindow: f3a47022486a5e37f3a47022486a5e37 -> 
  custom:DOTSType/Unity.Entities.Editor.JournalManager: bd6303929aef5048bd6303929aef5048 -> 
  custom:DOTSType/Zenject.SceneKernel: 14c92f57ead5fa5a14c92f57ead5fa5a -> 
  custom:DOTSType/Unity.Scenes.Editor.SubSceneImporter: fbc2a6bb48307f94fbc2a6bb48307f94 -> 
  custom:DOTSType/UnityEngine.Light: 47f771faf20222f647f771faf20222f6 -> 
  custom:DOTSType/Unity.Entities.EndFixedStepSimulationEntityCommandBufferSystem+Singleton: 903138f233c08b6f903138f233c08b6f -> 
  custom:DOTSType/Unity.Entities.Hybrid.Baking.LinkedEntityGroupAuthoring: 463b7158f57f2778463b7158f57f2778 -> 
  custom:DOTSType/Unity.Entities.BeginInitializationEntityCommandBufferSystem+Singleton: 1dafdf6276a3f02d1dafdf6276a3f02d -> 
  custom:DOTSType/Unity.Physics.SimulationSingleton: 2c12c15cc1aaefd42c12c15cc1aaefd4 -> 
  custom:DOTSType/Unity.Transforms.Child: 5a0b111d3c5ef1ef5a0b111d3c5ef1ef -> 
  custom:DOTSType/Unity.Entities.Editor.ComponentWrapperEditor: 8a0108ac83962ca58a0108ac83962ca5 -> 
  custom:video-codec-MediaFoundation-h265: 746d11721c4dcdbdad8f713fa42b33f4 -> 
  custom:DOTSType/Unity.Entities.SceneSectionData: eeed08dab67953cbeeed08dab67953cb -> 
  custom:DOTSType/Tanks.EffectPool: b07fd26d384c1aadb07fd26d384c1aad -> 
  custom:DOTSType/Zenject.Context: 7a9b164638a7c5fb7a9b164638a7c5fb -> 
  custom:DOTSType/Unity.Entities.Editor.EntitiesJournalingWindow: fb6228252c0089dcfb6228252c0089dc -> 
  custom:video-decoder-ogg-theora: a1e56fd34408186e4bbccfd4996cb3dc -> 
  custom:DOTSType/Unity.Scenes.ResolvedSceneHash: 10c2d6fb478167a310c2d6fb478167a3 -> 
  custom:DOTSType/Unity.Scenes.SceneSectionStreamingData: 01ac29b86b18dacf01ac29b86b18dacf -> 
  custom:DOTSType/Zenject.ZenjectStateMachineBehaviourAutoInjecter: bc2fa2415d8a8ef6bc2fa2415d8a8ef6 -> 
  custom:DOTSType/Unity.Entities.AdditionalEntityParent: a24d1678b03f0479a24d1678b03f0479 -> 
  custom:DOTSType/Unity.Entities.Simulate: e0c92315ec24632de0c92315ec24632d -> 
  custom:DOTSType/Unity.Physics.PhysicsVelocity: eae7719776411411eae7719776411411 -> 
  custom:DOTSType/Unity.Entities.Editor.SystemWrapperEditor: 8c892c6354f3a3138c892c6354f3a313 -> 
  custom:DOTSType/Unity.Entities.RetainBlobAssetBatchPtr: 14017b765908ee1d14017b765908ee1d -> 
  custom:DOTSType/Zenject.ZenjectBinding: 0569f6cfa9645a6e0569f6cfa9645a6e -> 
  custom:DOTSType/Tanks.Tests.TestCarnageIndicator+TestCarnageIndicatorEditor: a518ed1603ea4192a518ed1603ea4192 -> 
  custom:DOTSType/Unity.Physics.Authoring.CustomPhysicsProxyAuthoring: 90a4b67ea7c61e0c90a4b67ea7c61e0c -> 
  custom:DOTSType/Unity.Physics.Authoring.PhysicsMeshAuthoringData: 07c891dbd84b5d1c07c891dbd84b5d1c -> 
  custom:DOTSType/Unity.Scenes.LiveConversionPatcher+LiveConvertedSceneCleanup: 97dadd0f05dbc86997dadd0f05dbc869 -> 
  custom:DOTSType/UnityEngine.MeshCollider: 745c145fdcf1939e745c145fdcf1939e -> 
  custom:DOTSType/Unity.Physics.Authoring.ForceUniqueColliderAuthoring: 34be871ed7a74d6234be871ed7a74d62 -> 
  custom:DOTSType/Zenject.GameObjectContext: 694c79f9ded4c948694c79f9ded4c948 -> 
  custom:DOTSType/Unity.Physics.DummyColliderFakesComponent`1[[Unity.Physics.CapsuleCollider, Unity.Physics, Version=0.0.0.0, Culture=neutral, PublicKeyToken=null]]: 840aede77f375b4f840aede77f375b4f -> 
  custom:DOTSType/Unity.Physics.Authoring.StaticOptimizePhysicsBaking: f3a03d29cca9ceabf3a03d29cca9ceab -> 
  custom:DOTSType/Unity.Scenes.DisableLiveConversion: 543070e84ec00e2c543070e84ec00e2c -> 
  custom:DOTSType/Unity.Physics.Authoring.PhysicsCompoundData: 41f933035064165d41f933035064165d -> 
  custom:DOTSType/Tanks.AudioPool: 65d2a3a778887e6e65d2a3a778887e6e -> 
  custom:DOTSType/Unity.Physics.DummyColliderFakesComponent`1[[Unity.Physics.SphereCollider, Unity.Physics, Version=0.0.0.0, Culture=neutral, PublicKeyToken=null]]: 4818ec4955a46c414818ec4955a46c41 -> 
  custom:DOTSType/Unity.Transforms.Parent: 00b45826652a5ec600b45826652a5ec6 -> 
  custom:DOTSType/Unity.Physics.PhysicsCollider: 00548c0f8c0147a000548c0f8c0147a0 -> 
  custom:DOTSType/Unity.Physics.Authoring.PhysicsRootBaked: a150145af5348f6da150145af5348f6d -> 
  custom:DOTSType/Unity.Scenes.ResolveSceneReferenceSystem+AssetDependencyTrackerState: b2d132c8f66d836db2d132c8f66d836d -> 
  custom:DOTSType/Unity.Entities.CompanionLinkTransform: e392322015c13880e392322015c13880 -> 
  custom:DOTSType/Unity.Entities.Serialization.DotsSerialization+RevisionedRawDataNode: 7e711ae70d27259d7e711ae70d27259d -> 
  custom:CustomObjectIndexerAttribute: 9a22284fe3817be447336de3de66b15e -> 
  custom:DOTSType/Tanks.Projectile: 620e548336351b1d620e548336351b1d -> 
  custom:DOTSType/Unity.Physics.GraphicsIntegration.MostRecentFixedTime: 6c4396236e6646a76c4396236e6646a7 -> 
  custom:DOTSType/UnityEngine.ParticleSystem: 28fa60303afd747328fa60303afd7473 -> 
  custom:DOTSType/Unity.Physics.DummyColliderFakesComponent`1[[Unity.Physics.ConvexCollider, Unity.Physics, Version=0.0.0.0, Culture=neutral, PublicKeyToken=null]]: d00615a7bde8681ed00615a7bde8681e -> 
  custom:DOTSType/Unity.Physics.DummyColliderFakesComponent`1[[Unity.Physics.MeshCollider, Unity.Physics, Version=0.0.0.0, Culture=neutral, PublicKeyToken=null]]: 52b224b25d7c5a2552b224b25d7c5a25 -> 
  custom:container-demuxer-webm: 4f35f7cbe854078d1ac9338744f61a02 -> 
  custom:DOTSType/Unity.Entities.PrefabRoot: ea04b60a31090316ea04b60a31090316 -> 
  custom:DOTSType/Unity.Entities.RequestSceneLoaded: 62c081c918aff6ee62c081c918aff6ee -> 
  custom:DOTSType/Unity.Entities.BeginPresentationEntityCommandBufferSystem+Singleton: cbef056a920a5eadcbef056a920a5ead -> 
  custom:DOTSType/Unity.Entities.ChunkHeader: 490bb3205bb29fe6490bb3205bb29fe6 -> 
  custom:DOTSType/Unity.Scenes.IsSectionLoaded: 2e3c12f14f7600232e3c12f14f760023 -> 
  custom:DOTSType/Unity.Entities.Editor.SystemInfo: e869e7d857e70a99e869e7d857e70a99 -> 
  custom:DOTSType/Zenject.MonoInstaller: d4f508a97531178fd4f508a97531178f -> 
  custom:DOTSType/Unity.Entities.WorldTimeQueue: 48ce29752c66702348ce29752c667023 -> 
  custom:DOTSType/Unity.Entities.StaticOptimizeEntity: 346cca765bf51c72346cca765bf51c72 -> 
  custom:DOTSType/Unity.Entities.SectionMetadataSetup: 75ea136fdb0e54ba75ea136fdb0e54ba -> 
  custom:DOTSType/Tanks.ProjectilePool: ae6caa17fe3924ceae6caa17fe3924ce -> 
  custom:DOTSType/Unity.Scenes.SceneSectionReferencedUnityObjects: 2797689ad57679a22797689ad57679a2 -> 
  custom:DOTSType/Unity.Physics.Editor.PhysicsStepAuthoringEditor: b0470546a7982481b0470546a7982481 -> 
  custom:DOTSType/Unity.Physics.GraphicsIntegration.PhysicsRenderEntity: 17b73fa380da9cf517b73fa380da9cf5 -> 
  custom:DOTSType/Unity.Entities.Hybrid.Baking.LinkedEntityGroupBakingData: cd33507256493e18cd33507256493e18 -> 
  custom:DOTSType/UnityEngine.LODGroup: 15ad22bb5260348e15ad22bb5260348e -> 
  custom:DOTSType/Tanks.BaseInputController: 7c3584087687be277c3584087687be27 -> 
  custom:DOTSType/Unity.Entities.Editor.HierarchySelectionContext: eb8c02bbb8571091eb8c02bbb8571091 -> 
  custom:DOTSType/Unity.Physics.DummyColliderFakesComponent`1[[Unity.Physics.CompoundCollider, Unity.Physics, Version=0.0.0.0, Culture=neutral, PublicKeyToken=null]]: f0b0c805df9aab48f0b0c805df9aab48 -> 
  custom:DOTSType/Unity.Physics.Authoring.PhysicsColliderAuthoringData: 237ab57c84eb023d237ab57c84eb023d -> 
  custom:DOTSType/Unity.Entities.Entity: 295b0c964d12026f295b0c964d12026f -> 
  custom:DOTSType/Unity.Physics.DummyColliderFakesComponent`1[[Unity.Physics.TerrainCollider, Unity.Physics, Version=0.0.0.0, Culture=neutral, PublicKeyToken=null]]: 76d2966f42dff4df76d2966f42dff4df -> 
  custom:DOTSType/Unity.Scenes.PublicEntityRef: b380cfe1712d4500b380cfe1712d4500 -> 
  custom:DOTSType/Unity.Entities.Asset: 5205195e4c6bea1c5205195e4c6bea1c -> 
  custom:DOTSType/Unity.Physics.GraphicsIntegration.PhysicsGraphicalSmoothing: 1a649a11034ac6061a649a11034ac606 -> 
  custom:DOTSType/Unity.Physics.Systems.PhysicsAnalyticsSingleton: 261d1a0e3f762c88261d1a0e3f762c88 -> 
  custom:DOTSType/Unity.Physics.PhysicsTemporalCoherenceInfo: dd862a3ef5746267dd862a3ef5746267 -> 
  custom:DOTSType/Tanks.EffectPoolContainer: bf19857e7a596a2bbf19857e7a596a2b -> 
  custom:DOTSType/Unity.Physics.PhysicsStep: 4ca665c06bcf89ca4ca665c06bcf89ca -> 
  custom:DOTSType/UnityEngine.TextMesh: 6784c791d05273aa6784c791d05273aa -> 
  custom:DOTSType/Unity.Entities.CompanionGameObjectActiveCleanup: 4ff09409f1cce51f4ff09409f1cce51f -> 
  custom:DOTSType/Tanks.ReloadIndicator: 83d1d641d15e1d5483d1d641d15e1d54 -> 
  custom:DOTSType/Zenject.RunnableContext: f37beb99d06e39fbf37beb99d06e39fb -> 
  custom:DOTSType/Unity.Physics.Authoring.PhysicsDebugDisplayData: 0cdccf70b9e5e20d0cdccf70b9e5e20d -> 
  custom:DOTSType/Unity.Scenes.AssetObjectManifest: 84d682f40d46c88184d682f40d46c881 -> 
  custom:DOTSType/Unity.Entities.PostLoadCommandBuffer: d658541e4a41540dd658541e4a41540d -> 
  custom:DOTSType/Unity.Entities.Editor.ArchetypeInfo: b8b1bbcc600f6437b8b1bbcc600f6437 -> 
  custom:DOTSType/Tanks.Interface.Speedometer: 158cdf1f7f3d0d9c158cdf1f7f3d0d9c -> 
  custom:DOTSType/Tanks.BattleRam: 87a27f4ae62d951387a27f4ae62d9513 -> 
  custom:DOTSType/UnityEngine.BoxCollider: 8e5b85c4fec088d48e5b85c4fec088d4 -> 
  custom:DOTSType/Unity.Entities.Serialization.ExternalEntityReference: 415f45c8b00c90a4415f45c8b00c90a4 -> 
  custom:DOTSType/Unity.Entities.SceneSectionComponent: 22f65411cbba718222f65411cbba7182 -> 
  custom:DOTSType/Unity.Scenes.PrefabLoadResult: 71615367c37f030371615367c37f0303 -> 
  custom:DOTSType/Unity.Scenes.SceneSectionStreamingSystem+StreamingState: 7014161ec3350ad07014161ec3350ad0 -> 
  custom:DOTSType/Unity.Entities.Editor.UnsupportedEntityEditor: f4c4238e5d78020af4c4238e5d78020a -> 
  custom:DOTSType/Unity.Scenes.ResolvedSectionEntity: e83509e6ef73df7ae83509e6ef73df7a -> 
  custom:DOTSType/Unity.Scenes.DisableSceneResolveAndLoad: 41c98fa73f31b21a41c98fa73f31b21a -> 
  custom:DOTSType/Unity.Entities.LinkedEntityGroup: c1b61ecd5260e852c1b61ecd5260e852 -> 
  custom:DOTSType/Unity.Physics.Authoring.RigidbodyBakingData: 66caf1f3818b52fc66caf1f3818b52fc -> 
  custom:DOTSType/Zenject.ScriptableObjectInstaller: 47201fb43b11147d47201fb43b11147d -> 
  custom:DOTSType/Unity.Physics.Authoring.DetailedStaticMeshCollisionAuthoring: 35a7576e30820a5e35a7576e30820a5e -> 
  custom:DOTSType/Unity.Entities.Editor.UnsupportedGameObjectEditor: 5cff923fd1c387e15cff923fd1c387e1 -> 
  custom:DOTSType/Tanks.CinemachineInputCustomProvider: 53bf68681542a65453bf68681542a654 -> 
  custom:DOTSType/Zenject.SceneContext: 30c70a59093b925c30c70a59093b925c -> 
  custom:DOTSType/UnityEngine.MeshRenderer: 77aa4cb33b84a90377aa4cb33b84a903 -> 
  custom:DOTSType/Unity.Physics.Authoring.BakeStaticRoot: ac81d98288eb78feac81d98288eb78fe -> 
  custom:DOTSType/Unity.Entities.Serialization.DotsSerialization+StringTableNode: db9aacf636d95b56db9aacf636d95b56 -> 
  custom:DOTSType/Zenject.SceneContextEditor: f5ac3d9288ab62bbf5ac3d9288ab62bb -> 
  custom:DOTSType/Unity.Entities.Disabled: ea10d702b0a42592ea10d702b0a42592 -> 
  custom:DOTSType/Unity.Entities.Editor.EntityEditor: 4502e3ccdb7ac0e04502e3ccdb7ac0e0 -> 
  custom:DOTSType/Unity.Physics.Systems.BroadphaseData: cf796e61bbb1c05fcf796e61bbb1c05f -> 
  custom:DOTSType/Unity.Entities.Editor.ArchetypesWindow: bde482c89698b5c7bde482c89698b5c7 -> 
  custom:DOTSType/Unity.Physics.PhysicsMass: dd66b9b7945f3ac7dd66b9b7945f3ac7 -> 
  custom:DOTSType/Unity.Physics.Systems.BuildPhysicsWorldData: 403d401e5c7292c3403d401e5c7292c3 -> 
  custom:DOTSType/Unity.Scenes.SceneBoundingVolume: 3407604aa951263f3407604aa951263f -> 
  custom:video-encoder-webm-vp8: eb34c28f22e8b96e1ab97ce403110664 -> 
  custom:DOTSType/Unity.Physics.Authoring.PhysicsColliderBakedData: 4b51dd6d702fa42d4b51dd6d702fa42d -> 
  custom:DOTSType/UnityEngine.SphereCollider: 82c25a73f4a3118382c25a73f4a31183 -> 
  custom:DOTSType/Unity.Scenes.SubScene: ac4196b7e94e44ecac4196b7e94e44ec -> 
  custom:DOTSType/Unity.Physics.DummyColliderFakesComponent`1[[Unity.Physics.Collider, Unity.Physics, Version=0.0.0.0, Culture=neutral, PublicKeyToken=null]]: 9b1dfcaf09a3b4529b1dfcaf09a3b452 -> 
  custom:DOTSType/Unity.Entities.Editor.HierarchyEntityChangeTracker+UnusedTag: e99f3a5fcb8d8012e99f3a5fcb8d8012 -> 
  custom:DOTSType/Unity.Physics.PhysicsMassOverride: 6fcef11ae9d1bc306fcef11ae9d1bc30 -> 
  custom:DOTSType/Unity.Entities.BlobAssetOwner: c83c63163f833390c83c63163f833390 -> 
  custom:DOTSType/Zenject.CheatSheet+Foo: 818256864703f221818256864703f221 -> 
  custom:DOTSType/Unity.Physics.Authoring.CustomPhysicsBodyTagNames: cf633e3d702fe67dcf633e3d702fe67d -> 
  custom:DOTSType/UnityEngine.CapsuleCollider: be84ea475def5c96be84ea475def5c96 -> 
  custom:DOTSType/Unity.Physics.PhysicsTemporalCoherenceTag: 078e815b3514dfd3078e815b3514dfd3 -> 
  custom:DOTSType/Unity.Entities.Editor.JournalManagerWrapperEditor: cb69e60b3422ccebcb69e60b3422cceb -> 
  custom:DOTSType/Unity.Entities.SceneReference: 93a995b4b28fc25393a995b4b28fc253 -> 
  custom:DOTSType/Unity.Entities.Editor.UnsupportedPrefabEntityEditor: 42b92ebb8c8886cf42b92ebb8c8886cf -> 
  custom:DOTSType/Unity.Entities.Serialization.DotsSerialization+NodeHeader: 2a912a6fdedc77ae2a912a6fdedc77ae -> 
  custom:DOTSType/Zenject.ZenAutoInjecter: 778eb5667a6355bc778eb5667a6355bc -> 
  custom:DOTSType/Unity.Entities.SceneSection: bdba69731fc8f3e7bdba69731fc8f3e7 -> 
  custom:DOTSType/Tanks.Patrol: af24d179ee3e03f0af24d179ee3e03f0 -> 
  custom:DOTSType/Unity.Physics.DummyColliderFakesComponent`1[[Unity.Physics.BoxCollider, Unity.Physics, Version=0.0.0.0, Culture=neutral, PublicKeyToken=null]]: f425b7fd66e06988f425b7fd66e06988 -> 
  custom:DOTSType/Unity.Entities.TransformAuthoring: d03322d6827741e8d03322d6827741e8 -> 
  custom:DOTSType/Zenject.ProjectKernel: efdc3d3e4e17fb07efdc3d3e4e17fb07 -> 
  custom:DOTSType/Tanks.TransmissionSettings: b0a3fa15cf2503fcb0a3fa15cf2503fc -> 
  custom:DOTSType/UnityEngine.ParticleSystemRenderer: 818ef389bd33d482818ef389bd33d482 -> 
  custom:DOTSType/Unity.Entities.BeginSimulationEntityCommandBufferSystem+Singleton: 5406e750b86f24a55406e750b86f24a5 -> 
  custom:DOTSType/Unity.Scenes.Editor.GlobalEntitiesDependencyInspector: 3df09afcbb66d7bb3df09afcbb66d7bb -> 
========================================================================
Received Prepare
Assembly reference Packages/com.unity.entities/Unity.Scenes.Editor/Internals/Properties/Unity.Properties.Internals.asmref has no target assembly definition
Assembly reference Packages/com.unity.entities/Unity.Scenes.Editor/Internals/Properties/Unity.Properties.Internals.asmref has no target assembly definition
Begin MonoManager ReloadAssembly
- Loaded All Assemblies, in  0.919 seconds
Refreshing native plugins compatible for Editor in 9.73 ms, found 5 plugins.
Native extension for WindowsStandalone target not found
Assembly reference Packages/com.unity.entities/Unity.Scenes.Editor/Internals/Properties/Unity.Properties.Internals.asmref has no target assembly definition
TypeManager.Initialize took: 266ms
Mono: successfully reloaded assembly
- Finished resetting the current domain, in  2.897 seconds
Domain Reload Profiling: 3811ms
	BeginReloadAssembly (278ms)
		ExecutionOrderSort (0ms)
		DisableScriptedObjects (8ms)
		BackupInstance (0ms)
		ReleaseScriptingObjects (0ms)
		CreateAndSetChildDomain (95ms)
	RebuildCommonClasses (64ms)
	RebuildNativeTypeToScriptingClass (22ms)
	initialDomainReloadingComplete (62ms)
	LoadAllAssembliesAndSetupDomain (488ms)
		LoadAssemblies (595ms)
		RebuildTransferFunctionScriptingTraits (0ms)
		AnalyzeDomain (27ms)
			TypeCache.Refresh (10ms)
				TypeCache.ScanAssembly (0ms)
			ScanForSourceGeneratedMonoScriptInfo (0ms)
			ResolveRequiredComponents (14ms)
	FinalizeReload (2898ms)
		ReleaseScriptCaches (0ms)
		RebuildScriptCaches (0ms)
		SetupLoadedEditorAssemblies (1941ms)
			LogAssemblyErrors (0ms)
			InitializePlatformSupportModulesInManaged (13ms)
			SetLoadedEditorAssemblies (12ms)
			RefreshPlugins (0ms)
			BeforeProcessingInitializeOnLoad (326ms)
			ProcessInitializeOnLoadAttributes (1213ms)
			ProcessInitializeOnLoadMethodAttributes (367ms)
			AfterProcessingInitializeOnLoad (9ms)
			EditorAssembliesLoaded (1ms)
		ExecutionOrderSort2 (0ms)
		AwakeInstancesAfterBackupRestoration (10ms)
Refreshing native plugins compatible for Editor in 15.89 ms, found 5 plugins.
Preloading 0 native plugins for Editor in 0.00 ms.
Unloading 6859 Unused Serialized files (Serialized files now loaded: 0)
Unloading 95 unused Assets / (123.5 KB). Loaded Objects now: 7338.
Memory consumption went from 221.0 MB to 220.9 MB.
Total: 10.233200 ms (FindLiveObjects: 0.929800 ms CreateObjectMapping: 1.482000 ms MarkObjects: 7.547500 ms  DeleteObjects: 0.271600 ms)

Unloading 0 Unused Serialized files (Serialized files now loaded: 0)
Unloading 0 unused Assets / (122.1 KB). Loaded Objects now: 7338.
Memory consumption went from 220.8 MB to 220.6 MB.
Total: 11.408400 ms (FindLiveObjects: 0.918100 ms CreateObjectMapping: 1.021300 ms MarkObjects: 9.318200 ms  DeleteObjects: 0.149400 ms)

Prepare: number of updated asset objects reloaded= 0
AssetImportParameters requested are different than current active one (requested -> active):
  custom:DOTSType/Zenject.MonoInstallerBase: 95f86c107dc723fe95f86c107dc723fe -> 
  custom:DOTSType/Unity.Entities.EntityGuid: 8e99211435a26d668e99211435a26d66 -> 
  custom:DOTSType/Tanks.TurretController: e7fde51fa66b4c5ee7fde51fa66b4c5e -> 
  custom:DOTSType/Unity.Entities.DefaultWorldInitializationProxy: 3bc53c9cad9070363bc53c9cad907036 -> 
  custom:container-demuxer-ogg: 62fdf1f143b41e24485cea50d1cbac27 -> 
  custom:DOTSType/Zenject.Internal.DefaultSceneContractConfig: a78f29ab0132239ca78f29ab0132239c -> 
  custom:DOTSType/Unity.Physics.EnsureUniqueColliderBlobTag: 3e3264c9c7497b3b3e3264c9c7497b3b -> 
  custom:DOTSType/Unity.Scenes.SceneEntityReference: 646ffd19b744bbdb646ffd19b744bbdb -> 
  custom:DOTSType/Unity.Entities.Hybrid.Baking.BakingOnlyEntityAuthoringBaker+BakingOnlyChildren: 9c3cc3aa8ff875949c3cc3aa8ff87594 -> 
  custom:DOTSType/Unity.Entities.EntityManager+IsolateCopiedEntities: 703c8c39c22b63af703c8c39c22b63af -> 
  custom:DOTSType/Unity.Entities.BeginVariableRateSimulationEntityCommandBufferSystem+Singleton: 40006e500ad5800440006e500ad58004 -> 
  custom:DOTSType/UnityEngine.LightProbeProxyVolume: cd06291433fcac4ccd06291433fcac4c -> 
  custom:EntityBinaryFileFormatVersion: b618570c169a919bbb95b4bd7e4084ba -> 
  custom:DOTSType/Unity.Physics.Authoring.DisplayGizmoColliderEdges+DrawWithGizmos: a6749ec75af14c28a6749ec75af14c28 -> 
  custom:DOTSType/Tanks.SkyRotation: 6a30c8e81d68dcd96a30c8e81d68dcd9 -> 
  custom:DOTSType/Unity.Entities.Editor.ComponentInfo: b6911f4bc3b03db5b6911f4bc3b03db5 -> 
  custom:DOTSType/Unity.Entities.BurstCompatibleComponentData: 1d232e8370167ced1d232e8370167ced -> 
  custom:DOTSType/Unity.Entities.RetainBlobAssetPtr: f51a437fde39ac82f51a437fde39ac82 -> 
  custom:DOTSType/Unity.Physics.Authoring.PhysicsStepAuthoring: 29ca86243fe93d3b29ca86243fe93d3b -> 
  custom:DOTSType/Unity.Entities.BakedEntity: 6cda7616df5335d16cda7616df5335d1 -> 
  custom:DOTSType/Unity.Transforms.Static: a08c19e85cdd5a49a08c19e85cdd5a49 -> 
  custom:DOTSType/Unity.Entities.Editor.InvalidEntityEditor: c09028623072dbb6c09028623072dbb6 -> 
  custom:DOTSType/UnityEngine.Collider: e796157eabb2316ee796157eabb2316e -> 
  custom:framework-win-MediaFoundation: 216162199b28c13a410421893ffa2e32 -> 
  custom:DOTSType/UnityEngine.Transform: 3954159e9eb625f23954159e9eb625f2 -> 
  custom:DOTSType/Unity.Physics.Authoring.PhysicsWorldIndexAuthoring: c35779b88bcbf0f5c35779b88bcbf0f5 -> 
  custom:DOTSType/Unity.Scenes.Editor.GameObjectSceneMetaDataImporter: 35c29e171f7f1b1235c29e171f7f1b12 -> 
  custom:DOTSType/Tanks.Wheel: 8000d516241cf2618000d516241cf261 -> 
  custom:DOTSType/Unity.Entities.Editor.EntitySelectionProxy: 640f096afb1dc192640f096afb1dc192 -> 
  custom:DOTSType/Tanks.Tests.TestInputController: da9d7109e7aa2efada9d7109e7aa2efa -> 
  custom:DOTSType/Unity.Entities.OmitLinkedEntityGroupFromPrefabInstance: d5447758848371b8d5447758848371b8 -> 
  custom:DOTSType/Unity.Entities.Editor.HierarchyWindow: 68a3d7f4e81dfa3968a3d7f4e81dfa39 -> 
  custom:DOTSType/Unity.Entities.CleanupEntity: 91c2e7742ff7a40291c2e7742ff7a402 -> 
  custom:DOTSType/Zenject.MonoKernel: ad622fbf2f55726ead622fbf2f55726e -> 
  custom:DOTSType/Zenject.DefaultGameObjectKernel: 4e750c357d05f8164e750c357d05f816 -> 
  custom:DOTSType/Zenject.GameObjectContextEditor: e47fe5c2e2a879a3e47fe5c2e2a879a3 -> 
  custom:DOTSType/Unity.Scenes.RequestSceneHeader: 539e2df9dd1c5383539e2df9dd1c5383 -> 
  custom:DOTSType/Unity.Entities.BakingOnlyEntity: 6d61bb30b0fe96a06d61bb30b0fe96a0 -> 
  custom:DOTSType/UnityEngine.ReflectionProbe: 74c5d94e403ee5bf74c5d94e403ee5bf -> 
  custom:DOTSType/Unity.Physics.Authoring.PhysicsWorldIndexBakingData: eb7993b47224fdb3eb7993b47224fdb3 -> 
  custom:DOTSType/Tanks.TankController: 5fe8cedbca51d9d55fe8cedbca51d9d5 -> 
  custom:DOTSType/Unity.Scenes.Editor.ClearEntitiesCacheWindow: ff5e4942d7943fe4ff5e4942d7943fe4 -> 
  custom:DOTSType/Unity.Entities.Serialization.DotsSerialization+TypeNamesNode: 481f56363f3115ba481f56363f3115ba -> 
  custom:DOTSType/Unity.Entities.Hybrid.Baking.BakingOnlyEntityAuthoring: b00feda2188a9371b00feda2188a9371 -> 
  custom:DOTSType/Unity.Scenes.ResolvedSectionPath: bf9e38f006f83cb7bf9e38f006f83cb7 -> 
  custom:DOTSType/Unity.Deformations.BlendShapeWeight: d26eabb95dfc9b4dd26eabb95dfc9b4d -> 
  custom:DOTSType/Unity.Scenes.ReferencedUnityObjects: b8073d4731436522b8073d4731436522 -> 
  custom:DOTSType/Unity.Physics.Authoring.PhysicsDebugDisplayAuthoring: 048169f5bbaf7cd0048169f5bbaf7cd0 -> 
  custom:DOTSType/Unity.Scenes.Editor.SubSceneInspector: 6e96e553cf64778e6e96e553cf64778e -> 
  custom:DOTSType/Unity.Physics.GraphicsIntegration.SmoothRigidBodiesGraphicalMotion+RigidBodySmoothingWorldIndex: 988440dd19a406ed988440dd19a406ed -> 
  custom:DOTSType/Unity.Physics.PhysicsConstrainedBodyPair: 37ca29e9e58c191137ca29e9e58c1911 -> 
  custom:DOTSType/Unity.Physics.ColliderBlobCleanupData: 18f3eb94199c5e3618f3eb94199c5e36 -> 
  custom:DOTSType/Unity.Physics.PhysicsDamping: 579a7188c5fb1464579a7188c5fb1464 -> 
  custom:container-muxer-webm: aa71ff27fc2769a1b78a27578f13a17b -> 
  custom:DOTSType/Unity.Entities.CompanionGameObjectUpdateTransformCleanup: 0a4e12c25aaf05e00a4e12c25aaf05e0 -> 
  custom:DOTSType/Tanks.Editor.TransmissionSettingsEditor: 5c05f270edf687155c05f270edf68715 -> 
  custom:DOTSType/Unity.Entities.EndSimulationEntityCommandBufferSystem+Singleton: 6cc3a7136f47def06cc3a7136f47def0 -> 
  custom:DOTSType/Unity.Physics.Authoring.PhysicsDebugDisplaySystem+DrawComponent: fbecd1af1d76e089fbecd1af1d76e089 -> 
  custom:video-decoder-webm-vp8: 9c59270c3fd7afecdb556c50c9e8de78 -> 
  custom:DOTSType/Zenject.GuiRenderer: 77a380f71106289e77a380f71106289e -> 
  custom:DOTSType/Zenject.AnimatorMoveHandlerManager: 48d7fbeaa25297da48d7fbeaa25297da -> 
  custom:DOTSType/UnityEngine.GameObject: aef60e3f2ae5ad9aaef60e3f2ae5ad9a -> 
  custom:SearchIndexIgnoredProperties: e643bd26f0fe6173181afceb89e7c659 -> 
  custom:DOTSAllSystemsVersion: ffb3322ebf2cc81fbcc35437f1236753 -> 
  custom:DOTSType/Unity.Physics.GraphicsIntegration.PhysicsGraphicalInterpolationBuffer: 7baea6e725f3208c7baea6e725f3208c -> 
  custom:AudioImporter_EditorPlatform: d09bf68614088b80899f8185d706f6e7 -> 
  custom:DOTSType/Tanks.Interface.CarnageSettings: 06a0f3af603600f206a0f3af603600f2 -> 
  custom:DOTSType/Zenject.ProjectContextEditor: f68c5f17562ef273f68c5f17562ef273 -> 
  custom:DOTSType/Unity.Entities.Serialization.DotsSerialization+FolderNode: 98c33d003d1b152b98c33d003d1b152b -> 
  custom:DOTSType/Unity.Entities.CompanionReference: 4de8f4179bbe96e74de8f4179bbe96e7 -> 
  custom:DOTSType/UnityEngine.VFX.VisualEffect: dc0e74262f371f63dc0e74262f371f63 -> 
  custom:DOTSType/Unity.Entities.Hybrid.Baking.AdditionalEntitiesBakingData: d81e35bf039925b8d81e35bf039925b8 -> 
  custom:DOTSType/UnityEngine.SpriteRenderer: 61a676ec163f72b161a676ec163f72b1 -> 
  custom:DOTSType/Unity.Entities.Editor.JournalingWrapperEditor: 7820ec03259d9ee57820ec03259d9ee5 -> 
  custom:DOTSType/Tanks.Tank.ProjectileTracker: 101b4b340f8400be101b4b340f8400be -> 
  custom:DOTSType/Unity.Deformations.SkinMatrix: 4b50a0962ac5e60d4b50a0962ac5e60d -> 
  custom:DOTSType/Unity.Scenes.WeakAssetReferenceLoadingData: 451a8b20bc4a35f6451a8b20bc4a35f6 -> 
  custom:DOTSType/Unity.Entities.BurstCompatibleSharedComponentData: 6239fcd2cd3b1c316239fcd2cd3b1c31 -> 
  custom:DOTSType/Unity.Physics.PhysicsCustomTags: 7d9dddf48b181c997d9dddf48b181c99 -> 
  custom:DOTSType/Zenject.SceneDecoratorContext: 47847979bf9052df47847979bf9052df -> 
  custom:DOTSType/Unity.Entities.Editor.ArchetypeWrapperEditor: fcd41c2e8cb6c202fcd41c2e8cb6c202 -> 
  custom:DOTSType/Unity.Physics.PhysicsGravityFactor: 8ab51309e4cdebcc8ab51309e4cdebcc -> 
  custom:DOTSType/Tanks.PlayerInputController: eeac7a82da062014eeac7a82da062014 -> 
  custom:DOTSType/Unity.Entities.SceneTag: 7a384971715860367a38497171586036 -> 
  custom:DOTSType/Unity.Physics.Systems.DummySimulationData: e73bf206ed8976b1e73bf206ed8976b1 -> 
  custom:DOTSType/Unity.Physics.CustomPhysicsProxyDriver: d8e4875a8f47327fd8e4875a8f47327f -> 
  custom:DOTSType/Unity.Entities.Editor.InvalidSelectionEditor: bb0f099005812d55bb0f099005812d55 -> 
  custom:DOTSType/Tanks.Interface.CarnageIndicator: 7a2a70789a91028f7a2a70789a91028f -> 
  custom:DOTSType/Unity.Physics.StepInputSingleton: f5a13022ab227cfff5a13022ab227cff -> 
  custom:DOTSType/Unity.Transforms.LocalToWorld: f07e17bb4e08548ef07e17bb4e08548e -> 
  custom:DOTSType/Unity.Entities.Prefab: 8cefcfc0e3366a618cefcfc0e3366a61 -> 
  custom:DOTSType/Unity.Transforms.PreviousParent: f7f96ed2f665f721f7f96ed2f665f721 -> 
  custom:DOTSType/Unity.Entities.EditorRenderData: 23031dfb0b685e0c23031dfb0b685e0c -> 
  custom:DOTSType/Tanks.TankGameInstaller: ab41efd1a1117644ab41efd1a1117644 -> 
  custom:DOTSType/Tanks.Tests.TestCarnageIndicator: c8904b0627773241c8904b0627773241 -> 
  custom:DOTSType/Unity.Entities.Editor.JournalEntry: fa64f1a8d5097849fa64f1a8d5097849 -> 
  custom:DOTSType/Unity.Scenes.GlobalEntitiesDependency: 272e3c9ba12b159e272e3c9ba12b159e -> 
  custom:audio-decoder-ogg-vorbis: bf7c407c2cedff20999df2af8eb42d56 -> 
  custom:ProjectSettings/EntitiesClientSettings.asset: 57fa4463d8597ee36c3803b5983b6213 -> 
  custom:DOTSType/Unity.Entities.RetainBlobAssets: e3007bd0d4f5ba8be3007bd0d4f5ba8b -> 
  custom:DOTSType/Tanks.TankAudioSystem: e0c4f60227f2a2a8e0c4f60227f2a2a8 -> 
  custom:DOTSType/Unity.Scenes.SceneSystemData: 358f9772a0e70c53358f9772a0e70c53 -> 
  custom:DOTSType/Zenject.SceneDecoratorContextEditor: ca86c2fb23338ef7ca86c2fb23338ef7 -> 
  custom:DOTSType/Unity.Physics.PhysicsWorldIndex: 44b485a5651ecbf844b485a5651ecbf8 -> 
  custom:DOTSType/Unity.Entities.EndInitializationEntityCommandBufferSystem+Singleton: 75800829e25c245f75800829e25c245f -> 
  custom:DOTSType/Unity.Entities.Build.EntitiesClientSettings: 379ca95f1f31bbbc379ca95f1f31bbbc -> 
  custom:DOTSType/Zenject.ProjectContext: 73c2192ee2a3347973c2192ee2a33479 -> 
  custom:DOTSType/Zenject.RunnableContextEditor: 761811f71f3da7bc761811f71f3da7bc -> 
  custom:DOTSType/UnityEngine.AudioSource: aed3a424fdd48d59aed3a424fdd48d59 -> 
  custom:DOTSType/Unity.Scenes.RequestEntityPrefabLoaded: fc4092a08e154a96fc4092a08e154a96 -> 
  custom:DOTSType/Unity.Entities.SystemInstance: bb0dfff8e9a48357bb0dfff8e9a48357 -> 
  custom:DOTSType/Unity.Entities.RemoveUnusedEntityInBake: 0973223cb916c16b0973223cb916c16b -> 
  custom:DOTSType/Unity.Entities.EndVariableRateSimulationEntityCommandBufferSystem+Singleton: 78d2450a82ebc20778d2450a82ebc207 -> 
  custom:DOTSType/Unity.Physics.DummyColliderFakesComponent`1[[Unity.Physics.CylinderCollider, Unity.Physics, Version=0.0.0.0, Culture=neutral, PublicKeyToken=null]]: 2d82e9daa82955bf2d82e9daa82955bf -> 
  custom:audio-encoder-webm-vorbis: bf7c407c2cedff20999df2af8eb42d56 -> 
  custom:DOTSType/Unity.Entities.BeginFixedStepSimulationEntityCommandBufferSystem+Singleton: 5857035820ee1e635857035820ee1e63 -> 
  custom:DOTSType/Unity.Physics.PhysicsJointCompanion: 655fde98af64ce94655fde98af64ce94 -> 
  custom:DOTSType/Unity.Scenes.WeakAssetPrefabLoadRequest: b6d72391c4d3d049b6d72391c4d3d049 -> 
  custom:DOTSType/Tanks.Legacy.LegacyTransmissionSettings: 84b2093787e9240c84b2093787e9240c -> 
  custom:DOTSType/Tanks.Legacy.Editor.LegacyTransmissionSettingsEditor: f063a9f322024a22f063a9f322024a22 -> 
  custom:DOTSType/Zenject.ScriptableObjectInstallerBase: 564d9b68561bb94d564d9b68561bb94d -> 
  custom:DOTSType/Unity.Physics.Editor.CustomPhysicsBodyTagNamesEditor: 5e056a649e13a00c5e056a649e13a00c -> 
  custom:DOTSType/Unity.Physics.PhysicsWorldSingleton: 90bad7c95a54d00590bad7c95a54d005 -> 
  custom:DOTSType/Unity.Entities.BurstCompatibleBufferElement: 9256282cac425e579256282cac425e57 -> 
  custom:DOTSType/Unity.Entities.CompanionLink: 4813070be25c6d6a4813070be25c6d6a -> 
  custom:DOTSType/Unity.Physics.DummyColliderFakesComponent`1[[Unity.Physics.PolygonCollider, Unity.Physics, Version=0.0.0.0, Culture=neutral, PublicKeyToken=null]]: 3f38e3dc511d48d23f38e3dc511d48d2 -> 
  custom:SceneMetaDataFileFormatVersion: 18e216f4893c3ae43d5b4b3a88de92ca -> 
  custom:DOTSType/Unity.Entities.Editor.SystemScheduleWindow: dfecb8af58c97f0adfecb8af58c97f0a -> 
  custom:DOTSType/Unity.Physics.PhysicsColliderKeyEntityPair: e3185876db01deade3185876db01dead -> 
  custom:DOTSType/Zenject.ContextEditor: 0791a612a42c17bc0791a612a42c17bc -> 
  custom:DOTSType/Zenject.AnimatorIkHandlerManager: 6bf1f62125213c446bf1f62125213c44 -> 
  custom:DOTSType/Unity.Transforms.LocalTransform: d07f194ee4791f00d07f194ee4791f00 -> 
  custom:DOTSType/Unity.Physics.PhysicsJoint: e49afdd9ec82159fe49afdd9ec82159f -> 
  custom:DOTSType/Unity.Scenes.PrefabAssetReference: 924b87ecab3719ce924b87ecab3719ce -> 
  custom:DOTSType/UnityEngine.Rigidbody: 90d4f52b90e97d3190d4f52b90e97d31 -> 
  custom:DOTSType/Unity.Transforms.PostTransformMatrix: d5b773053bc4fc92d5b773053bc4fc92 -> 
  custom:DOTSType/Unity.Entities.WorldTime: efd6631e6d47e1c0efd6631e6d47e1c0 -> 
  custom:DOTSType/Unity.Entities.Editor.ComponentsWindow: f3a47022486a5e37f3a47022486a5e37 -> 
  custom:DOTSType/Unity.Entities.Editor.JournalManager: bd6303929aef5048bd6303929aef5048 -> 
  custom:DOTSType/Zenject.SceneKernel: 14c92f57ead5fa5a14c92f57ead5fa5a -> 
  custom:DOTSType/Unity.Scenes.Editor.SubSceneImporter: fbc2a6bb48307f94fbc2a6bb48307f94 -> 
  custom:DOTSType/UnityEngine.Light: 47f771faf20222f647f771faf20222f6 -> 
  custom:DOTSType/Unity.Entities.EndFixedStepSimulationEntityCommandBufferSystem+Singleton: 903138f233c08b6f903138f233c08b6f -> 
  custom:DOTSType/Unity.Entities.Hybrid.Baking.LinkedEntityGroupAuthoring: 463b7158f57f2778463b7158f57f2778 -> 
  custom:DOTSType/Unity.Entities.BeginInitializationEntityCommandBufferSystem+Singleton: 1dafdf6276a3f02d1dafdf6276a3f02d -> 
  custom:DOTSType/Unity.Physics.SimulationSingleton: 2c12c15cc1aaefd42c12c15cc1aaefd4 -> 
  custom:DOTSType/Unity.Transforms.Child: 5a0b111d3c5ef1ef5a0b111d3c5ef1ef -> 
  custom:DOTSType/Unity.Entities.Editor.ComponentWrapperEditor: 8a0108ac83962ca58a0108ac83962ca5 -> 
  custom:video-codec-MediaFoundation-h265: 746d11721c4dcdbdad8f713fa42b33f4 -> 
  custom:DOTSType/Unity.Entities.SceneSectionData: eeed08dab67953cbeeed08dab67953cb -> 
  custom:DOTSType/Tanks.EffectPool: b07fd26d384c1aadb07fd26d384c1aad -> 
  custom:DOTSType/Zenject.Context: 7a9b164638a7c5fb7a9b164638a7c5fb -> 
  custom:DOTSType/Unity.Entities.Editor.EntitiesJournalingWindow: fb6228252c0089dcfb6228252c0089dc -> 
  custom:video-decoder-ogg-theora: a1e56fd34408186e4bbccfd4996cb3dc -> 
  custom:DOTSType/Unity.Scenes.ResolvedSceneHash: 10c2d6fb478167a310c2d6fb478167a3 -> 
  custom:DOTSType/Unity.Scenes.SceneSectionStreamingData: 01ac29b86b18dacf01ac29b86b18dacf -> 
  custom:DOTSType/Zenject.ZenjectStateMachineBehaviourAutoInjecter: bc2fa2415d8a8ef6bc2fa2415d8a8ef6 -> 
  custom:DOTSType/Unity.Entities.AdditionalEntityParent: a24d1678b03f0479a24d1678b03f0479 -> 
  custom:DOTSType/Unity.Entities.Simulate: e0c92315ec24632de0c92315ec24632d -> 
  custom:DOTSType/Unity.Physics.PhysicsVelocity: eae7719776411411eae7719776411411 -> 
  custom:DOTSType/Unity.Entities.Editor.SystemWrapperEditor: 8c892c6354f3a3138c892c6354f3a313 -> 
  custom:DOTSType/Unity.Entities.RetainBlobAssetBatchPtr: 14017b765908ee1d14017b765908ee1d -> 
  custom:DOTSType/Zenject.ZenjectBinding: 0569f6cfa9645a6e0569f6cfa9645a6e -> 
  custom:DOTSType/Tanks.Tests.TestCarnageIndicator+TestCarnageIndicatorEditor: a518ed1603ea4192a518ed1603ea4192 -> 
  custom:DOTSType/Unity.Physics.Authoring.CustomPhysicsProxyAuthoring: 90a4b67ea7c61e0c90a4b67ea7c61e0c -> 
  custom:DOTSType/Unity.Physics.Authoring.PhysicsMeshAuthoringData: 07c891dbd84b5d1c07c891dbd84b5d1c -> 
  custom:DOTSType/Unity.Scenes.LiveConversionPatcher+LiveConvertedSceneCleanup: 97dadd0f05dbc86997dadd0f05dbc869 -> 
  custom:DOTSType/UnityEngine.MeshCollider: 745c145fdcf1939e745c145fdcf1939e -> 
  custom:DOTSType/Unity.Physics.Authoring.ForceUniqueColliderAuthoring: 34be871ed7a74d6234be871ed7a74d62 -> 
  custom:DOTSType/Zenject.GameObjectContext: 694c79f9ded4c948694c79f9ded4c948 -> 
  custom:DOTSType/Unity.Physics.DummyColliderFakesComponent`1[[Unity.Physics.CapsuleCollider, Unity.Physics, Version=0.0.0.0, Culture=neutral, PublicKeyToken=null]]: 840aede77f375b4f840aede77f375b4f -> 
  custom:DOTSType/Unity.Physics.Authoring.StaticOptimizePhysicsBaking: f3a03d29cca9ceabf3a03d29cca9ceab -> 
  custom:DOTSType/Unity.Scenes.DisableLiveConversion: 543070e84ec00e2c543070e84ec00e2c -> 
  custom:DOTSType/Unity.Physics.Authoring.PhysicsCompoundData: 41f933035064165d41f933035064165d -> 
  custom:DOTSType/Tanks.AudioPool: 65d2a3a778887e6e65d2a3a778887e6e -> 
  custom:DOTSType/Unity.Physics.DummyColliderFakesComponent`1[[Unity.Physics.SphereCollider, Unity.Physics, Version=0.0.0.0, Culture=neutral, PublicKeyToken=null]]: 4818ec4955a46c414818ec4955a46c41 -> 
  custom:DOTSType/Unity.Transforms.Parent: 00b45826652a5ec600b45826652a5ec6 -> 
  custom:DOTSType/Unity.Physics.PhysicsCollider: 00548c0f8c0147a000548c0f8c0147a0 -> 
  custom:DOTSType/Unity.Physics.Authoring.PhysicsRootBaked: a150145af5348f6da150145af5348f6d -> 
  custom:DOTSType/Unity.Scenes.ResolveSceneReferenceSystem+AssetDependencyTrackerState: b2d132c8f66d836db2d132c8f66d836d -> 
  custom:DOTSType/Unity.Entities.CompanionLinkTransform: e392322015c13880e392322015c13880 -> 
  custom:DOTSType/Unity.Entities.Serialization.DotsSerialization+RevisionedRawDataNode: 7e711ae70d27259d7e711ae70d27259d -> 
  custom:CustomObjectIndexerAttribute: 9a22284fe3817be447336de3de66b15e -> 
  custom:DOTSType/Tanks.Projectile: 620e548336351b1d620e548336351b1d -> 
  custom:DOTSType/Unity.Physics.GraphicsIntegration.MostRecentFixedTime: 6c4396236e6646a76c4396236e6646a7 -> 
  custom:DOTSType/UnityEngine.ParticleSystem: 28fa60303afd747328fa60303afd7473 -> 
  custom:DOTSType/Unity.Physics.DummyColliderFakesComponent`1[[Unity.Physics.ConvexCollider, Unity.Physics, Version=0.0.0.0, Culture=neutral, PublicKeyToken=null]]: d00615a7bde8681ed00615a7bde8681e -> 
  custom:DOTSType/Unity.Physics.DummyColliderFakesComponent`1[[Unity.Physics.MeshCollider, Unity.Physics, Version=0.0.0.0, Culture=neutral, PublicKeyToken=null]]: 52b224b25d7c5a2552b224b25d7c5a25 -> 
  custom:container-demuxer-webm: 4f35f7cbe854078d1ac9338744f61a02 -> 
  custom:DOTSType/Unity.Entities.PrefabRoot: ea04b60a31090316ea04b60a31090316 -> 
  custom:DOTSType/Unity.Entities.RequestSceneLoaded: 62c081c918aff6ee62c081c918aff6ee -> 
  custom:DOTSType/Unity.Entities.BeginPresentationEntityCommandBufferSystem+Singleton: cbef056a920a5eadcbef056a920a5ead -> 
  custom:DOTSType/Unity.Entities.ChunkHeader: 490bb3205bb29fe6490bb3205bb29fe6 -> 
  custom:DOTSType/Unity.Scenes.IsSectionLoaded: 2e3c12f14f7600232e3c12f14f760023 -> 
  custom:DOTSType/Unity.Entities.Editor.SystemInfo: e869e7d857e70a99e869e7d857e70a99 -> 
  custom:DOTSType/Zenject.MonoInstaller: d4f508a97531178fd4f508a97531178f -> 
  custom:DOTSType/Unity.Entities.WorldTimeQueue: 48ce29752c66702348ce29752c667023 -> 
  custom:DOTSType/Unity.Entities.StaticOptimizeEntity: 346cca765bf51c72346cca765bf51c72 -> 
  custom:DOTSType/Unity.Entities.SectionMetadataSetup: 75ea136fdb0e54ba75ea136fdb0e54ba -> 
  custom:DOTSType/Tanks.ProjectilePool: ae6caa17fe3924ceae6caa17fe3924ce -> 
  custom:DOTSType/Unity.Scenes.SceneSectionReferencedUnityObjects: 2797689ad57679a22797689ad57679a2 -> 
  custom:DOTSType/Unity.Physics.Editor.PhysicsStepAuthoringEditor: b0470546a7982481b0470546a7982481 -> 
  custom:DOTSType/Unity.Physics.GraphicsIntegration.PhysicsRenderEntity: 17b73fa380da9cf517b73fa380da9cf5 -> 
  custom:DOTSType/Unity.Entities.Hybrid.Baking.LinkedEntityGroupBakingData: cd33507256493e18cd33507256493e18 -> 
  custom:DOTSType/UnityEngine.LODGroup: 15ad22bb5260348e15ad22bb5260348e -> 
  custom:DOTSType/Tanks.BaseInputController: 7c3584087687be277c3584087687be27 -> 
  custom:DOTSType/Unity.Entities.Editor.HierarchySelectionContext: eb8c02bbb8571091eb8c02bbb8571091 -> 
  custom:DOTSType/Unity.Physics.DummyColliderFakesComponent`1[[Unity.Physics.CompoundCollider, Unity.Physics, Version=0.0.0.0, Culture=neutral, PublicKeyToken=null]]: f0b0c805df9aab48f0b0c805df9aab48 -> 
  custom:DOTSType/Unity.Physics.Authoring.PhysicsColliderAuthoringData: 237ab57c84eb023d237ab57c84eb023d -> 
  custom:DOTSType/Unity.Entities.Entity: 295b0c964d12026f295b0c964d12026f -> 
  custom:DOTSType/Unity.Physics.DummyColliderFakesComponent`1[[Unity.Physics.TerrainCollider, Unity.Physics, Version=0.0.0.0, Culture=neutral, PublicKeyToken=null]]: 76d2966f42dff4df76d2966f42dff4df -> 
  custom:DOTSType/Unity.Scenes.PublicEntityRef: b380cfe1712d4500b380cfe1712d4500 -> 
  custom:DOTSType/Unity.Entities.Asset: 5205195e4c6bea1c5205195e4c6bea1c -> 
  custom:DOTSType/Unity.Physics.GraphicsIntegration.PhysicsGraphicalSmoothing: 1a649a11034ac6061a649a11034ac606 -> 
  custom:DOTSType/Unity.Physics.Systems.PhysicsAnalyticsSingleton: 261d1a0e3f762c88261d1a0e3f762c88 -> 
  custom:DOTSType/Unity.Physics.PhysicsTemporalCoherenceInfo: dd862a3ef5746267dd862a3ef5746267 -> 
  custom:DOTSType/Tanks.EffectPoolContainer: bf19857e7a596a2bbf19857e7a596a2b -> 
  custom:DOTSType/Unity.Physics.PhysicsStep: 4ca665c06bcf89ca4ca665c06bcf89ca -> 
  custom:DOTSType/UnityEngine.TextMesh: 6784c791d05273aa6784c791d05273aa -> 
  custom:DOTSType/Unity.Entities.CompanionGameObjectActiveCleanup: 4ff09409f1cce51f4ff09409f1cce51f -> 
  custom:DOTSType/Tanks.ReloadIndicator: 83d1d641d15e1d5483d1d641d15e1d54 -> 
  custom:DOTSType/Zenject.RunnableContext: f37beb99d06e39fbf37beb99d06e39fb -> 
  custom:DOTSType/Unity.Physics.Authoring.PhysicsDebugDisplayData: 0cdccf70b9e5e20d0cdccf70b9e5e20d -> 
  custom:DOTSType/Unity.Scenes.AssetObjectManifest: 84d682f40d46c88184d682f40d46c881 -> 
  custom:DOTSType/Unity.Entities.PostLoadCommandBuffer: d658541e4a41540dd658541e4a41540d -> 
  custom:DOTSType/Unity.Entities.Editor.ArchetypeInfo: b8b1bbcc600f6437b8b1bbcc600f6437 -> 
  custom:DOTSType/Tanks.Interface.Speedometer: 158cdf1f7f3d0d9c158cdf1f7f3d0d9c -> 
  custom:DOTSType/Tanks.BattleRam: 87a27f4ae62d951387a27f4ae62d9513 -> 
  custom:DOTSType/UnityEngine.BoxCollider: 8e5b85c4fec088d48e5b85c4fec088d4 -> 
  custom:DOTSType/Unity.Entities.Serialization.ExternalEntityReference: 415f45c8b00c90a4415f45c8b00c90a4 -> 
  custom:DOTSType/Unity.Entities.SceneSectionComponent: 22f65411cbba718222f65411cbba7182 -> 
  custom:DOTSType/Unity.Scenes.PrefabLoadResult: 71615367c37f030371615367c37f0303 -> 
  custom:DOTSType/Unity.Scenes.SceneSectionStreamingSystem+StreamingState: 7014161ec3350ad07014161ec3350ad0 -> 
  custom:DOTSType/Unity.Entities.Editor.UnsupportedEntityEditor: f4c4238e5d78020af4c4238e5d78020a -> 
  custom:DOTSType/Unity.Scenes.ResolvedSectionEntity: e83509e6ef73df7ae83509e6ef73df7a -> 
  custom:DOTSType/Unity.Scenes.DisableSceneResolveAndLoad: 41c98fa73f31b21a41c98fa73f31b21a -> 
  custom:DOTSType/Unity.Entities.LinkedEntityGroup: c1b61ecd5260e852c1b61ecd5260e852 -> 
  custom:DOTSType/Unity.Physics.Authoring.RigidbodyBakingData: 66caf1f3818b52fc66caf1f3818b52fc -> 
  custom:DOTSType/Zenject.ScriptableObjectInstaller: 47201fb43b11147d47201fb43b11147d -> 
  custom:DOTSType/Unity.Physics.Authoring.DetailedStaticMeshCollisionAuthoring: 35a7576e30820a5e35a7576e30820a5e -> 
  custom:DOTSType/Unity.Entities.Editor.UnsupportedGameObjectEditor: 5cff923fd1c387e15cff923fd1c387e1 -> 
  custom:DOTSType/Tanks.CinemachineInputCustomProvider: 53bf68681542a65453bf68681542a654 -> 
  custom:DOTSType/Zenject.SceneContext: 30c70a59093b925c30c70a59093b925c -> 
  custom:DOTSType/UnityEngine.MeshRenderer: 77aa4cb33b84a90377aa4cb33b84a903 -> 
  custom:DOTSType/Unity.Physics.Authoring.BakeStaticRoot: ac81d98288eb78feac81d98288eb78fe -> 
  custom:DOTSType/Unity.Entities.Serialization.DotsSerialization+StringTableNode: db9aacf636d95b56db9aacf636d95b56 -> 
  custom:DOTSType/Zenject.SceneContextEditor: f5ac3d9288ab62bbf5ac3d9288ab62bb -> 
  custom:DOTSType/Unity.Entities.Disabled: ea10d702b0a42592ea10d702b0a42592 -> 
  custom:DOTSType/Unity.Entities.Editor.EntityEditor: 4502e3ccdb7ac0e04502e3ccdb7ac0e0 -> 
  custom:DOTSType/Unity.Physics.Systems.BroadphaseData: cf796e61bbb1c05fcf796e61bbb1c05f -> 
  custom:DOTSType/Unity.Entities.Editor.ArchetypesWindow: bde482c89698b5c7bde482c89698b5c7 -> 
  custom:DOTSType/Unity.Physics.PhysicsMass: dd66b9b7945f3ac7dd66b9b7945f3ac7 -> 
  custom:DOTSType/Unity.Physics.Systems.BuildPhysicsWorldData: 403d401e5c7292c3403d401e5c7292c3 -> 
  custom:DOTSType/Unity.Scenes.SceneBoundingVolume: 3407604aa951263f3407604aa951263f -> 
  custom:video-encoder-webm-vp8: eb34c28f22e8b96e1ab97ce403110664 -> 
  custom:DOTSType/Unity.Physics.Authoring.PhysicsColliderBakedData: 4b51dd6d702fa42d4b51dd6d702fa42d -> 
  custom:DOTSType/UnityEngine.SphereCollider: 82c25a73f4a3118382c25a73f4a31183 -> 
  custom:DOTSType/Unity.Scenes.SubScene: ac4196b7e94e44ecac4196b7e94e44ec -> 
  custom:DOTSType/Unity.Physics.DummyColliderFakesComponent`1[[Unity.Physics.Collider, Unity.Physics, Version=0.0.0.0, Culture=neutral, PublicKeyToken=null]]: 9b1dfcaf09a3b4529b1dfcaf09a3b452 -> 
  custom:DOTSType/Unity.Entities.Editor.HierarchyEntityChangeTracker+UnusedTag: e99f3a5fcb8d8012e99f3a5fcb8d8012 -> 
  custom:DOTSType/Unity.Physics.PhysicsMassOverride: 6fcef11ae9d1bc306fcef11ae9d1bc30 -> 
  custom:DOTSType/Unity.Entities.BlobAssetOwner: c83c63163f833390c83c63163f833390 -> 
  custom:DOTSType/Zenject.CheatSheet+Foo: 818256864703f221818256864703f221 -> 
  custom:DOTSType/Unity.Physics.Authoring.CustomPhysicsBodyTagNames: cf633e3d702fe67dcf633e3d702fe67d -> 
  custom:DOTSType/UnityEngine.CapsuleCollider: be84ea475def5c96be84ea475def5c96 -> 
  custom:DOTSType/Unity.Physics.PhysicsTemporalCoherenceTag: 078e815b3514dfd3078e815b3514dfd3 -> 
  custom:DOTSType/Unity.Entities.Editor.JournalManagerWrapperEditor: cb69e60b3422ccebcb69e60b3422cceb -> 
  custom:DOTSType/Unity.Entities.SceneReference: 93a995b4b28fc25393a995b4b28fc253 -> 
  custom:DOTSType/Unity.Entities.Editor.UnsupportedPrefabEntityEditor: 42b92ebb8c8886cf42b92ebb8c8886cf -> 
  custom:DOTSType/Unity.Entities.Serialization.DotsSerialization+NodeHeader: 2a912a6fdedc77ae2a912a6fdedc77ae -> 
  custom:DOTSType/Zenject.ZenAutoInjecter: 778eb5667a6355bc778eb5667a6355bc -> 
  custom:DOTSType/Unity.Entities.SceneSection: bdba69731fc8f3e7bdba69731fc8f3e7 -> 
  custom:DOTSType/Tanks.Patrol: af24d179ee3e03f0af24d179ee3e03f0 -> 
  custom:DOTSType/Unity.Physics.DummyColliderFakesComponent`1[[Unity.Physics.BoxCollider, Unity.Physics, Version=0.0.0.0, Culture=neutral, PublicKeyToken=null]]: f425b7fd66e06988f425b7fd66e06988 -> 
  custom:DOTSType/Unity.Entities.TransformAuthoring: d03322d6827741e8d03322d6827741e8 -> 
  custom:DOTSType/Zenject.ProjectKernel: efdc3d3e4e17fb07efdc3d3e4e17fb07 -> 
  custom:DOTSType/Tanks.TransmissionSettings: b0a3fa15cf2503fcb0a3fa15cf2503fc -> 
  custom:DOTSType/UnityEngine.ParticleSystemRenderer: 818ef389bd33d482818ef389bd33d482 -> 
  custom:DOTSType/Unity.Entities.BeginSimulationEntityCommandBufferSystem+Singleton: 5406e750b86f24a55406e750b86f24a5 -> 
  custom:DOTSType/Unity.Scenes.Editor.GlobalEntitiesDependencyInspector: 3df09afcbb66d7bb3df09afcbb66d7bb -> 
========================================================================
Received Prepare
Assembly reference Packages/com.unity.entities/Unity.Scenes.Editor/Internals/Properties/Unity.Properties.Internals.asmref has no target assembly definition
Assembly reference Packages/com.unity.entities/Unity.Scenes.Editor/Internals/Properties/Unity.Properties.Internals.asmref has no target assembly definition
Begin MonoManager ReloadAssembly
- Loaded All Assemblies, in  0.898 seconds
Refreshing native plugins compatible for Editor in 10.15 ms, found 5 plugins.
Native extension for WindowsStandalone target not found
Assembly reference Packages/com.unity.entities/Unity.Scenes.Editor/Internals/Properties/Unity.Properties.Internals.asmref has no target assembly definition
TypeManager.Initialize took: 335ms
Mono: successfully reloaded assembly
- Finished resetting the current domain, in  3.042 seconds
Domain Reload Profiling: 3937ms
	BeginReloadAssembly (297ms)
		ExecutionOrderSort (0ms)
		DisableScriptedObjects (10ms)
		BackupInstance (0ms)
		ReleaseScriptingObjects (0ms)
		CreateAndSetChildDomain (106ms)
	RebuildCommonClasses (42ms)
	RebuildNativeTypeToScriptingClass (14ms)
	initialDomainReloadingComplete (57ms)
	LoadAllAssembliesAndSetupDomain (484ms)
		LoadAssemblies (597ms)
		RebuildTransferFunctionScriptingTraits (0ms)
		AnalyzeDomain (24ms)
			TypeCache.Refresh (8ms)
				TypeCache.ScanAssembly (0ms)
			ScanForSourceGeneratedMonoScriptInfo (0ms)
			ResolveRequiredComponents (13ms)
	FinalizeReload (3043ms)
		ReleaseScriptCaches (0ms)
		RebuildScriptCaches (0ms)
		SetupLoadedEditorAssemblies (2092ms)
			LogAssemblyErrors (0ms)
			InitializePlatformSupportModulesInManaged (10ms)
			SetLoadedEditorAssemblies (12ms)
			RefreshPlugins (0ms)
			BeforeProcessingInitializeOnLoad (310ms)
			ProcessInitializeOnLoadAttributes (1358ms)
			ProcessInitializeOnLoadMethodAttributes (390ms)
			AfterProcessingInitializeOnLoad (11ms)
			EditorAssembliesLoaded (1ms)
		ExecutionOrderSort2 (0ms)
		AwakeInstancesAfterBackupRestoration (9ms)
Refreshing native plugins compatible for Editor in 7.83 ms, found 5 plugins.
Preloading 0 native plugins for Editor in 0.00 ms.
Unloading 6859 Unused Serialized files (Serialized files now loaded: 0)
Unloading 95 unused Assets / (123.6 KB). Loaded Objects now: 7339.
Memory consumption went from 221.0 MB to 220.9 MB.
Total: 6.205000 ms (FindLiveObjects: 0.730400 ms CreateObjectMapping: 0.511100 ms MarkObjects: 4.799600 ms  DeleteObjects: 0.162600 ms)

Unloading 0 Unused Serialized files (Serialized files now loaded: 0)
Unloading 0 unused Assets / (138.0 KB). Loaded Objects now: 7339.
Memory consumption went from 220.8 MB to 220.6 MB.
Total: 5.980300 ms (FindLiveObjects: 0.697300 ms CreateObjectMapping: 0.490800 ms MarkObjects: 4.693900 ms  DeleteObjects: 0.097300 ms)

Prepare: number of updated asset objects reloaded= 0
AssetImportParameters requested are different than current active one (requested -> active):
  custom:DOTSType/Zenject.MonoInstallerBase: 95f86c107dc723fe95f86c107dc723fe -> 
  custom:DOTSType/Unity.Entities.EntityGuid: 8e99211435a26d668e99211435a26d66 -> 
  custom:DOTSType/Tanks.TurretController: e7fde51fa66b4c5ee7fde51fa66b4c5e -> 
  custom:DOTSType/Unity.Entities.DefaultWorldInitializationProxy: 3bc53c9cad9070363bc53c9cad907036 -> 
  custom:container-demuxer-ogg: 62fdf1f143b41e24485cea50d1cbac27 -> 
  custom:DOTSType/Zenject.Internal.DefaultSceneContractConfig: a78f29ab0132239ca78f29ab0132239c -> 
  custom:DOTSType/Unity.Physics.EnsureUniqueColliderBlobTag: 3e3264c9c7497b3b3e3264c9c7497b3b -> 
  custom:DOTSType/Unity.Scenes.SceneEntityReference: 646ffd19b744bbdb646ffd19b744bbdb -> 
  custom:DOTSType/Unity.Entities.Hybrid.Baking.BakingOnlyEntityAuthoringBaker+BakingOnlyChildren: 9c3cc3aa8ff875949c3cc3aa8ff87594 -> 
  custom:DOTSType/Unity.Entities.EntityManager+IsolateCopiedEntities: 703c8c39c22b63af703c8c39c22b63af -> 
  custom:DOTSType/Unity.Entities.BeginVariableRateSimulationEntityCommandBufferSystem+Singleton: 40006e500ad5800440006e500ad58004 -> 
  custom:DOTSType/UnityEngine.LightProbeProxyVolume: cd06291433fcac4ccd06291433fcac4c -> 
  custom:EntityBinaryFileFormatVersion: b618570c169a919bbb95b4bd7e4084ba -> 
  custom:DOTSType/Unity.Physics.Authoring.DisplayGizmoColliderEdges+DrawWithGizmos: a6749ec75af14c28a6749ec75af14c28 -> 
  custom:DOTSType/Tanks.SkyRotation: 6a30c8e81d68dcd96a30c8e81d68dcd9 -> 
  custom:DOTSType/Unity.Entities.Editor.ComponentInfo: b6911f4bc3b03db5b6911f4bc3b03db5 -> 
  custom:DOTSType/Unity.Entities.BurstCompatibleComponentData: 1d232e8370167ced1d232e8370167ced -> 
  custom:DOTSType/Unity.Entities.RetainBlobAssetPtr: f51a437fde39ac82f51a437fde39ac82 -> 
  custom:DOTSType/Unity.Physics.Authoring.PhysicsStepAuthoring: 29ca86243fe93d3b29ca86243fe93d3b -> 
  custom:DOTSType/Unity.Entities.BakedEntity: 6cda7616df5335d16cda7616df5335d1 -> 
  custom:DOTSType/Unity.Transforms.Static: a08c19e85cdd5a49a08c19e85cdd5a49 -> 
  custom:DOTSType/Unity.Entities.Editor.InvalidEntityEditor: c09028623072dbb6c09028623072dbb6 -> 
  custom:DOTSType/UnityEngine.Collider: e796157eabb2316ee796157eabb2316e -> 
  custom:framework-win-MediaFoundation: 216162199b28c13a410421893ffa2e32 -> 
  custom:DOTSType/UnityEngine.Transform: 3954159e9eb625f23954159e9eb625f2 -> 
  custom:DOTSType/Unity.Physics.Authoring.PhysicsWorldIndexAuthoring: c35779b88bcbf0f5c35779b88bcbf0f5 -> 
  custom:DOTSType/Unity.Scenes.Editor.GameObjectSceneMetaDataImporter: 35c29e171f7f1b1235c29e171f7f1b12 -> 
  custom:DOTSType/Tanks.Wheel: 8000d516241cf2618000d516241cf261 -> 
  custom:DOTSType/Unity.Entities.Editor.EntitySelectionProxy: 640f096afb1dc192640f096afb1dc192 -> 
  custom:DOTSType/Tanks.Tests.TestInputController: da9d7109e7aa2efada9d7109e7aa2efa -> 
  custom:DOTSType/Unity.Entities.OmitLinkedEntityGroupFromPrefabInstance: d5447758848371b8d5447758848371b8 -> 
  custom:DOTSType/Unity.Entities.Editor.HierarchyWindow: 68a3d7f4e81dfa3968a3d7f4e81dfa39 -> 
  custom:DOTSType/Unity.Entities.CleanupEntity: 91c2e7742ff7a40291c2e7742ff7a402 -> 
  custom:DOTSType/Zenject.MonoKernel: ad622fbf2f55726ead622fbf2f55726e -> 
  custom:DOTSType/Zenject.DefaultGameObjectKernel: 4e750c357d05f8164e750c357d05f816 -> 
  custom:DOTSType/Zenject.GameObjectContextEditor: e47fe5c2e2a879a3e47fe5c2e2a879a3 -> 
  custom:DOTSType/Unity.Scenes.RequestSceneHeader: 539e2df9dd1c5383539e2df9dd1c5383 -> 
  custom:DOTSType/Unity.Entities.BakingOnlyEntity: 6d61bb30b0fe96a06d61bb30b0fe96a0 -> 
  custom:DOTSType/UnityEngine.ReflectionProbe: 74c5d94e403ee5bf74c5d94e403ee5bf -> 
  custom:DOTSType/Unity.Physics.Authoring.PhysicsWorldIndexBakingData: eb7993b47224fdb3eb7993b47224fdb3 -> 
  custom:DOTSType/Tanks.TankController: 5fe8cedbca51d9d55fe8cedbca51d9d5 -> 
  custom:DOTSType/Unity.Scenes.Editor.ClearEntitiesCacheWindow: ff5e4942d7943fe4ff5e4942d7943fe4 -> 
  custom:DOTSType/Unity.Entities.Serialization.DotsSerialization+TypeNamesNode: 481f56363f3115ba481f56363f3115ba -> 
  custom:DOTSType/Unity.Entities.Hybrid.Baking.BakingOnlyEntityAuthoring: b00feda2188a9371b00feda2188a9371 -> 
  custom:DOTSType/Unity.Scenes.ResolvedSectionPath: bf9e38f006f83cb7bf9e38f006f83cb7 -> 
  custom:DOTSType/Unity.Deformations.BlendShapeWeight: d26eabb95dfc9b4dd26eabb95dfc9b4d -> 
  custom:DOTSType/Unity.Scenes.ReferencedUnityObjects: b8073d4731436522b8073d4731436522 -> 
  custom:DOTSType/Unity.Physics.Authoring.PhysicsDebugDisplayAuthoring: 048169f5bbaf7cd0048169f5bbaf7cd0 -> 
  custom:DOTSType/Unity.Scenes.Editor.SubSceneInspector: 6e96e553cf64778e6e96e553cf64778e -> 
  custom:DOTSType/Unity.Physics.GraphicsIntegration.SmoothRigidBodiesGraphicalMotion+RigidBodySmoothingWorldIndex: 988440dd19a406ed988440dd19a406ed -> 
  custom:DOTSType/Unity.Physics.PhysicsConstrainedBodyPair: 37ca29e9e58c191137ca29e9e58c1911 -> 
  custom:DOTSType/Unity.Physics.ColliderBlobCleanupData: 18f3eb94199c5e3618f3eb94199c5e36 -> 
  custom:DOTSType/Unity.Physics.PhysicsDamping: 579a7188c5fb1464579a7188c5fb1464 -> 
  custom:container-muxer-webm: aa71ff27fc2769a1b78a27578f13a17b -> 
  custom:DOTSType/Unity.Entities.CompanionGameObjectUpdateTransformCleanup: 0a4e12c25aaf05e00a4e12c25aaf05e0 -> 
  custom:DOTSType/Tanks.Editor.TransmissionSettingsEditor: 5c05f270edf687155c05f270edf68715 -> 
  custom:DOTSType/Unity.Entities.EndSimulationEntityCommandBufferSystem+Singleton: 6cc3a7136f47def06cc3a7136f47def0 -> 
  custom:DOTSType/Unity.Physics.Authoring.PhysicsDebugDisplaySystem+DrawComponent: fbecd1af1d76e089fbecd1af1d76e089 -> 
  custom:video-decoder-webm-vp8: 9c59270c3fd7afecdb556c50c9e8de78 -> 
  custom:DOTSType/Zenject.GuiRenderer: 77a380f71106289e77a380f71106289e -> 
  custom:DOTSType/Zenject.AnimatorMoveHandlerManager: 48d7fbeaa25297da48d7fbeaa25297da -> 
  custom:DOTSType/UnityEngine.GameObject: aef60e3f2ae5ad9aaef60e3f2ae5ad9a -> 
  custom:SearchIndexIgnoredProperties: e643bd26f0fe6173181afceb89e7c659 -> 
  custom:DOTSAllSystemsVersion: ffb3322ebf2cc81fbcc35437f1236753 -> 
  custom:DOTSType/Unity.Physics.GraphicsIntegration.PhysicsGraphicalInterpolationBuffer: 7baea6e725f3208c7baea6e725f3208c -> 
  custom:AudioImporter_EditorPlatform: d09bf68614088b80899f8185d706f6e7 -> 
  custom:DOTSType/Tanks.Interface.CarnageSettings: 06a0f3af603600f206a0f3af603600f2 -> 
  custom:DOTSType/Zenject.ProjectContextEditor: f68c5f17562ef273f68c5f17562ef273 -> 
  custom:DOTSType/Unity.Entities.Serialization.DotsSerialization+FolderNode: 98c33d003d1b152b98c33d003d1b152b -> 
  custom:DOTSType/Unity.Entities.CompanionReference: 4de8f4179bbe96e74de8f4179bbe96e7 -> 
  custom:DOTSType/UnityEngine.VFX.VisualEffect: dc0e74262f371f63dc0e74262f371f63 -> 
  custom:DOTSType/Unity.Entities.Hybrid.Baking.AdditionalEntitiesBakingData: d81e35bf039925b8d81e35bf039925b8 -> 
  custom:DOTSType/UnityEngine.SpriteRenderer: 61a676ec163f72b161a676ec163f72b1 -> 
  custom:DOTSType/Unity.Entities.Editor.JournalingWrapperEditor: 7820ec03259d9ee57820ec03259d9ee5 -> 
  custom:DOTSType/Tanks.Tank.ProjectileTracker: 101b4b340f8400be101b4b340f8400be -> 
  custom:DOTSType/Unity.Deformations.SkinMatrix: 4b50a0962ac5e60d4b50a0962ac5e60d -> 
  custom:DOTSType/Unity.Scenes.WeakAssetReferenceLoadingData: 451a8b20bc4a35f6451a8b20bc4a35f6 -> 
  custom:DOTSType/Unity.Entities.BurstCompatibleSharedComponentData: 6239fcd2cd3b1c316239fcd2cd3b1c31 -> 
  custom:DOTSType/Unity.Physics.PhysicsCustomTags: 7d9dddf48b181c997d9dddf48b181c99 -> 
  custom:DOTSType/Zenject.SceneDecoratorContext: 47847979bf9052df47847979bf9052df -> 
  custom:DOTSType/Unity.Entities.Editor.ArchetypeWrapperEditor: fcd41c2e8cb6c202fcd41c2e8cb6c202 -> 
  custom:DOTSType/Unity.Physics.PhysicsGravityFactor: 8ab51309e4cdebcc8ab51309e4cdebcc -> 
  custom:DOTSType/Tanks.PlayerInputController: eeac7a82da062014eeac7a82da062014 -> 
  custom:DOTSType/Unity.Entities.SceneTag: 7a384971715860367a38497171586036 -> 
  custom:DOTSType/Unity.Physics.Systems.DummySimulationData: e73bf206ed8976b1e73bf206ed8976b1 -> 
  custom:DOTSType/Unity.Physics.CustomPhysicsProxyDriver: d8e4875a8f47327fd8e4875a8f47327f -> 
  custom:DOTSType/Unity.Entities.Editor.InvalidSelectionEditor: bb0f099005812d55bb0f099005812d55 -> 
  custom:DOTSType/Tanks.Interface.CarnageIndicator: 7a2a70789a91028f7a2a70789a91028f -> 
  custom:DOTSType/Unity.Physics.StepInputSingleton: f5a13022ab227cfff5a13022ab227cff -> 
  custom:DOTSType/Unity.Transforms.LocalToWorld: f07e17bb4e08548ef07e17bb4e08548e -> 
  custom:DOTSType/Unity.Entities.Prefab: 8cefcfc0e3366a618cefcfc0e3366a61 -> 
  custom:DOTSType/Unity.Transforms.PreviousParent: f7f96ed2f665f721f7f96ed2f665f721 -> 
  custom:DOTSType/Unity.Entities.EditorRenderData: 23031dfb0b685e0c23031dfb0b685e0c -> 
  custom:DOTSType/Tanks.TankGameInstaller: ab41efd1a1117644ab41efd1a1117644 -> 
  custom:DOTSType/Tanks.Tests.TestCarnageIndicator: c8904b0627773241c8904b0627773241 -> 
  custom:DOTSType/Unity.Entities.Editor.JournalEntry: fa64f1a8d5097849fa64f1a8d5097849 -> 
  custom:DOTSType/Unity.Scenes.GlobalEntitiesDependency: 272e3c9ba12b159e272e3c9ba12b159e -> 
  custom:audio-decoder-ogg-vorbis: bf7c407c2cedff20999df2af8eb42d56 -> 
  custom:ProjectSettings/EntitiesClientSettings.asset: 57fa4463d8597ee36c3803b5983b6213 -> 
  custom:DOTSType/Unity.Entities.RetainBlobAssets: e3007bd0d4f5ba8be3007bd0d4f5ba8b -> 
  custom:DOTSType/Tanks.TankAudioSystem: e0c4f60227f2a2a8e0c4f60227f2a2a8 -> 
  custom:DOTSType/Unity.Scenes.SceneSystemData: 358f9772a0e70c53358f9772a0e70c53 -> 
  custom:DOTSType/Zenject.SceneDecoratorContextEditor: ca86c2fb23338ef7ca86c2fb23338ef7 -> 
  custom:DOTSType/Unity.Physics.PhysicsWorldIndex: 44b485a5651ecbf844b485a5651ecbf8 -> 
  custom:DOTSType/Unity.Entities.EndInitializationEntityCommandBufferSystem+Singleton: 75800829e25c245f75800829e25c245f -> 
  custom:DOTSType/Unity.Entities.Build.EntitiesClientSettings: 379ca95f1f31bbbc379ca95f1f31bbbc -> 
  custom:DOTSType/Zenject.ProjectContext: 73c2192ee2a3347973c2192ee2a33479 -> 
  custom:DOTSType/Zenject.RunnableContextEditor: 761811f71f3da7bc761811f71f3da7bc -> 
  custom:DOTSType/UnityEngine.AudioSource: aed3a424fdd48d59aed3a424fdd48d59 -> 
  custom:DOTSType/Unity.Scenes.RequestEntityPrefabLoaded: fc4092a08e154a96fc4092a08e154a96 -> 
  custom:DOTSType/Unity.Entities.SystemInstance: bb0dfff8e9a48357bb0dfff8e9a48357 -> 
  custom:DOTSType/Unity.Entities.RemoveUnusedEntityInBake: 0973223cb916c16b0973223cb916c16b -> 
  custom:DOTSType/Unity.Entities.EndVariableRateSimulationEntityCommandBufferSystem+Singleton: 78d2450a82ebc20778d2450a82ebc207 -> 
  custom:DOTSType/Unity.Physics.DummyColliderFakesComponent`1[[Unity.Physics.CylinderCollider, Unity.Physics, Version=0.0.0.0, Culture=neutral, PublicKeyToken=null]]: 2d82e9daa82955bf2d82e9daa82955bf -> 
  custom:audio-encoder-webm-vorbis: bf7c407c2cedff20999df2af8eb42d56 -> 
  custom:DOTSType/Unity.Entities.BeginFixedStepSimulationEntityCommandBufferSystem+Singleton: 5857035820ee1e635857035820ee1e63 -> 
  custom:DOTSType/Unity.Physics.PhysicsJointCompanion: 655fde98af64ce94655fde98af64ce94 -> 
  custom:DOTSType/Unity.Scenes.WeakAssetPrefabLoadRequest: b6d72391c4d3d049b6d72391c4d3d049 -> 
  custom:DOTSType/Tanks.Legacy.LegacyTransmissionSettings: 84b2093787e9240c84b2093787e9240c -> 
  custom:DOTSType/Tanks.Legacy.Editor.LegacyTransmissionSettingsEditor: f063a9f322024a22f063a9f322024a22 -> 
  custom:DOTSType/Zenject.ScriptableObjectInstallerBase: 564d9b68561bb94d564d9b68561bb94d -> 
  custom:DOTSType/Unity.Physics.Editor.CustomPhysicsBodyTagNamesEditor: 5e056a649e13a00c5e056a649e13a00c -> 
  custom:DOTSType/Unity.Physics.PhysicsWorldSingleton: 90bad7c95a54d00590bad7c95a54d005 -> 
  custom:DOTSType/Unity.Entities.BurstCompatibleBufferElement: 9256282cac425e579256282cac425e57 -> 
  custom:DOTSType/Unity.Entities.CompanionLink: 4813070be25c6d6a4813070be25c6d6a -> 
  custom:DOTSType/Unity.Physics.DummyColliderFakesComponent`1[[Unity.Physics.PolygonCollider, Unity.Physics, Version=0.0.0.0, Culture=neutral, PublicKeyToken=null]]: 3f38e3dc511d48d23f38e3dc511d48d2 -> 
  custom:SceneMetaDataFileFormatVersion: 18e216f4893c3ae43d5b4b3a88de92ca -> 
  custom:DOTSType/Unity.Entities.Editor.SystemScheduleWindow: dfecb8af58c97f0adfecb8af58c97f0a -> 
  custom:DOTSType/Unity.Physics.PhysicsColliderKeyEntityPair: e3185876db01deade3185876db01dead -> 
  custom:DOTSType/Zenject.ContextEditor: 0791a612a42c17bc0791a612a42c17bc -> 
  custom:DOTSType/Zenject.AnimatorIkHandlerManager: 6bf1f62125213c446bf1f62125213c44 -> 
  custom:DOTSType/Unity.Transforms.LocalTransform: d07f194ee4791f00d07f194ee4791f00 -> 
  custom:DOTSType/Unity.Physics.PhysicsJoint: e49afdd9ec82159fe49afdd9ec82159f -> 
  custom:DOTSType/Unity.Scenes.PrefabAssetReference: 924b87ecab3719ce924b87ecab3719ce -> 
  custom:DOTSType/UnityEngine.Rigidbody: 90d4f52b90e97d3190d4f52b90e97d31 -> 
  custom:DOTSType/Unity.Transforms.PostTransformMatrix: d5b773053bc4fc92d5b773053bc4fc92 -> 
  custom:DOTSType/Unity.Entities.WorldTime: efd6631e6d47e1c0efd6631e6d47e1c0 -> 
  custom:DOTSType/Unity.Entities.Editor.ComponentsWindow: f3a47022486a5e37f3a47022486a5e37 -> 
  custom:DOTSType/Unity.Entities.Editor.JournalManager: bd6303929aef5048bd6303929aef5048 -> 
  custom:DOTSType/Zenject.SceneKernel: 14c92f57ead5fa5a14c92f57ead5fa5a -> 
  custom:DOTSType/Unity.Scenes.Editor.SubSceneImporter: fbc2a6bb48307f94fbc2a6bb48307f94 -> 
  custom:DOTSType/UnityEngine.Light: 47f771faf20222f647f771faf20222f6 -> 
  custom:DOTSType/Unity.Entities.EndFixedStepSimulationEntityCommandBufferSystem+Singleton: 903138f233c08b6f903138f233c08b6f -> 
  custom:DOTSType/Unity.Entities.Hybrid.Baking.LinkedEntityGroupAuthoring: 463b7158f57f2778463b7158f57f2778 -> 
  custom:DOTSType/Unity.Entities.BeginInitializationEntityCommandBufferSystem+Singleton: 1dafdf6276a3f02d1dafdf6276a3f02d -> 
  custom:DOTSType/Unity.Physics.SimulationSingleton: 2c12c15cc1aaefd42c12c15cc1aaefd4 -> 
  custom:DOTSType/Unity.Transforms.Child: 5a0b111d3c5ef1ef5a0b111d3c5ef1ef -> 
  custom:DOTSType/Unity.Entities.Editor.ComponentWrapperEditor: 8a0108ac83962ca58a0108ac83962ca5 -> 
  custom:video-codec-MediaFoundation-h265: 746d11721c4dcdbdad8f713fa42b33f4 -> 
  custom:DOTSType/Unity.Entities.SceneSectionData: eeed08dab67953cbeeed08dab67953cb -> 
  custom:DOTSType/Tanks.EffectPool: b07fd26d384c1aadb07fd26d384c1aad -> 
  custom:DOTSType/Zenject.Context: 7a9b164638a7c5fb7a9b164638a7c5fb -> 
  custom:DOTSType/Unity.Entities.Editor.EntitiesJournalingWindow: fb6228252c0089dcfb6228252c0089dc -> 
  custom:video-decoder-ogg-theora: a1e56fd34408186e4bbccfd4996cb3dc -> 
  custom:DOTSType/Unity.Scenes.ResolvedSceneHash: 10c2d6fb478167a310c2d6fb478167a3 -> 
  custom:DOTSType/Unity.Scenes.SceneSectionStreamingData: 01ac29b86b18dacf01ac29b86b18dacf -> 
  custom:DOTSType/Zenject.ZenjectStateMachineBehaviourAutoInjecter: bc2fa2415d8a8ef6bc2fa2415d8a8ef6 -> 
  custom:DOTSType/Unity.Entities.AdditionalEntityParent: a24d1678b03f0479a24d1678b03f0479 -> 
  custom:DOTSType/Unity.Entities.Simulate: e0c92315ec24632de0c92315ec24632d -> 
  custom:DOTSType/Unity.Physics.PhysicsVelocity: eae7719776411411eae7719776411411 -> 
  custom:DOTSType/Unity.Entities.Editor.SystemWrapperEditor: 8c892c6354f3a3138c892c6354f3a313 -> 
  custom:DOTSType/Unity.Entities.RetainBlobAssetBatchPtr: 14017b765908ee1d14017b765908ee1d -> 
  custom:DOTSType/Zenject.ZenjectBinding: 0569f6cfa9645a6e0569f6cfa9645a6e -> 
  custom:DOTSType/Tanks.Tests.TestCarnageIndicator+TestCarnageIndicatorEditor: a518ed1603ea4192a518ed1603ea4192 -> 
  custom:DOTSType/Unity.Physics.Authoring.CustomPhysicsProxyAuthoring: 90a4b67ea7c61e0c90a4b67ea7c61e0c -> 
  custom:DOTSType/Unity.Physics.Authoring.PhysicsMeshAuthoringData: 07c891dbd84b5d1c07c891dbd84b5d1c -> 
  custom:DOTSType/Unity.Scenes.LiveConversionPatcher+LiveConvertedSceneCleanup: 97dadd0f05dbc86997dadd0f05dbc869 -> 
  custom:DOTSType/UnityEngine.MeshCollider: 745c145fdcf1939e745c145fdcf1939e -> 
  custom:DOTSType/Unity.Physics.Authoring.ForceUniqueColliderAuthoring: 34be871ed7a74d6234be871ed7a74d62 -> 
  custom:DOTSType/Zenject.GameObjectContext: 694c79f9ded4c948694c79f9ded4c948 -> 
  custom:DOTSType/Unity.Physics.DummyColliderFakesComponent`1[[Unity.Physics.CapsuleCollider, Unity.Physics, Version=0.0.0.0, Culture=neutral, PublicKeyToken=null]]: 840aede77f375b4f840aede77f375b4f -> 
  custom:DOTSType/Unity.Physics.Authoring.StaticOptimizePhysicsBaking: f3a03d29cca9ceabf3a03d29cca9ceab -> 
  custom:DOTSType/Unity.Scenes.DisableLiveConversion: 543070e84ec00e2c543070e84ec00e2c -> 
  custom:DOTSType/Unity.Physics.Authoring.PhysicsCompoundData: 41f933035064165d41f933035064165d -> 
  custom:DOTSType/Tanks.AudioPool: 65d2a3a778887e6e65d2a3a778887e6e -> 
  custom:DOTSType/Unity.Physics.DummyColliderFakesComponent`1[[Unity.Physics.SphereCollider, Unity.Physics, Version=0.0.0.0, Culture=neutral, PublicKeyToken=null]]: 4818ec4955a46c414818ec4955a46c41 -> 
  custom:DOTSType/Unity.Transforms.Parent: 00b45826652a5ec600b45826652a5ec6 -> 
  custom:DOTSType/Unity.Physics.PhysicsCollider: 00548c0f8c0147a000548c0f8c0147a0 -> 
  custom:DOTSType/Unity.Physics.Authoring.PhysicsRootBaked: a150145af5348f6da150145af5348f6d -> 
  custom:DOTSType/Unity.Scenes.ResolveSceneReferenceSystem+AssetDependencyTrackerState: b2d132c8f66d836db2d132c8f66d836d -> 
  custom:DOTSType/Unity.Entities.CompanionLinkTransform: e392322015c13880e392322015c13880 -> 
  custom:DOTSType/Unity.Entities.Serialization.DotsSerialization+RevisionedRawDataNode: 7e711ae70d27259d7e711ae70d27259d -> 
  custom:CustomObjectIndexerAttribute: 9a22284fe3817be447336de3de66b15e -> 
  custom:DOTSType/Tanks.Projectile: 620e548336351b1d620e548336351b1d -> 
  custom:DOTSType/Unity.Physics.GraphicsIntegration.MostRecentFixedTime: 6c4396236e6646a76c4396236e6646a7 -> 
  custom:DOTSType/UnityEngine.ParticleSystem: 28fa60303afd747328fa60303afd7473 -> 
  custom:DOTSType/Unity.Physics.DummyColliderFakesComponent`1[[Unity.Physics.ConvexCollider, Unity.Physics, Version=0.0.0.0, Culture=neutral, PublicKeyToken=null]]: d00615a7bde8681ed00615a7bde8681e -> 
  custom:DOTSType/Unity.Physics.DummyColliderFakesComponent`1[[Unity.Physics.MeshCollider, Unity.Physics, Version=0.0.0.0, Culture=neutral, PublicKeyToken=null]]: 52b224b25d7c5a2552b224b25d7c5a25 -> 
  custom:container-demuxer-webm: 4f35f7cbe854078d1ac9338744f61a02 -> 
  custom:DOTSType/Unity.Entities.PrefabRoot: ea04b60a31090316ea04b60a31090316 -> 
  custom:DOTSType/Unity.Entities.RequestSceneLoaded: 62c081c918aff6ee62c081c918aff6ee -> 
  custom:DOTSType/Unity.Entities.BeginPresentationEntityCommandBufferSystem+Singleton: cbef056a920a5eadcbef056a920a5ead -> 
  custom:DOTSType/Unity.Entities.ChunkHeader: 490bb3205bb29fe6490bb3205bb29fe6 -> 
  custom:DOTSType/Unity.Scenes.IsSectionLoaded: 2e3c12f14f7600232e3c12f14f760023 -> 
  custom:DOTSType/Unity.Entities.Editor.SystemInfo: e869e7d857e70a99e869e7d857e70a99 -> 
  custom:DOTSType/Zenject.MonoInstaller: d4f508a97531178fd4f508a97531178f -> 
  custom:DOTSType/Unity.Entities.WorldTimeQueue: 48ce29752c66702348ce29752c667023 -> 
  custom:DOTSType/Unity.Entities.StaticOptimizeEntity: 346cca765bf51c72346cca765bf51c72 -> 
  custom:DOTSType/Unity.Entities.SectionMetadataSetup: 75ea136fdb0e54ba75ea136fdb0e54ba -> 
  custom:DOTSType/Tanks.ProjectilePool: ae6caa17fe3924ceae6caa17fe3924ce -> 
  custom:DOTSType/Unity.Scenes.SceneSectionReferencedUnityObjects: 2797689ad57679a22797689ad57679a2 -> 
  custom:DOTSType/Unity.Physics.Editor.PhysicsStepAuthoringEditor: b0470546a7982481b0470546a7982481 -> 
  custom:DOTSType/Unity.Physics.GraphicsIntegration.PhysicsRenderEntity: 17b73fa380da9cf517b73fa380da9cf5 -> 
  custom:DOTSType/Unity.Entities.Hybrid.Baking.LinkedEntityGroupBakingData: cd33507256493e18cd33507256493e18 -> 
  custom:DOTSType/UnityEngine.LODGroup: 15ad22bb5260348e15ad22bb5260348e -> 
  custom:DOTSType/Tanks.BaseInputController: 7c3584087687be277c3584087687be27 -> 
  custom:DOTSType/Unity.Entities.Editor.HierarchySelectionContext: eb8c02bbb8571091eb8c02bbb8571091 -> 
  custom:DOTSType/Unity.Physics.DummyColliderFakesComponent`1[[Unity.Physics.CompoundCollider, Unity.Physics, Version=0.0.0.0, Culture=neutral, PublicKeyToken=null]]: f0b0c805df9aab48f0b0c805df9aab48 -> 
  custom:DOTSType/Unity.Physics.Authoring.PhysicsColliderAuthoringData: 237ab57c84eb023d237ab57c84eb023d -> 
  custom:DOTSType/Unity.Entities.Entity: 295b0c964d12026f295b0c964d12026f -> 
  custom:DOTSType/Unity.Physics.DummyColliderFakesComponent`1[[Unity.Physics.TerrainCollider, Unity.Physics, Version=0.0.0.0, Culture=neutral, PublicKeyToken=null]]: 76d2966f42dff4df76d2966f42dff4df -> 
  custom:DOTSType/Unity.Scenes.PublicEntityRef: b380cfe1712d4500b380cfe1712d4500 -> 
  custom:DOTSType/Unity.Entities.Asset: 5205195e4c6bea1c5205195e4c6bea1c -> 
  custom:DOTSType/Unity.Physics.GraphicsIntegration.PhysicsGraphicalSmoothing: 1a649a11034ac6061a649a11034ac606 -> 
  custom:DOTSType/Unity.Physics.Systems.PhysicsAnalyticsSingleton: 261d1a0e3f762c88261d1a0e3f762c88 -> 
  custom:DOTSType/Unity.Physics.PhysicsTemporalCoherenceInfo: dd862a3ef5746267dd862a3ef5746267 -> 
  custom:DOTSType/Tanks.EffectPoolContainer: bf19857e7a596a2bbf19857e7a596a2b -> 
  custom:DOTSType/Unity.Physics.PhysicsStep: 4ca665c06bcf89ca4ca665c06bcf89ca -> 
  custom:DOTSType/UnityEngine.TextMesh: 6784c791d05273aa6784c791d05273aa -> 
  custom:DOTSType/Unity.Entities.CompanionGameObjectActiveCleanup: 4ff09409f1cce51f4ff09409f1cce51f -> 
  custom:DOTSType/Tanks.ReloadIndicator: 83d1d641d15e1d5483d1d641d15e1d54 -> 
  custom:DOTSType/Zenject.RunnableContext: f37beb99d06e39fbf37beb99d06e39fb -> 
  custom:DOTSType/Unity.Physics.Authoring.PhysicsDebugDisplayData: 0cdccf70b9e5e20d0cdccf70b9e5e20d -> 
  custom:DOTSType/Unity.Scenes.AssetObjectManifest: 84d682f40d46c88184d682f40d46c881 -> 
  custom:DOTSType/Unity.Entities.PostLoadCommandBuffer: d658541e4a41540dd658541e4a41540d -> 
  custom:DOTSType/Unity.Entities.Editor.ArchetypeInfo: b8b1bbcc600f6437b8b1bbcc600f6437 -> 
  custom:DOTSType/Tanks.Interface.Speedometer: 158cdf1f7f3d0d9c158cdf1f7f3d0d9c -> 
  custom:DOTSType/Tanks.BattleRam: 87a27f4ae62d951387a27f4ae62d9513 -> 
  custom:DOTSType/UnityEngine.BoxCollider: 8e5b85c4fec088d48e5b85c4fec088d4 -> 
  custom:DOTSType/Unity.Entities.Serialization.ExternalEntityReference: 415f45c8b00c90a4415f45c8b00c90a4 -> 
  custom:DOTSType/Unity.Entities.SceneSectionComponent: 22f65411cbba718222f65411cbba7182 -> 
  custom:DOTSType/Unity.Scenes.PrefabLoadResult: 71615367c37f030371615367c37f0303 -> 
  custom:DOTSType/Unity.Scenes.SceneSectionStreamingSystem+StreamingState: 7014161ec3350ad07014161ec3350ad0 -> 
  custom:DOTSType/Unity.Entities.Editor.UnsupportedEntityEditor: f4c4238e5d78020af4c4238e5d78020a -> 
  custom:DOTSType/Unity.Scenes.ResolvedSectionEntity: e83509e6ef73df7ae83509e6ef73df7a -> 
  custom:DOTSType/Unity.Scenes.DisableSceneResolveAndLoad: 41c98fa73f31b21a41c98fa73f31b21a -> 
  custom:DOTSType/Unity.Entities.LinkedEntityGroup: c1b61ecd5260e852c1b61ecd5260e852 -> 
  custom:DOTSType/Unity.Physics.Authoring.RigidbodyBakingData: 66caf1f3818b52fc66caf1f3818b52fc -> 
  custom:DOTSType/Zenject.ScriptableObjectInstaller: 47201fb43b11147d47201fb43b11147d -> 
  custom:DOTSType/Unity.Physics.Authoring.DetailedStaticMeshCollisionAuthoring: 35a7576e30820a5e35a7576e30820a5e -> 
  custom:DOTSType/Unity.Entities.Editor.UnsupportedGameObjectEditor: 5cff923fd1c387e15cff923fd1c387e1 -> 
  custom:DOTSType/Tanks.CinemachineInputCustomProvider: 53bf68681542a65453bf68681542a654 -> 
  custom:DOTSType/Zenject.SceneContext: 30c70a59093b925c30c70a59093b925c -> 
  custom:DOTSType/UnityEngine.MeshRenderer: 77aa4cb33b84a90377aa4cb33b84a903 -> 
  custom:DOTSType/Unity.Physics.Authoring.BakeStaticRoot: ac81d98288eb78feac81d98288eb78fe -> 
  custom:DOTSType/Unity.Entities.Serialization.DotsSerialization+StringTableNode: db9aacf636d95b56db9aacf636d95b56 -> 
  custom:DOTSType/Zenject.SceneContextEditor: f5ac3d9288ab62bbf5ac3d9288ab62bb -> 
  custom:DOTSType/Unity.Entities.Disabled: ea10d702b0a42592ea10d702b0a42592 -> 
  custom:DOTSType/Unity.Entities.Editor.EntityEditor: 4502e3ccdb7ac0e04502e3ccdb7ac0e0 -> 
  custom:DOTSType/Unity.Physics.Systems.BroadphaseData: cf796e61bbb1c05fcf796e61bbb1c05f -> 
  custom:DOTSType/Unity.Entities.Editor.ArchetypesWindow: bde482c89698b5c7bde482c89698b5c7 -> 
  custom:DOTSType/Unity.Physics.PhysicsMass: dd66b9b7945f3ac7dd66b9b7945f3ac7 -> 
  custom:DOTSType/Unity.Physics.Systems.BuildPhysicsWorldData: 403d401e5c7292c3403d401e5c7292c3 -> 
  custom:DOTSType/Unity.Scenes.SceneBoundingVolume: 3407604aa951263f3407604aa951263f -> 
  custom:video-encoder-webm-vp8: eb34c28f22e8b96e1ab97ce403110664 -> 
  custom:DOTSType/Unity.Physics.Authoring.PhysicsColliderBakedData: 4b51dd6d702fa42d4b51dd6d702fa42d -> 
  custom:DOTSType/UnityEngine.SphereCollider: 82c25a73f4a3118382c25a73f4a31183 -> 
  custom:DOTSType/Unity.Scenes.SubScene: ac4196b7e94e44ecac4196b7e94e44ec -> 
  custom:DOTSType/Unity.Physics.DummyColliderFakesComponent`1[[Unity.Physics.Collider, Unity.Physics, Version=0.0.0.0, Culture=neutral, PublicKeyToken=null]]: 9b1dfcaf09a3b4529b1dfcaf09a3b452 -> 
  custom:DOTSType/Unity.Entities.Editor.HierarchyEntityChangeTracker+UnusedTag: e99f3a5fcb8d8012e99f3a5fcb8d8012 -> 
  custom:DOTSType/Unity.Physics.PhysicsMassOverride: 6fcef11ae9d1bc306fcef11ae9d1bc30 -> 
  custom:DOTSType/Unity.Entities.BlobAssetOwner: c83c63163f833390c83c63163f833390 -> 
  custom:DOTSType/Zenject.CheatSheet+Foo: 818256864703f221818256864703f221 -> 
  custom:DOTSType/Unity.Physics.Authoring.CustomPhysicsBodyTagNames: cf633e3d702fe67dcf633e3d702fe67d -> 
  custom:DOTSType/UnityEngine.CapsuleCollider: be84ea475def5c96be84ea475def5c96 -> 
  custom:DOTSType/Unity.Physics.PhysicsTemporalCoherenceTag: 078e815b3514dfd3078e815b3514dfd3 -> 
  custom:DOTSType/Unity.Entities.Editor.JournalManagerWrapperEditor: cb69e60b3422ccebcb69e60b3422cceb -> 
  custom:DOTSType/Unity.Entities.SceneReference: 93a995b4b28fc25393a995b4b28fc253 -> 
  custom:DOTSType/Unity.Entities.Editor.UnsupportedPrefabEntityEditor: 42b92ebb8c8886cf42b92ebb8c8886cf -> 
  custom:DOTSType/Unity.Entities.Serialization.DotsSerialization+NodeHeader: 2a912a6fdedc77ae2a912a6fdedc77ae -> 
  custom:DOTSType/Zenject.ZenAutoInjecter: 778eb5667a6355bc778eb5667a6355bc -> 
  custom:DOTSType/Unity.Entities.SceneSection: bdba69731fc8f3e7bdba69731fc8f3e7 -> 
  custom:DOTSType/Tanks.Patrol: af24d179ee3e03f0af24d179ee3e03f0 -> 
  custom:DOTSType/Unity.Physics.DummyColliderFakesComponent`1[[Unity.Physics.BoxCollider, Unity.Physics, Version=0.0.0.0, Culture=neutral, PublicKeyToken=null]]: f425b7fd66e06988f425b7fd66e06988 -> 
  custom:DOTSType/Unity.Entities.TransformAuthoring: d03322d6827741e8d03322d6827741e8 -> 
  custom:DOTSType/Zenject.ProjectKernel: efdc3d3e4e17fb07efdc3d3e4e17fb07 -> 
  custom:DOTSType/Tanks.TransmissionSettings: b0a3fa15cf2503fcb0a3fa15cf2503fc -> 
  custom:DOTSType/UnityEngine.ParticleSystemRenderer: 818ef389bd33d482818ef389bd33d482 -> 
  custom:DOTSType/Unity.Entities.BeginSimulationEntityCommandBufferSystem+Singleton: 5406e750b86f24a55406e750b86f24a5 -> 
  custom:DOTSType/Unity.Scenes.Editor.GlobalEntitiesDependencyInspector: 3df09afcbb66d7bb3df09afcbb66d7bb -> 
========================================================================
Received Prepare
Assembly reference Packages/com.unity.entities/Unity.Scenes.Editor/Internals/Properties/Unity.Properties.Internals.asmref has no target assembly definition
Assembly reference Packages/com.unity.entities/Unity.Scenes.Editor/Internals/Properties/Unity.Properties.Internals.asmref has no target assembly definition
Begin MonoManager ReloadAssembly
- Loaded All Assemblies, in  0.931 seconds
Refreshing native plugins compatible for Editor in 11.80 ms, found 5 plugins.
Native extension for WindowsStandalone target not found
Assembly reference Packages/com.unity.entities/Unity.Scenes.Editor/Internals/Properties/Unity.Properties.Internals.asmref has no target assembly definition
TypeManager.Initialize took: 251ms
Mono: successfully reloaded assembly
- Finished resetting the current domain, in  2.757 seconds
Domain Reload Profiling: 3686ms
	BeginReloadAssembly (286ms)
		ExecutionOrderSort (0ms)
		DisableScriptedObjects (11ms)
		BackupInstance (0ms)
		ReleaseScriptingObjects (0ms)
		CreateAndSetChildDomain (97ms)
	RebuildCommonClasses (57ms)
	RebuildNativeTypeToScriptingClass (23ms)
	initialDomainReloadingComplete (63ms)
	LoadAllAssembliesAndSetupDomain (499ms)
		LoadAssemblies (605ms)
		RebuildTransferFunctionScriptingTraits (0ms)
		AnalyzeDomain (29ms)
			TypeCache.Refresh (11ms)
				TypeCache.ScanAssembly (0ms)
			ScanForSourceGeneratedMonoScriptInfo (0ms)
			ResolveRequiredComponents (15ms)
	FinalizeReload (2758ms)
		ReleaseScriptCaches (0ms)
		RebuildScriptCaches (0ms)
		SetupLoadedEditorAssemblies (1827ms)
			LogAssemblyErrors (0ms)
			InitializePlatformSupportModulesInManaged (10ms)
			SetLoadedEditorAssemblies (12ms)
			RefreshPlugins (0ms)
			BeforeProcessingInitializeOnLoad (298ms)
			ProcessInitializeOnLoadAttributes (1104ms)
			ProcessInitializeOnLoadMethodAttributes (390ms)
			AfterProcessingInitializeOnLoad (12ms)
			EditorAssembliesLoaded (1ms)
		ExecutionOrderSort2 (0ms)
		AwakeInstancesAfterBackupRestoration (11ms)
Refreshing native plugins compatible for Editor in 13.19 ms, found 5 plugins.
Preloading 0 native plugins for Editor in 0.00 ms.
Unloading 6859 Unused Serialized files (Serialized files now loaded: 0)
Unloading 95 unused Assets / (123.6 KB). Loaded Objects now: 7340.
Memory consumption went from 221.0 MB to 220.9 MB.
Total: 8.722400 ms (FindLiveObjects: 0.821400 ms CreateObjectMapping: 1.098800 ms MarkObjects: 6.569900 ms  DeleteObjects: 0.230700 ms)

Unloading 0 Unused Serialized files (Serialized files now loaded: 0)
Unloading 0 unused Assets / (154.6 KB). Loaded Objects now: 7340.
Memory consumption went from 220.8 MB to 220.6 MB.
Total: 9.984200 ms (FindLiveObjects: 0.774100 ms CreateObjectMapping: 1.289300 ms MarkObjects: 7.790700 ms  DeleteObjects: 0.128500 ms)

Prepare: number of updated asset objects reloaded= 0
AssetImportParameters requested are different than current active one (requested -> active):
  custom:DOTSType/Zenject.MonoInstallerBase: 95f86c107dc723fe95f86c107dc723fe -> 
  custom:DOTSType/Unity.Entities.EntityGuid: 8e99211435a26d668e99211435a26d66 -> 
  custom:DOTSType/Tanks.TurretController: e7fde51fa66b4c5ee7fde51fa66b4c5e -> 
  custom:DOTSType/Unity.Entities.DefaultWorldInitializationProxy: 3bc53c9cad9070363bc53c9cad907036 -> 
  custom:container-demuxer-ogg: 62fdf1f143b41e24485cea50d1cbac27 -> 
  custom:DOTSType/Zenject.Internal.DefaultSceneContractConfig: a78f29ab0132239ca78f29ab0132239c -> 
  custom:DOTSType/Unity.Physics.EnsureUniqueColliderBlobTag: 3e3264c9c7497b3b3e3264c9c7497b3b -> 
  custom:DOTSType/Unity.Scenes.SceneEntityReference: 646ffd19b744bbdb646ffd19b744bbdb -> 
  custom:DOTSType/Unity.Entities.Hybrid.Baking.BakingOnlyEntityAuthoringBaker+BakingOnlyChildren: 9c3cc3aa8ff875949c3cc3aa8ff87594 -> 
  custom:DOTSType/Unity.Entities.EntityManager+IsolateCopiedEntities: 703c8c39c22b63af703c8c39c22b63af -> 
  custom:DOTSType/Unity.Entities.BeginVariableRateSimulationEntityCommandBufferSystem+Singleton: 40006e500ad5800440006e500ad58004 -> 
  custom:DOTSType/UnityEngine.LightProbeProxyVolume: cd06291433fcac4ccd06291433fcac4c -> 
  custom:EntityBinaryFileFormatVersion: b618570c169a919bbb95b4bd7e4084ba -> 
  custom:DOTSType/Unity.Physics.Authoring.DisplayGizmoColliderEdges+DrawWithGizmos: a6749ec75af14c28a6749ec75af14c28 -> 
  custom:DOTSType/Tanks.SkyRotation: 6a30c8e81d68dcd96a30c8e81d68dcd9 -> 
  custom:DOTSType/Unity.Entities.Editor.ComponentInfo: b6911f4bc3b03db5b6911f4bc3b03db5 -> 
  custom:DOTSType/Unity.Entities.BurstCompatibleComponentData: 1d232e8370167ced1d232e8370167ced -> 
  custom:DOTSType/Unity.Entities.RetainBlobAssetPtr: f51a437fde39ac82f51a437fde39ac82 -> 
  custom:DOTSType/Unity.Physics.Authoring.PhysicsStepAuthoring: 29ca86243fe93d3b29ca86243fe93d3b -> 
  custom:DOTSType/Unity.Entities.BakedEntity: 6cda7616df5335d16cda7616df5335d1 -> 
  custom:DOTSType/Unity.Transforms.Static: a08c19e85cdd5a49a08c19e85cdd5a49 -> 
  custom:DOTSType/Unity.Entities.Editor.InvalidEntityEditor: c09028623072dbb6c09028623072dbb6 -> 
  custom:DOTSType/UnityEngine.Collider: e796157eabb2316ee796157eabb2316e -> 
  custom:framework-win-MediaFoundation: 216162199b28c13a410421893ffa2e32 -> 
  custom:DOTSType/UnityEngine.Transform: 3954159e9eb625f23954159e9eb625f2 -> 
  custom:DOTSType/Unity.Physics.Authoring.PhysicsWorldIndexAuthoring: c35779b88bcbf0f5c35779b88bcbf0f5 -> 
  custom:DOTSType/Unity.Scenes.Editor.GameObjectSceneMetaDataImporter: 35c29e171f7f1b1235c29e171f7f1b12 -> 
  custom:DOTSType/Tanks.Wheel: 8000d516241cf2618000d516241cf261 -> 
  custom:DOTSType/Unity.Entities.Editor.EntitySelectionProxy: 640f096afb1dc192640f096afb1dc192 -> 
  custom:DOTSType/Tanks.Tests.TestInputController: da9d7109e7aa2efada9d7109e7aa2efa -> 
  custom:DOTSType/Unity.Entities.OmitLinkedEntityGroupFromPrefabInstance: d5447758848371b8d5447758848371b8 -> 
  custom:DOTSType/Unity.Entities.Editor.HierarchyWindow: 68a3d7f4e81dfa3968a3d7f4e81dfa39 -> 
  custom:DOTSType/Unity.Entities.CleanupEntity: 91c2e7742ff7a40291c2e7742ff7a402 -> 
  custom:DOTSType/Zenject.MonoKernel: ad622fbf2f55726ead622fbf2f55726e -> 
  custom:DOTSType/Zenject.DefaultGameObjectKernel: 4e750c357d05f8164e750c357d05f816 -> 
  custom:DOTSType/Zenject.GameObjectContextEditor: e47fe5c2e2a879a3e47fe5c2e2a879a3 -> 
  custom:DOTSType/Unity.Scenes.RequestSceneHeader: 539e2df9dd1c5383539e2df9dd1c5383 -> 
  custom:DOTSType/Unity.Entities.BakingOnlyEntity: 6d61bb30b0fe96a06d61bb30b0fe96a0 -> 
  custom:DOTSType/UnityEngine.ReflectionProbe: 74c5d94e403ee5bf74c5d94e403ee5bf -> 
  custom:DOTSType/Unity.Physics.Authoring.PhysicsWorldIndexBakingData: eb7993b47224fdb3eb7993b47224fdb3 -> 
  custom:DOTSType/Tanks.TankController: 5fe8cedbca51d9d55fe8cedbca51d9d5 -> 
  custom:DOTSType/Unity.Scenes.Editor.ClearEntitiesCacheWindow: ff5e4942d7943fe4ff5e4942d7943fe4 -> 
  custom:DOTSType/Unity.Entities.Serialization.DotsSerialization+TypeNamesNode: 481f56363f3115ba481f56363f3115ba -> 
  custom:DOTSType/Unity.Entities.Hybrid.Baking.BakingOnlyEntityAuthoring: b00feda2188a9371b00feda2188a9371 -> 
  custom:DOTSType/Unity.Scenes.ResolvedSectionPath: bf9e38f006f83cb7bf9e38f006f83cb7 -> 
  custom:DOTSType/Unity.Deformations.BlendShapeWeight: d26eabb95dfc9b4dd26eabb95dfc9b4d -> 
  custom:DOTSType/Unity.Scenes.ReferencedUnityObjects: b8073d4731436522b8073d4731436522 -> 
  custom:DOTSType/Unity.Physics.Authoring.PhysicsDebugDisplayAuthoring: 048169f5bbaf7cd0048169f5bbaf7cd0 -> 
  custom:DOTSType/Unity.Scenes.Editor.SubSceneInspector: 6e96e553cf64778e6e96e553cf64778e -> 
  custom:DOTSType/Unity.Physics.GraphicsIntegration.SmoothRigidBodiesGraphicalMotion+RigidBodySmoothingWorldIndex: 988440dd19a406ed988440dd19a406ed -> 
  custom:DOTSType/Unity.Physics.PhysicsConstrainedBodyPair: 37ca29e9e58c191137ca29e9e58c1911 -> 
  custom:DOTSType/Unity.Physics.ColliderBlobCleanupData: 18f3eb94199c5e3618f3eb94199c5e36 -> 
  custom:DOTSType/Unity.Physics.PhysicsDamping: 579a7188c5fb1464579a7188c5fb1464 -> 
  custom:container-muxer-webm: aa71ff27fc2769a1b78a27578f13a17b -> 
  custom:DOTSType/Unity.Entities.CompanionGameObjectUpdateTransformCleanup: 0a4e12c25aaf05e00a4e12c25aaf05e0 -> 
  custom:DOTSType/Tanks.Editor.TransmissionSettingsEditor: 5c05f270edf687155c05f270edf68715 -> 
  custom:DOTSType/Unity.Entities.EndSimulationEntityCommandBufferSystem+Singleton: 6cc3a7136f47def06cc3a7136f47def0 -> 
  custom:DOTSType/Unity.Physics.Authoring.PhysicsDebugDisplaySystem+DrawComponent: fbecd1af1d76e089fbecd1af1d76e089 -> 
  custom:video-decoder-webm-vp8: 9c59270c3fd7afecdb556c50c9e8de78 -> 
  custom:DOTSType/Zenject.GuiRenderer: 77a380f71106289e77a380f71106289e -> 
  custom:DOTSType/Zenject.AnimatorMoveHandlerManager: 48d7fbeaa25297da48d7fbeaa25297da -> 
  custom:DOTSType/UnityEngine.GameObject: aef60e3f2ae5ad9aaef60e3f2ae5ad9a -> 
  custom:SearchIndexIgnoredProperties: e643bd26f0fe6173181afceb89e7c659 -> 
  custom:DOTSAllSystemsVersion: ffb3322ebf2cc81fbcc35437f1236753 -> 
  custom:DOTSType/Unity.Physics.GraphicsIntegration.PhysicsGraphicalInterpolationBuffer: 7baea6e725f3208c7baea6e725f3208c -> 
  custom:AudioImporter_EditorPlatform: d09bf68614088b80899f8185d706f6e7 -> 
  custom:DOTSType/Tanks.Interface.CarnageSettings: 06a0f3af603600f206a0f3af603600f2 -> 
  custom:DOTSType/Zenject.ProjectContextEditor: f68c5f17562ef273f68c5f17562ef273 -> 
  custom:DOTSType/Unity.Entities.Serialization.DotsSerialization+FolderNode: 98c33d003d1b152b98c33d003d1b152b -> 
  custom:DOTSType/Unity.Entities.CompanionReference: 4de8f4179bbe96e74de8f4179bbe96e7 -> 
  custom:DOTSType/UnityEngine.VFX.VisualEffect: dc0e74262f371f63dc0e74262f371f63 -> 
  custom:DOTSType/Unity.Entities.Hybrid.Baking.AdditionalEntitiesBakingData: d81e35bf039925b8d81e35bf039925b8 -> 
  custom:DOTSType/UnityEngine.SpriteRenderer: 61a676ec163f72b161a676ec163f72b1 -> 
  custom:DOTSType/Unity.Entities.Editor.JournalingWrapperEditor: 7820ec03259d9ee57820ec03259d9ee5 -> 
  custom:DOTSType/Tanks.Tank.ProjectileTracker: 101b4b340f8400be101b4b340f8400be -> 
  custom:DOTSType/Unity.Deformations.SkinMatrix: 4b50a0962ac5e60d4b50a0962ac5e60d -> 
  custom:DOTSType/Unity.Scenes.WeakAssetReferenceLoadingData: 451a8b20bc4a35f6451a8b20bc4a35f6 -> 
  custom:DOTSType/Unity.Entities.BurstCompatibleSharedComponentData: 6239fcd2cd3b1c316239fcd2cd3b1c31 -> 
  custom:DOTSType/Unity.Physics.PhysicsCustomTags: 7d9dddf48b181c997d9dddf48b181c99 -> 
  custom:DOTSType/Zenject.SceneDecoratorContext: 47847979bf9052df47847979bf9052df -> 
  custom:DOTSType/Unity.Entities.Editor.ArchetypeWrapperEditor: fcd41c2e8cb6c202fcd41c2e8cb6c202 -> 
  custom:DOTSType/Unity.Physics.PhysicsGravityFactor: 8ab51309e4cdebcc8ab51309e4cdebcc -> 
  custom:DOTSType/Tanks.PlayerInputController: eeac7a82da062014eeac7a82da062014 -> 
  custom:DOTSType/Unity.Entities.SceneTag: 7a384971715860367a38497171586036 -> 
  custom:DOTSType/Unity.Physics.Systems.DummySimulationData: e73bf206ed8976b1e73bf206ed8976b1 -> 
  custom:DOTSType/Unity.Physics.CustomPhysicsProxyDriver: d8e4875a8f47327fd8e4875a8f47327f -> 
  custom:DOTSType/Unity.Entities.Editor.InvalidSelectionEditor: bb0f099005812d55bb0f099005812d55 -> 
  custom:DOTSType/Tanks.Interface.CarnageIndicator: 7a2a70789a91028f7a2a70789a91028f -> 
  custom:DOTSType/Unity.Physics.StepInputSingleton: f5a13022ab227cfff5a13022ab227cff -> 
  custom:DOTSType/Unity.Transforms.LocalToWorld: f07e17bb4e08548ef07e17bb4e08548e -> 
  custom:DOTSType/Unity.Entities.Prefab: 8cefcfc0e3366a618cefcfc0e3366a61 -> 
  custom:DOTSType/Unity.Transforms.PreviousParent: f7f96ed2f665f721f7f96ed2f665f721 -> 
  custom:DOTSType/Unity.Entities.EditorRenderData: 23031dfb0b685e0c23031dfb0b685e0c -> 
  custom:DOTSType/Tanks.TankGameInstaller: ab41efd1a1117644ab41efd1a1117644 -> 
  custom:DOTSType/Tanks.Tests.TestCarnageIndicator: c8904b0627773241c8904b0627773241 -> 
  custom:DOTSType/Unity.Entities.Editor.JournalEntry: fa64f1a8d5097849fa64f1a8d5097849 -> 
  custom:DOTSType/Unity.Scenes.GlobalEntitiesDependency: 272e3c9ba12b159e272e3c9ba12b159e -> 
  custom:audio-decoder-ogg-vorbis: bf7c407c2cedff20999df2af8eb42d56 -> 
  custom:ProjectSettings/EntitiesClientSettings.asset: 57fa4463d8597ee36c3803b5983b6213 -> 
  custom:DOTSType/Unity.Entities.RetainBlobAssets: e3007bd0d4f5ba8be3007bd0d4f5ba8b -> 
  custom:DOTSType/Tanks.TankAudioSystem: e0c4f60227f2a2a8e0c4f60227f2a2a8 -> 
  custom:DOTSType/Unity.Scenes.SceneSystemData: 358f9772a0e70c53358f9772a0e70c53 -> 
  custom:DOTSType/Zenject.SceneDecoratorContextEditor: ca86c2fb23338ef7ca86c2fb23338ef7 -> 
  custom:DOTSType/Unity.Physics.PhysicsWorldIndex: 44b485a5651ecbf844b485a5651ecbf8 -> 
  custom:DOTSType/Unity.Entities.EndInitializationEntityCommandBufferSystem+Singleton: 75800829e25c245f75800829e25c245f -> 
  custom:DOTSType/Unity.Entities.Build.EntitiesClientSettings: 379ca95f1f31bbbc379ca95f1f31bbbc -> 
  custom:DOTSType/Zenject.ProjectContext: 73c2192ee2a3347973c2192ee2a33479 -> 
  custom:DOTSType/Zenject.RunnableContextEditor: 761811f71f3da7bc761811f71f3da7bc -> 
  custom:DOTSType/UnityEngine.AudioSource: aed3a424fdd48d59aed3a424fdd48d59 -> 
  custom:DOTSType/Unity.Scenes.RequestEntityPrefabLoaded: fc4092a08e154a96fc4092a08e154a96 -> 
  custom:DOTSType/Unity.Entities.SystemInstance: bb0dfff8e9a48357bb0dfff8e9a48357 -> 
  custom:DOTSType/Unity.Entities.RemoveUnusedEntityInBake: 0973223cb916c16b0973223cb916c16b -> 
  custom:DOTSType/Unity.Entities.EndVariableRateSimulationEntityCommandBufferSystem+Singleton: 78d2450a82ebc20778d2450a82ebc207 -> 
  custom:DOTSType/Unity.Physics.DummyColliderFakesComponent`1[[Unity.Physics.CylinderCollider, Unity.Physics, Version=0.0.0.0, Culture=neutral, PublicKeyToken=null]]: 2d82e9daa82955bf2d82e9daa82955bf -> 
  custom:audio-encoder-webm-vorbis: bf7c407c2cedff20999df2af8eb42d56 -> 
  custom:DOTSType/Unity.Entities.BeginFixedStepSimulationEntityCommandBufferSystem+Singleton: 5857035820ee1e635857035820ee1e63 -> 
  custom:DOTSType/Unity.Physics.PhysicsJointCompanion: 655fde98af64ce94655fde98af64ce94 -> 
  custom:DOTSType/Unity.Scenes.WeakAssetPrefabLoadRequest: b6d72391c4d3d049b6d72391c4d3d049 -> 
  custom:DOTSType/Tanks.Legacy.LegacyTransmissionSettings: 84b2093787e9240c84b2093787e9240c -> 
  custom:DOTSType/Tanks.Legacy.Editor.LegacyTransmissionSettingsEditor: f063a9f322024a22f063a9f322024a22 -> 
  custom:DOTSType/Zenject.ScriptableObjectInstallerBase: 564d9b68561bb94d564d9b68561bb94d -> 
  custom:DOTSType/Unity.Physics.Editor.CustomPhysicsBodyTagNamesEditor: 5e056a649e13a00c5e056a649e13a00c -> 
  custom:DOTSType/Unity.Physics.PhysicsWorldSingleton: 90bad7c95a54d00590bad7c95a54d005 -> 
  custom:DOTSType/Unity.Entities.BurstCompatibleBufferElement: 9256282cac425e579256282cac425e57 -> 
  custom:DOTSType/Unity.Entities.CompanionLink: 4813070be25c6d6a4813070be25c6d6a -> 
  custom:DOTSType/Unity.Physics.DummyColliderFakesComponent`1[[Unity.Physics.PolygonCollider, Unity.Physics, Version=0.0.0.0, Culture=neutral, PublicKeyToken=null]]: 3f38e3dc511d48d23f38e3dc511d48d2 -> 
  custom:SceneMetaDataFileFormatVersion: 18e216f4893c3ae43d5b4b3a88de92ca -> 
  custom:DOTSType/Unity.Entities.Editor.SystemScheduleWindow: dfecb8af58c97f0adfecb8af58c97f0a -> 
  custom:DOTSType/Unity.Physics.PhysicsColliderKeyEntityPair: e3185876db01deade3185876db01dead -> 
  custom:DOTSType/Zenject.ContextEditor: 0791a612a42c17bc0791a612a42c17bc -> 
  custom:DOTSType/Zenject.AnimatorIkHandlerManager: 6bf1f62125213c446bf1f62125213c44 -> 
  custom:DOTSType/Unity.Transforms.LocalTransform: d07f194ee4791f00d07f194ee4791f00 -> 
  custom:DOTSType/Unity.Physics.PhysicsJoint: e49afdd9ec82159fe49afdd9ec82159f -> 
  custom:DOTSType/Unity.Scenes.PrefabAssetReference: 924b87ecab3719ce924b87ecab3719ce -> 
  custom:DOTSType/UnityEngine.Rigidbody: 90d4f52b90e97d3190d4f52b90e97d31 -> 
  custom:DOTSType/Unity.Transforms.PostTransformMatrix: d5b773053bc4fc92d5b773053bc4fc92 -> 
  custom:DOTSType/Unity.Entities.WorldTime: efd6631e6d47e1c0efd6631e6d47e1c0 -> 
  custom:DOTSType/Unity.Entities.Editor.ComponentsWindow: f3a47022486a5e37f3a47022486a5e37 -> 
  custom:DOTSType/Unity.Entities.Editor.JournalManager: bd6303929aef5048bd6303929aef5048 -> 
  custom:DOTSType/Zenject.SceneKernel: 14c92f57ead5fa5a14c92f57ead5fa5a -> 
  custom:DOTSType/Unity.Scenes.Editor.SubSceneImporter: fbc2a6bb48307f94fbc2a6bb48307f94 -> 
  custom:DOTSType/UnityEngine.Light: 47f771faf20222f647f771faf20222f6 -> 
  custom:DOTSType/Unity.Entities.EndFixedStepSimulationEntityCommandBufferSystem+Singleton: 903138f233c08b6f903138f233c08b6f -> 
  custom:DOTSType/Unity.Entities.Hybrid.Baking.LinkedEntityGroupAuthoring: 463b7158f57f2778463b7158f57f2778 -> 
  custom:DOTSType/Unity.Entities.BeginInitializationEntityCommandBufferSystem+Singleton: 1dafdf6276a3f02d1dafdf6276a3f02d -> 
  custom:DOTSType/Unity.Physics.SimulationSingleton: 2c12c15cc1aaefd42c12c15cc1aaefd4 -> 
  custom:DOTSType/Unity.Transforms.Child: 5a0b111d3c5ef1ef5a0b111d3c5ef1ef -> 
  custom:DOTSType/Unity.Entities.Editor.ComponentWrapperEditor: 8a0108ac83962ca58a0108ac83962ca5 -> 
  custom:video-codec-MediaFoundation-h265: 746d11721c4dcdbdad8f713fa42b33f4 -> 
  custom:DOTSType/Unity.Entities.SceneSectionData: eeed08dab67953cbeeed08dab67953cb -> 
  custom:DOTSType/Tanks.EffectPool: b07fd26d384c1aadb07fd26d384c1aad -> 
  custom:DOTSType/Zenject.Context: 7a9b164638a7c5fb7a9b164638a7c5fb -> 
  custom:DOTSType/Unity.Entities.Editor.EntitiesJournalingWindow: fb6228252c0089dcfb6228252c0089dc -> 
  custom:video-decoder-ogg-theora: a1e56fd34408186e4bbccfd4996cb3dc -> 
  custom:DOTSType/Unity.Scenes.ResolvedSceneHash: 10c2d6fb478167a310c2d6fb478167a3 -> 
  custom:DOTSType/Unity.Scenes.SceneSectionStreamingData: 01ac29b86b18dacf01ac29b86b18dacf -> 
  custom:DOTSType/Zenject.ZenjectStateMachineBehaviourAutoInjecter: bc2fa2415d8a8ef6bc2fa2415d8a8ef6 -> 
  custom:DOTSType/Unity.Entities.AdditionalEntityParent: a24d1678b03f0479a24d1678b03f0479 -> 
  custom:DOTSType/Unity.Entities.Simulate: e0c92315ec24632de0c92315ec24632d -> 
  custom:DOTSType/Unity.Physics.PhysicsVelocity: eae7719776411411eae7719776411411 -> 
  custom:DOTSType/Unity.Entities.Editor.SystemWrapperEditor: 8c892c6354f3a3138c892c6354f3a313 -> 
  custom:DOTSType/Unity.Entities.RetainBlobAssetBatchPtr: 14017b765908ee1d14017b765908ee1d -> 
  custom:DOTSType/Zenject.ZenjectBinding: 0569f6cfa9645a6e0569f6cfa9645a6e -> 
  custom:DOTSType/Tanks.Tests.TestCarnageIndicator+TestCarnageIndicatorEditor: a518ed1603ea4192a518ed1603ea4192 -> 
  custom:DOTSType/Unity.Physics.Authoring.CustomPhysicsProxyAuthoring: 90a4b67ea7c61e0c90a4b67ea7c61e0c -> 
  custom:DOTSType/Unity.Physics.Authoring.PhysicsMeshAuthoringData: 07c891dbd84b5d1c07c891dbd84b5d1c -> 
  custom:DOTSType/Unity.Scenes.LiveConversionPatcher+LiveConvertedSceneCleanup: 97dadd0f05dbc86997dadd0f05dbc869 -> 
  custom:DOTSType/UnityEngine.MeshCollider: 745c145fdcf1939e745c145fdcf1939e -> 
  custom:DOTSType/Unity.Physics.Authoring.ForceUniqueColliderAuthoring: 34be871ed7a74d6234be871ed7a74d62 -> 
  custom:DOTSType/Zenject.GameObjectContext: 694c79f9ded4c948694c79f9ded4c948 -> 
  custom:DOTSType/Unity.Physics.DummyColliderFakesComponent`1[[Unity.Physics.CapsuleCollider, Unity.Physics, Version=0.0.0.0, Culture=neutral, PublicKeyToken=null]]: 840aede77f375b4f840aede77f375b4f -> 
  custom:DOTSType/Unity.Physics.Authoring.StaticOptimizePhysicsBaking: f3a03d29cca9ceabf3a03d29cca9ceab -> 
  custom:DOTSType/Unity.Scenes.DisableLiveConversion: 543070e84ec00e2c543070e84ec00e2c -> 
  custom:DOTSType/Unity.Physics.Authoring.PhysicsCompoundData: 41f933035064165d41f933035064165d -> 
  custom:DOTSType/Tanks.AudioPool: 65d2a3a778887e6e65d2a3a778887e6e -> 
  custom:DOTSType/Unity.Physics.DummyColliderFakesComponent`1[[Unity.Physics.SphereCollider, Unity.Physics, Version=0.0.0.0, Culture=neutral, PublicKeyToken=null]]: 4818ec4955a46c414818ec4955a46c41 -> 
  custom:DOTSType/Unity.Transforms.Parent: 00b45826652a5ec600b45826652a5ec6 -> 
  custom:DOTSType/Unity.Physics.PhysicsCollider: 00548c0f8c0147a000548c0f8c0147a0 -> 
  custom:DOTSType/Unity.Physics.Authoring.PhysicsRootBaked: a150145af5348f6da150145af5348f6d -> 
  custom:DOTSType/Unity.Scenes.ResolveSceneReferenceSystem+AssetDependencyTrackerState: b2d132c8f66d836db2d132c8f66d836d -> 
  custom:DOTSType/Unity.Entities.CompanionLinkTransform: e392322015c13880e392322015c13880 -> 
  custom:DOTSType/Unity.Entities.Serialization.DotsSerialization+RevisionedRawDataNode: 7e711ae70d27259d7e711ae70d27259d -> 
  custom:CustomObjectIndexerAttribute: 9a22284fe3817be447336de3de66b15e -> 
  custom:DOTSType/Tanks.Projectile: 620e548336351b1d620e548336351b1d -> 
  custom:DOTSType/Unity.Physics.GraphicsIntegration.MostRecentFixedTime: 6c4396236e6646a76c4396236e6646a7 -> 
  custom:DOTSType/UnityEngine.ParticleSystem: 28fa60303afd747328fa60303afd7473 -> 
  custom:DOTSType/Unity.Physics.DummyColliderFakesComponent`1[[Unity.Physics.ConvexCollider, Unity.Physics, Version=0.0.0.0, Culture=neutral, PublicKeyToken=null]]: d00615a7bde8681ed00615a7bde8681e -> 
  custom:DOTSType/Unity.Physics.DummyColliderFakesComponent`1[[Unity.Physics.MeshCollider, Unity.Physics, Version=0.0.0.0, Culture=neutral, PublicKeyToken=null]]: 52b224b25d7c5a2552b224b25d7c5a25 -> 
  custom:container-demuxer-webm: 4f35f7cbe854078d1ac9338744f61a02 -> 
  custom:DOTSType/Unity.Entities.PrefabRoot: ea04b60a31090316ea04b60a31090316 -> 
  custom:DOTSType/Unity.Entities.RequestSceneLoaded: 62c081c918aff6ee62c081c918aff6ee -> 
  custom:DOTSType/Unity.Entities.BeginPresentationEntityCommandBufferSystem+Singleton: cbef056a920a5eadcbef056a920a5ead -> 
  custom:DOTSType/Unity.Entities.ChunkHeader: 490bb3205bb29fe6490bb3205bb29fe6 -> 
  custom:DOTSType/Unity.Scenes.IsSectionLoaded: 2e3c12f14f7600232e3c12f14f760023 -> 
  custom:DOTSType/Unity.Entities.Editor.SystemInfo: e869e7d857e70a99e869e7d857e70a99 -> 
  custom:DOTSType/Zenject.MonoInstaller: d4f508a97531178fd4f508a97531178f -> 
  custom:DOTSType/Unity.Entities.WorldTimeQueue: 48ce29752c66702348ce29752c667023 -> 
  custom:DOTSType/Unity.Entities.StaticOptimizeEntity: 346cca765bf51c72346cca765bf51c72 -> 
  custom:DOTSType/Unity.Entities.SectionMetadataSetup: 75ea136fdb0e54ba75ea136fdb0e54ba -> 
  custom:DOTSType/Tanks.ProjectilePool: ae6caa17fe3924ceae6caa17fe3924ce -> 
  custom:DOTSType/Unity.Scenes.SceneSectionReferencedUnityObjects: 2797689ad57679a22797689ad57679a2 -> 
  custom:DOTSType/Unity.Physics.Editor.PhysicsStepAuthoringEditor: b0470546a7982481b0470546a7982481 -> 
  custom:DOTSType/Unity.Physics.GraphicsIntegration.PhysicsRenderEntity: 17b73fa380da9cf517b73fa380da9cf5 -> 
  custom:DOTSType/Unity.Entities.Hybrid.Baking.LinkedEntityGroupBakingData: cd33507256493e18cd33507256493e18 -> 
  custom:DOTSType/UnityEngine.LODGroup: 15ad22bb5260348e15ad22bb5260348e -> 
  custom:DOTSType/Tanks.BaseInputController: 7c3584087687be277c3584087687be27 -> 
  custom:DOTSType/Unity.Entities.Editor.HierarchySelectionContext: eb8c02bbb8571091eb8c02bbb8571091 -> 
  custom:DOTSType/Unity.Physics.DummyColliderFakesComponent`1[[Unity.Physics.CompoundCollider, Unity.Physics, Version=0.0.0.0, Culture=neutral, PublicKeyToken=null]]: f0b0c805df9aab48f0b0c805df9aab48 -> 
  custom:DOTSType/Unity.Physics.Authoring.PhysicsColliderAuthoringData: 237ab57c84eb023d237ab57c84eb023d -> 
  custom:DOTSType/Unity.Entities.Entity: 295b0c964d12026f295b0c964d12026f -> 
  custom:DOTSType/Unity.Physics.DummyColliderFakesComponent`1[[Unity.Physics.TerrainCollider, Unity.Physics, Version=0.0.0.0, Culture=neutral, PublicKeyToken=null]]: 76d2966f42dff4df76d2966f42dff4df -> 
  custom:DOTSType/Unity.Scenes.PublicEntityRef: b380cfe1712d4500b380cfe1712d4500 -> 
  custom:DOTSType/Unity.Entities.Asset: 5205195e4c6bea1c5205195e4c6bea1c -> 
  custom:DOTSType/Unity.Physics.GraphicsIntegration.PhysicsGraphicalSmoothing: 1a649a11034ac6061a649a11034ac606 -> 
  custom:DOTSType/Unity.Physics.Systems.PhysicsAnalyticsSingleton: 261d1a0e3f762c88261d1a0e3f762c88 -> 
  custom:DOTSType/Unity.Physics.PhysicsTemporalCoherenceInfo: dd862a3ef5746267dd862a3ef5746267 -> 
  custom:DOTSType/Tanks.EffectPoolContainer: bf19857e7a596a2bbf19857e7a596a2b -> 
  custom:DOTSType/Unity.Physics.PhysicsStep: 4ca665c06bcf89ca4ca665c06bcf89ca -> 
  custom:DOTSType/UnityEngine.TextMesh: 6784c791d05273aa6784c791d05273aa -> 
  custom:DOTSType/Unity.Entities.CompanionGameObjectActiveCleanup: 4ff09409f1cce51f4ff09409f1cce51f -> 
  custom:DOTSType/Tanks.ReloadIndicator: 83d1d641d15e1d5483d1d641d15e1d54 -> 
  custom:DOTSType/Zenject.RunnableContext: f37beb99d06e39fbf37beb99d06e39fb -> 
  custom:DOTSType/Unity.Physics.Authoring.PhysicsDebugDisplayData: 0cdccf70b9e5e20d0cdccf70b9e5e20d -> 
  custom:DOTSType/Unity.Scenes.AssetObjectManifest: 84d682f40d46c88184d682f40d46c881 -> 
  custom:DOTSType/Unity.Entities.PostLoadCommandBuffer: d658541e4a41540dd658541e4a41540d -> 
  custom:DOTSType/Unity.Entities.Editor.ArchetypeInfo: b8b1bbcc600f6437b8b1bbcc600f6437 -> 
  custom:DOTSType/Tanks.Interface.Speedometer: 158cdf1f7f3d0d9c158cdf1f7f3d0d9c -> 
  custom:DOTSType/Tanks.BattleRam: 87a27f4ae62d951387a27f4ae62d9513 -> 
  custom:DOTSType/UnityEngine.BoxCollider: 8e5b85c4fec088d48e5b85c4fec088d4 -> 
  custom:DOTSType/Unity.Entities.Serialization.ExternalEntityReference: 415f45c8b00c90a4415f45c8b00c90a4 -> 
  custom:DOTSType/Unity.Entities.SceneSectionComponent: 22f65411cbba718222f65411cbba7182 -> 
  custom:DOTSType/Unity.Scenes.PrefabLoadResult: 71615367c37f030371615367c37f0303 -> 
  custom:DOTSType/Unity.Scenes.SceneSectionStreamingSystem+StreamingState: 7014161ec3350ad07014161ec3350ad0 -> 
  custom:DOTSType/Unity.Entities.Editor.UnsupportedEntityEditor: f4c4238e5d78020af4c4238e5d78020a -> 
  custom:DOTSType/Unity.Scenes.ResolvedSectionEntity: e83509e6ef73df7ae83509e6ef73df7a -> 
  custom:DOTSType/Unity.Scenes.DisableSceneResolveAndLoad: 41c98fa73f31b21a41c98fa73f31b21a -> 
  custom:DOTSType/Unity.Entities.LinkedEntityGroup: c1b61ecd5260e852c1b61ecd5260e852 -> 
  custom:DOTSType/Unity.Physics.Authoring.RigidbodyBakingData: 66caf1f3818b52fc66caf1f3818b52fc -> 
  custom:DOTSType/Zenject.ScriptableObjectInstaller: 47201fb43b11147d47201fb43b11147d -> 
  custom:DOTSType/Unity.Physics.Authoring.DetailedStaticMeshCollisionAuthoring: 35a7576e30820a5e35a7576e30820a5e -> 
  custom:DOTSType/Unity.Entities.Editor.UnsupportedGameObjectEditor: 5cff923fd1c387e15cff923fd1c387e1 -> 
  custom:DOTSType/Tanks.CinemachineInputCustomProvider: 53bf68681542a65453bf68681542a654 -> 
  custom:DOTSType/Zenject.SceneContext: 30c70a59093b925c30c70a59093b925c -> 
  custom:DOTSType/UnityEngine.MeshRenderer: 77aa4cb33b84a90377aa4cb33b84a903 -> 
  custom:DOTSType/Unity.Physics.Authoring.BakeStaticRoot: ac81d98288eb78feac81d98288eb78fe -> 
  custom:DOTSType/Unity.Entities.Serialization.DotsSerialization+StringTableNode: db9aacf636d95b56db9aacf636d95b56 -> 
  custom:DOTSType/Zenject.SceneContextEditor: f5ac3d9288ab62bbf5ac3d9288ab62bb -> 
  custom:DOTSType/Unity.Entities.Disabled: ea10d702b0a42592ea10d702b0a42592 -> 
  custom:DOTSType/Unity.Entities.Editor.EntityEditor: 4502e3ccdb7ac0e04502e3ccdb7ac0e0 -> 
  custom:DOTSType/Unity.Physics.Systems.BroadphaseData: cf796e61bbb1c05fcf796e61bbb1c05f -> 
  custom:DOTSType/Unity.Entities.Editor.ArchetypesWindow: bde482c89698b5c7bde482c89698b5c7 -> 
  custom:DOTSType/Unity.Physics.PhysicsMass: dd66b9b7945f3ac7dd66b9b7945f3ac7 -> 
  custom:DOTSType/Unity.Physics.Systems.BuildPhysicsWorldData: 403d401e5c7292c3403d401e5c7292c3 -> 
  custom:DOTSType/Unity.Scenes.SceneBoundingVolume: 3407604aa951263f3407604aa951263f -> 
  custom:video-encoder-webm-vp8: eb34c28f22e8b96e1ab97ce403110664 -> 
  custom:DOTSType/Unity.Physics.Authoring.PhysicsColliderBakedData: 4b51dd6d702fa42d4b51dd6d702fa42d -> 
  custom:DOTSType/UnityEngine.SphereCollider: 82c25a73f4a3118382c25a73f4a31183 -> 
  custom:DOTSType/Unity.Scenes.SubScene: ac4196b7e94e44ecac4196b7e94e44ec -> 
  custom:DOTSType/Unity.Physics.DummyColliderFakesComponent`1[[Unity.Physics.Collider, Unity.Physics, Version=0.0.0.0, Culture=neutral, PublicKeyToken=null]]: 9b1dfcaf09a3b4529b1dfcaf09a3b452 -> 
  custom:DOTSType/Unity.Entities.Editor.HierarchyEntityChangeTracker+UnusedTag: e99f3a5fcb8d8012e99f3a5fcb8d8012 -> 
  custom:DOTSType/Unity.Physics.PhysicsMassOverride: 6fcef11ae9d1bc306fcef11ae9d1bc30 -> 
  custom:DOTSType/Unity.Entities.BlobAssetOwner: c83c63163f833390c83c63163f833390 -> 
  custom:DOTSType/Zenject.CheatSheet+Foo: 818256864703f221818256864703f221 -> 
  custom:DOTSType/Unity.Physics.Authoring.CustomPhysicsBodyTagNames: cf633e3d702fe67dcf633e3d702fe67d -> 
  custom:DOTSType/UnityEngine.CapsuleCollider: be84ea475def5c96be84ea475def5c96 -> 
  custom:DOTSType/Unity.Physics.PhysicsTemporalCoherenceTag: 078e815b3514dfd3078e815b3514dfd3 -> 
  custom:DOTSType/Unity.Entities.Editor.JournalManagerWrapperEditor: cb69e60b3422ccebcb69e60b3422cceb -> 
  custom:DOTSType/Unity.Entities.SceneReference: 93a995b4b28fc25393a995b4b28fc253 -> 
  custom:DOTSType/Unity.Entities.Editor.UnsupportedPrefabEntityEditor: 42b92ebb8c8886cf42b92ebb8c8886cf -> 
  custom:DOTSType/Unity.Entities.Serialization.DotsSerialization+NodeHeader: 2a912a6fdedc77ae2a912a6fdedc77ae -> 
  custom:DOTSType/Zenject.ZenAutoInjecter: 778eb5667a6355bc778eb5667a6355bc -> 
  custom:DOTSType/Unity.Entities.SceneSection: bdba69731fc8f3e7bdba69731fc8f3e7 -> 
  custom:DOTSType/Tanks.Patrol: af24d179ee3e03f0af24d179ee3e03f0 -> 
  custom:DOTSType/Unity.Physics.DummyColliderFakesComponent`1[[Unity.Physics.BoxCollider, Unity.Physics, Version=0.0.0.0, Culture=neutral, PublicKeyToken=null]]: f425b7fd66e06988f425b7fd66e06988 -> 
  custom:DOTSType/Unity.Entities.TransformAuthoring: d03322d6827741e8d03322d6827741e8 -> 
  custom:DOTSType/Zenject.ProjectKernel: efdc3d3e4e17fb07efdc3d3e4e17fb07 -> 
  custom:DOTSType/Tanks.TransmissionSettings: b0a3fa15cf2503fcb0a3fa15cf2503fc -> 
  custom:DOTSType/UnityEngine.ParticleSystemRenderer: 818ef389bd33d482818ef389bd33d482 -> 
  custom:DOTSType/Unity.Entities.BeginSimulationEntityCommandBufferSystem+Singleton: 5406e750b86f24a55406e750b86f24a5 -> 
  custom:DOTSType/Unity.Scenes.Editor.GlobalEntitiesDependencyInspector: 3df09afcbb66d7bb3df09afcbb66d7bb -> 
========================================================================
Received Prepare
Assembly reference Packages/com.unity.entities/Unity.Scenes.Editor/Internals/Properties/Unity.Properties.Internals.asmref has no target assembly definition
Assembly reference Packages/com.unity.entities/Unity.Scenes.Editor/Internals/Properties/Unity.Properties.Internals.asmref has no target assembly definition
Begin MonoManager ReloadAssembly
- Loaded All Assemblies, in  0.991 seconds
Refreshing native plugins compatible for Editor in 12.12 ms, found 5 plugins.
Native extension for WindowsStandalone target not found
Assembly reference Packages/com.unity.entities/Unity.Scenes.Editor/Internals/Properties/Unity.Properties.Internals.asmref has no target assembly definition
TypeManager.Initialize took: 370ms
Mono: successfully reloaded assembly
- Finished resetting the current domain, in  3.393 seconds
Domain Reload Profiling: 4380ms
	BeginReloadAssembly (294ms)
		ExecutionOrderSort (0ms)
		DisableScriptedObjects (9ms)
		BackupInstance (0ms)
		ReleaseScriptingObjects (0ms)
		CreateAndSetChildDomain (105ms)
	RebuildCommonClasses (51ms)
	RebuildNativeTypeToScriptingClass (24ms)
	initialDomainReloadingComplete (65ms)
	LoadAllAssembliesAndSetupDomain (551ms)
		LoadAssemblies (646ms)
		RebuildTransferFunctionScriptingTraits (0ms)
		AnalyzeDomain (37ms)
			TypeCache.Refresh (14ms)
				TypeCache.ScanAssembly (0ms)
			ScanForSourceGeneratedMonoScriptInfo (0ms)
			ResolveRequiredComponents (20ms)
	FinalizeReload (3394ms)
		ReleaseScriptCaches (0ms)
		RebuildScriptCaches (0ms)
		SetupLoadedEditorAssemblies (2362ms)
			LogAssemblyErrors (0ms)
			InitializePlatformSupportModulesInManaged (9ms)
			SetLoadedEditorAssemblies (13ms)
			RefreshPlugins (0ms)
			BeforeProcessingInitializeOnLoad (305ms)
			ProcessInitializeOnLoadAttributes (1541ms)
			ProcessInitializeOnLoadMethodAttributes (482ms)
			AfterProcessingInitializeOnLoad (11ms)
			EditorAssembliesLoaded (1ms)
		ExecutionOrderSort2 (0ms)
		AwakeInstancesAfterBackupRestoration (12ms)
Refreshing native plugins compatible for Editor in 8.55 ms, found 5 plugins.
Preloading 0 native plugins for Editor in 0.00 ms.
Unloading 6859 Unused Serialized files (Serialized files now loaded: 0)
Unloading 95 unused Assets / (123.6 KB). Loaded Objects now: 7341.
Memory consumption went from 221.0 MB to 220.9 MB.
Total: 6.324600 ms (FindLiveObjects: 0.745400 ms CreateObjectMapping: 0.489100 ms MarkObjects: 4.921500 ms  DeleteObjects: 0.166900 ms)

Unloading 0 Unused Serialized files (Serialized files now loaded: 0)
Unloading 0 unused Assets / (125.5 KB). Loaded Objects now: 7341.
Memory consumption went from 220.8 MB to 220.7 MB.
Total: 6.806200 ms (FindLiveObjects: 0.706300 ms CreateObjectMapping: 0.560400 ms MarkObjects: 5.411100 ms  DeleteObjects: 0.127400 ms)

Prepare: number of updated asset objects reloaded= 0
AssetImportParameters requested are different than current active one (requested -> active):
  custom:DOTSType/Zenject.MonoInstallerBase: 95f86c107dc723fe95f86c107dc723fe -> 
  custom:DOTSType/Unity.Entities.EntityGuid: 8e99211435a26d668e99211435a26d66 -> 
  custom:DOTSType/Tanks.TurretController: e7fde51fa66b4c5ee7fde51fa66b4c5e -> 
  custom:DOTSType/Unity.Entities.DefaultWorldInitializationProxy: 3bc53c9cad9070363bc53c9cad907036 -> 
  custom:container-demuxer-ogg: 62fdf1f143b41e24485cea50d1cbac27 -> 
  custom:DOTSType/Zenject.Internal.DefaultSceneContractConfig: a78f29ab0132239ca78f29ab0132239c -> 
  custom:DOTSType/Unity.Physics.EnsureUniqueColliderBlobTag: 3e3264c9c7497b3b3e3264c9c7497b3b -> 
  custom:DOTSType/Unity.Scenes.SceneEntityReference: 646ffd19b744bbdb646ffd19b744bbdb -> 
  custom:DOTSType/Unity.Entities.Hybrid.Baking.BakingOnlyEntityAuthoringBaker+BakingOnlyChildren: 9c3cc3aa8ff875949c3cc3aa8ff87594 -> 
  custom:DOTSType/Unity.Entities.EntityManager+IsolateCopiedEntities: 703c8c39c22b63af703c8c39c22b63af -> 
  custom:DOTSType/Unity.Entities.BeginVariableRateSimulationEntityCommandBufferSystem+Singleton: 40006e500ad5800440006e500ad58004 -> 
  custom:DOTSType/UnityEngine.LightProbeProxyVolume: cd06291433fcac4ccd06291433fcac4c -> 
  custom:EntityBinaryFileFormatVersion: b618570c169a919bbb95b4bd7e4084ba -> 
  custom:DOTSType/Unity.Physics.Authoring.DisplayGizmoColliderEdges+DrawWithGizmos: a6749ec75af14c28a6749ec75af14c28 -> 
  custom:DOTSType/Tanks.SkyRotation: 6a30c8e81d68dcd96a30c8e81d68dcd9 -> 
  custom:DOTSType/Unity.Entities.Editor.ComponentInfo: b6911f4bc3b03db5b6911f4bc3b03db5 -> 
  custom:DOTSType/Unity.Entities.BurstCompatibleComponentData: 1d232e8370167ced1d232e8370167ced -> 
  custom:DOTSType/Unity.Entities.RetainBlobAssetPtr: f51a437fde39ac82f51a437fde39ac82 -> 
  custom:DOTSType/Unity.Physics.Authoring.PhysicsStepAuthoring: 29ca86243fe93d3b29ca86243fe93d3b -> 
  custom:DOTSType/Unity.Entities.BakedEntity: 6cda7616df5335d16cda7616df5335d1 -> 
  custom:DOTSType/Unity.Transforms.Static: a08c19e85cdd5a49a08c19e85cdd5a49 -> 
  custom:DOTSType/Unity.Entities.Editor.InvalidEntityEditor: c09028623072dbb6c09028623072dbb6 -> 
  custom:DOTSType/UnityEngine.Collider: e796157eabb2316ee796157eabb2316e -> 
  custom:framework-win-MediaFoundation: 216162199b28c13a410421893ffa2e32 -> 
  custom:DOTSType/UnityEngine.Transform: 3954159e9eb625f23954159e9eb625f2 -> 
  custom:DOTSType/Unity.Physics.Authoring.PhysicsWorldIndexAuthoring: c35779b88bcbf0f5c35779b88bcbf0f5 -> 
  custom:DOTSType/Unity.Scenes.Editor.GameObjectSceneMetaDataImporter: 35c29e171f7f1b1235c29e171f7f1b12 -> 
  custom:DOTSType/Tanks.Wheel: 8000d516241cf2618000d516241cf261 -> 
  custom:DOTSType/Unity.Entities.Editor.EntitySelectionProxy: 640f096afb1dc192640f096afb1dc192 -> 
  custom:DOTSType/Tanks.Tests.TestInputController: da9d7109e7aa2efada9d7109e7aa2efa -> 
  custom:DOTSType/Unity.Entities.OmitLinkedEntityGroupFromPrefabInstance: d5447758848371b8d5447758848371b8 -> 
  custom:DOTSType/Unity.Entities.Editor.HierarchyWindow: 68a3d7f4e81dfa3968a3d7f4e81dfa39 -> 
  custom:DOTSType/Unity.Entities.CleanupEntity: 91c2e7742ff7a40291c2e7742ff7a402 -> 
  custom:DOTSType/Zenject.MonoKernel: ad622fbf2f55726ead622fbf2f55726e -> 
  custom:DOTSType/Zenject.DefaultGameObjectKernel: 4e750c357d05f8164e750c357d05f816 -> 
  custom:DOTSType/Zenject.GameObjectContextEditor: e47fe5c2e2a879a3e47fe5c2e2a879a3 -> 
  custom:DOTSType/Unity.Scenes.RequestSceneHeader: 539e2df9dd1c5383539e2df9dd1c5383 -> 
  custom:DOTSType/Unity.Entities.BakingOnlyEntity: 6d61bb30b0fe96a06d61bb30b0fe96a0 -> 
  custom:DOTSType/UnityEngine.ReflectionProbe: 74c5d94e403ee5bf74c5d94e403ee5bf -> 
  custom:DOTSType/Unity.Physics.Authoring.PhysicsWorldIndexBakingData: eb7993b47224fdb3eb7993b47224fdb3 -> 
  custom:DOTSType/Tanks.TankController: 5fe8cedbca51d9d55fe8cedbca51d9d5 -> 
  custom:DOTSType/Unity.Scenes.Editor.ClearEntitiesCacheWindow: ff5e4942d7943fe4ff5e4942d7943fe4 -> 
  custom:DOTSType/Unity.Entities.Serialization.DotsSerialization+TypeNamesNode: 481f56363f3115ba481f56363f3115ba -> 
  custom:DOTSType/Unity.Entities.Hybrid.Baking.BakingOnlyEntityAuthoring: b00feda2188a9371b00feda2188a9371 -> 
  custom:DOTSType/Unity.Scenes.ResolvedSectionPath: bf9e38f006f83cb7bf9e38f006f83cb7 -> 
  custom:DOTSType/Unity.Deformations.BlendShapeWeight: d26eabb95dfc9b4dd26eabb95dfc9b4d -> 
  custom:DOTSType/Unity.Scenes.ReferencedUnityObjects: b8073d4731436522b8073d4731436522 -> 
  custom:DOTSType/Unity.Physics.Authoring.PhysicsDebugDisplayAuthoring: 048169f5bbaf7cd0048169f5bbaf7cd0 -> 
  custom:DOTSType/Unity.Scenes.Editor.SubSceneInspector: 6e96e553cf64778e6e96e553cf64778e -> 
  custom:DOTSType/Unity.Physics.GraphicsIntegration.SmoothRigidBodiesGraphicalMotion+RigidBodySmoothingWorldIndex: 988440dd19a406ed988440dd19a406ed -> 
  custom:DOTSType/Unity.Physics.PhysicsConstrainedBodyPair: 37ca29e9e58c191137ca29e9e58c1911 -> 
  custom:DOTSType/Unity.Physics.ColliderBlobCleanupData: 18f3eb94199c5e3618f3eb94199c5e36 -> 
  custom:DOTSType/Unity.Physics.PhysicsDamping: 579a7188c5fb1464579a7188c5fb1464 -> 
  custom:container-muxer-webm: aa71ff27fc2769a1b78a27578f13a17b -> 
  custom:DOTSType/Unity.Entities.CompanionGameObjectUpdateTransformCleanup: 0a4e12c25aaf05e00a4e12c25aaf05e0 -> 
  custom:DOTSType/Tanks.Editor.TransmissionSettingsEditor: 5c05f270edf687155c05f270edf68715 -> 
  custom:DOTSType/Unity.Entities.EndSimulationEntityCommandBufferSystem+Singleton: 6cc3a7136f47def06cc3a7136f47def0 -> 
  custom:DOTSType/Unity.Physics.Authoring.PhysicsDebugDisplaySystem+DrawComponent: fbecd1af1d76e089fbecd1af1d76e089 -> 
  custom:video-decoder-webm-vp8: 9c59270c3fd7afecdb556c50c9e8de78 -> 
  custom:DOTSType/Zenject.GuiRenderer: 77a380f71106289e77a380f71106289e -> 
  custom:DOTSType/Zenject.AnimatorMoveHandlerManager: 48d7fbeaa25297da48d7fbeaa25297da -> 
  custom:DOTSType/UnityEngine.GameObject: aef60e3f2ae5ad9aaef60e3f2ae5ad9a -> 
  custom:SearchIndexIgnoredProperties: e643bd26f0fe6173181afceb89e7c659 -> 
  custom:DOTSAllSystemsVersion: ffb3322ebf2cc81fbcc35437f1236753 -> 
  custom:DOTSType/Unity.Physics.GraphicsIntegration.PhysicsGraphicalInterpolationBuffer: 7baea6e725f3208c7baea6e725f3208c -> 
  custom:AudioImporter_EditorPlatform: d09bf68614088b80899f8185d706f6e7 -> 
  custom:DOTSType/Tanks.Interface.CarnageSettings: 06a0f3af603600f206a0f3af603600f2 -> 
  custom:DOTSType/Zenject.ProjectContextEditor: f68c5f17562ef273f68c5f17562ef273 -> 
  custom:DOTSType/Unity.Entities.Serialization.DotsSerialization+FolderNode: 98c33d003d1b152b98c33d003d1b152b -> 
  custom:DOTSType/Unity.Entities.CompanionReference: 4de8f4179bbe96e74de8f4179bbe96e7 -> 
  custom:DOTSType/UnityEngine.VFX.VisualEffect: dc0e74262f371f63dc0e74262f371f63 -> 
  custom:DOTSType/Unity.Entities.Hybrid.Baking.AdditionalEntitiesBakingData: d81e35bf039925b8d81e35bf039925b8 -> 
  custom:DOTSType/UnityEngine.SpriteRenderer: 61a676ec163f72b161a676ec163f72b1 -> 
  custom:DOTSType/Unity.Entities.Editor.JournalingWrapperEditor: 7820ec03259d9ee57820ec03259d9ee5 -> 
  custom:DOTSType/Tanks.Tank.ProjectileTracker: 101b4b340f8400be101b4b340f8400be -> 
  custom:DOTSType/Unity.Deformations.SkinMatrix: 4b50a0962ac5e60d4b50a0962ac5e60d -> 
  custom:DOTSType/Unity.Scenes.WeakAssetReferenceLoadingData: 451a8b20bc4a35f6451a8b20bc4a35f6 -> 
  custom:DOTSType/Unity.Entities.BurstCompatibleSharedComponentData: 6239fcd2cd3b1c316239fcd2cd3b1c31 -> 
  custom:DOTSType/Unity.Physics.PhysicsCustomTags: 7d9dddf48b181c997d9dddf48b181c99 -> 
  custom:DOTSType/Zenject.SceneDecoratorContext: 47847979bf9052df47847979bf9052df -> 
  custom:DOTSType/Unity.Entities.Editor.ArchetypeWrapperEditor: fcd41c2e8cb6c202fcd41c2e8cb6c202 -> 
  custom:DOTSType/Unity.Physics.PhysicsGravityFactor: 8ab51309e4cdebcc8ab51309e4cdebcc -> 
  custom:DOTSType/Tanks.PlayerInputController: eeac7a82da062014eeac7a82da062014 -> 
  custom:DOTSType/Unity.Entities.SceneTag: 7a384971715860367a38497171586036 -> 
  custom:DOTSType/Unity.Physics.Systems.DummySimulationData: e73bf206ed8976b1e73bf206ed8976b1 -> 
  custom:DOTSType/Unity.Physics.CustomPhysicsProxyDriver: d8e4875a8f47327fd8e4875a8f47327f -> 
  custom:DOTSType/Unity.Entities.Editor.InvalidSelectionEditor: bb0f099005812d55bb0f099005812d55 -> 
  custom:DOTSType/Tanks.Interface.CarnageIndicator: 7a2a70789a91028f7a2a70789a91028f -> 
  custom:DOTSType/Unity.Physics.StepInputSingleton: f5a13022ab227cfff5a13022ab227cff -> 
  custom:DOTSType/Unity.Transforms.LocalToWorld: f07e17bb4e08548ef07e17bb4e08548e -> 
  custom:DOTSType/Unity.Entities.Prefab: 8cefcfc0e3366a618cefcfc0e3366a61 -> 
  custom:DOTSType/Unity.Transforms.PreviousParent: f7f96ed2f665f721f7f96ed2f665f721 -> 
  custom:DOTSType/Unity.Entities.EditorRenderData: 23031dfb0b685e0c23031dfb0b685e0c -> 
  custom:DOTSType/Tanks.TankGameInstaller: ab41efd1a1117644ab41efd1a1117644 -> 
  custom:DOTSType/Tanks.Tests.TestCarnageIndicator: c8904b0627773241c8904b0627773241 -> 
  custom:DOTSType/Unity.Entities.Editor.JournalEntry: fa64f1a8d5097849fa64f1a8d5097849 -> 
  custom:DOTSType/Unity.Scenes.GlobalEntitiesDependency: 272e3c9ba12b159e272e3c9ba12b159e -> 
  custom:audio-decoder-ogg-vorbis: bf7c407c2cedff20999df2af8eb42d56 -> 
  custom:ProjectSettings/EntitiesClientSettings.asset: 57fa4463d8597ee36c3803b5983b6213 -> 
  custom:DOTSType/Unity.Entities.RetainBlobAssets: e3007bd0d4f5ba8be3007bd0d4f5ba8b -> 
  custom:DOTSType/Tanks.TankAudioSystem: e0c4f60227f2a2a8e0c4f60227f2a2a8 -> 
  custom:DOTSType/Unity.Scenes.SceneSystemData: 358f9772a0e70c53358f9772a0e70c53 -> 
  custom:DOTSType/Zenject.SceneDecoratorContextEditor: ca86c2fb23338ef7ca86c2fb23338ef7 -> 
  custom:DOTSType/Unity.Physics.PhysicsWorldIndex: 44b485a5651ecbf844b485a5651ecbf8 -> 
  custom:DOTSType/Unity.Entities.EndInitializationEntityCommandBufferSystem+Singleton: 75800829e25c245f75800829e25c245f -> 
  custom:DOTSType/Unity.Entities.Build.EntitiesClientSettings: 379ca95f1f31bbbc379ca95f1f31bbbc -> 
  custom:DOTSType/Zenject.ProjectContext: 73c2192ee2a3347973c2192ee2a33479 -> 
  custom:DOTSType/Zenject.RunnableContextEditor: 761811f71f3da7bc761811f71f3da7bc -> 
  custom:DOTSType/UnityEngine.AudioSource: aed3a424fdd48d59aed3a424fdd48d59 -> 
  custom:DOTSType/Unity.Scenes.RequestEntityPrefabLoaded: fc4092a08e154a96fc4092a08e154a96 -> 
  custom:DOTSType/Unity.Entities.SystemInstance: bb0dfff8e9a48357bb0dfff8e9a48357 -> 
  custom:DOTSType/Unity.Entities.RemoveUnusedEntityInBake: 0973223cb916c16b0973223cb916c16b -> 
  custom:DOTSType/Unity.Entities.EndVariableRateSimulationEntityCommandBufferSystem+Singleton: 78d2450a82ebc20778d2450a82ebc207 -> 
  custom:DOTSType/Unity.Physics.DummyColliderFakesComponent`1[[Unity.Physics.CylinderCollider, Unity.Physics, Version=0.0.0.0, Culture=neutral, PublicKeyToken=null]]: 2d82e9daa82955bf2d82e9daa82955bf -> 
  custom:audio-encoder-webm-vorbis: bf7c407c2cedff20999df2af8eb42d56 -> 
  custom:DOTSType/Unity.Entities.BeginFixedStepSimulationEntityCommandBufferSystem+Singleton: 5857035820ee1e635857035820ee1e63 -> 
  custom:DOTSType/Unity.Physics.PhysicsJointCompanion: 655fde98af64ce94655fde98af64ce94 -> 
  custom:DOTSType/Unity.Scenes.WeakAssetPrefabLoadRequest: b6d72391c4d3d049b6d72391c4d3d049 -> 
  custom:DOTSType/Tanks.Legacy.LegacyTransmissionSettings: 84b2093787e9240c84b2093787e9240c -> 
  custom:DOTSType/Tanks.Legacy.Editor.LegacyTransmissionSettingsEditor: f063a9f322024a22f063a9f322024a22 -> 
  custom:DOTSType/Zenject.ScriptableObjectInstallerBase: 564d9b68561bb94d564d9b68561bb94d -> 
  custom:DOTSType/Unity.Physics.Editor.CustomPhysicsBodyTagNamesEditor: 5e056a649e13a00c5e056a649e13a00c -> 
  custom:DOTSType/Unity.Physics.PhysicsWorldSingleton: 90bad7c95a54d00590bad7c95a54d005 -> 
  custom:DOTSType/Unity.Entities.BurstCompatibleBufferElement: 9256282cac425e579256282cac425e57 -> 
  custom:DOTSType/Unity.Entities.CompanionLink: 4813070be25c6d6a4813070be25c6d6a -> 
  custom:DOTSType/Unity.Physics.DummyColliderFakesComponent`1[[Unity.Physics.PolygonCollider, Unity.Physics, Version=0.0.0.0, Culture=neutral, PublicKeyToken=null]]: 3f38e3dc511d48d23f38e3dc511d48d2 -> 
  custom:SceneMetaDataFileFormatVersion: 18e216f4893c3ae43d5b4b3a88de92ca -> 
  custom:DOTSType/Unity.Entities.Editor.SystemScheduleWindow: dfecb8af58c97f0adfecb8af58c97f0a -> 
  custom:DOTSType/Unity.Physics.PhysicsColliderKeyEntityPair: e3185876db01deade3185876db01dead -> 
  custom:DOTSType/Zenject.ContextEditor: 0791a612a42c17bc0791a612a42c17bc -> 
  custom:DOTSType/Zenject.AnimatorIkHandlerManager: 6bf1f62125213c446bf1f62125213c44 -> 
  custom:DOTSType/Unity.Transforms.LocalTransform: d07f194ee4791f00d07f194ee4791f00 -> 
  custom:DOTSType/Unity.Physics.PhysicsJoint: e49afdd9ec82159fe49afdd9ec82159f -> 
  custom:DOTSType/Unity.Scenes.PrefabAssetReference: 924b87ecab3719ce924b87ecab3719ce -> 
  custom:DOTSType/UnityEngine.Rigidbody: 90d4f52b90e97d3190d4f52b90e97d31 -> 
  custom:DOTSType/Unity.Transforms.PostTransformMatrix: d5b773053bc4fc92d5b773053bc4fc92 -> 
  custom:DOTSType/Unity.Entities.WorldTime: efd6631e6d47e1c0efd6631e6d47e1c0 -> 
  custom:DOTSType/Unity.Entities.Editor.ComponentsWindow: f3a47022486a5e37f3a47022486a5e37 -> 
  custom:DOTSType/Unity.Entities.Editor.JournalManager: bd6303929aef5048bd6303929aef5048 -> 
  custom:DOTSType/Zenject.SceneKernel: 14c92f57ead5fa5a14c92f57ead5fa5a -> 
  custom:DOTSType/Unity.Scenes.Editor.SubSceneImporter: fbc2a6bb48307f94fbc2a6bb48307f94 -> 
  custom:DOTSType/UnityEngine.Light: 47f771faf20222f647f771faf20222f6 -> 
  custom:DOTSType/Unity.Entities.EndFixedStepSimulationEntityCommandBufferSystem+Singleton: 903138f233c08b6f903138f233c08b6f -> 
  custom:DOTSType/Unity.Entities.Hybrid.Baking.LinkedEntityGroupAuthoring: 463b7158f57f2778463b7158f57f2778 -> 
  custom:DOTSType/Unity.Entities.BeginInitializationEntityCommandBufferSystem+Singleton: 1dafdf6276a3f02d1dafdf6276a3f02d -> 
  custom:DOTSType/Unity.Physics.SimulationSingleton: 2c12c15cc1aaefd42c12c15cc1aaefd4 -> 
  custom:DOTSType/Unity.Transforms.Child: 5a0b111d3c5ef1ef5a0b111d3c5ef1ef -> 
  custom:DOTSType/Unity.Entities.Editor.ComponentWrapperEditor: 8a0108ac83962ca58a0108ac83962ca5 -> 
  custom:video-codec-MediaFoundation-h265: 746d11721c4dcdbdad8f713fa42b33f4 -> 
  custom:DOTSType/Unity.Entities.SceneSectionData: eeed08dab67953cbeeed08dab67953cb -> 
  custom:DOTSType/Tanks.EffectPool: b07fd26d384c1aadb07fd26d384c1aad -> 
  custom:DOTSType/Zenject.Context: 7a9b164638a7c5fb7a9b164638a7c5fb -> 
  custom:DOTSType/Unity.Entities.Editor.EntitiesJournalingWindow: fb6228252c0089dcfb6228252c0089dc -> 
  custom:video-decoder-ogg-theora: a1e56fd34408186e4bbccfd4996cb3dc -> 
  custom:DOTSType/Unity.Scenes.ResolvedSceneHash: 10c2d6fb478167a310c2d6fb478167a3 -> 
  custom:DOTSType/Unity.Scenes.SceneSectionStreamingData: 01ac29b86b18dacf01ac29b86b18dacf -> 
  custom:DOTSType/Zenject.ZenjectStateMachineBehaviourAutoInjecter: bc2fa2415d8a8ef6bc2fa2415d8a8ef6 -> 
  custom:DOTSType/Unity.Entities.AdditionalEntityParent: a24d1678b03f0479a24d1678b03f0479 -> 
  custom:DOTSType/Unity.Entities.Simulate: e0c92315ec24632de0c92315ec24632d -> 
  custom:DOTSType/Unity.Physics.PhysicsVelocity: eae7719776411411eae7719776411411 -> 
  custom:DOTSType/Unity.Entities.Editor.SystemWrapperEditor: 8c892c6354f3a3138c892c6354f3a313 -> 
  custom:DOTSType/Unity.Entities.RetainBlobAssetBatchPtr: 14017b765908ee1d14017b765908ee1d -> 
  custom:DOTSType/Zenject.ZenjectBinding: 0569f6cfa9645a6e0569f6cfa9645a6e -> 
  custom:DOTSType/Tanks.Tests.TestCarnageIndicator+TestCarnageIndicatorEditor: a518ed1603ea4192a518ed1603ea4192 -> 
  custom:DOTSType/Unity.Physics.Authoring.CustomPhysicsProxyAuthoring: 90a4b67ea7c61e0c90a4b67ea7c61e0c -> 
  custom:DOTSType/Unity.Physics.Authoring.PhysicsMeshAuthoringData: 07c891dbd84b5d1c07c891dbd84b5d1c -> 
  custom:DOTSType/Unity.Scenes.LiveConversionPatcher+LiveConvertedSceneCleanup: 97dadd0f05dbc86997dadd0f05dbc869 -> 
  custom:DOTSType/UnityEngine.MeshCollider: 745c145fdcf1939e745c145fdcf1939e -> 
  custom:DOTSType/Unity.Physics.Authoring.ForceUniqueColliderAuthoring: 34be871ed7a74d6234be871ed7a74d62 -> 
  custom:DOTSType/Zenject.GameObjectContext: 694c79f9ded4c948694c79f9ded4c948 -> 
  custom:DOTSType/Unity.Physics.DummyColliderFakesComponent`1[[Unity.Physics.CapsuleCollider, Unity.Physics, Version=0.0.0.0, Culture=neutral, PublicKeyToken=null]]: 840aede77f375b4f840aede77f375b4f -> 
  custom:DOTSType/Unity.Physics.Authoring.StaticOptimizePhysicsBaking: f3a03d29cca9ceabf3a03d29cca9ceab -> 
  custom:DOTSType/Unity.Scenes.DisableLiveConversion: 543070e84ec00e2c543070e84ec00e2c -> 
  custom:DOTSType/Unity.Physics.Authoring.PhysicsCompoundData: 41f933035064165d41f933035064165d -> 
  custom:DOTSType/Tanks.AudioPool: 65d2a3a778887e6e65d2a3a778887e6e -> 
  custom:DOTSType/Unity.Physics.DummyColliderFakesComponent`1[[Unity.Physics.SphereCollider, Unity.Physics, Version=0.0.0.0, Culture=neutral, PublicKeyToken=null]]: 4818ec4955a46c414818ec4955a46c41 -> 
  custom:DOTSType/Unity.Transforms.Parent: 00b45826652a5ec600b45826652a5ec6 -> 
  custom:DOTSType/Unity.Physics.PhysicsCollider: 00548c0f8c0147a000548c0f8c0147a0 -> 
  custom:DOTSType/Unity.Physics.Authoring.PhysicsRootBaked: a150145af5348f6da150145af5348f6d -> 
  custom:DOTSType/Unity.Scenes.ResolveSceneReferenceSystem+AssetDependencyTrackerState: b2d132c8f66d836db2d132c8f66d836d -> 
  custom:DOTSType/Unity.Entities.CompanionLinkTransform: e392322015c13880e392322015c13880 -> 
  custom:DOTSType/Unity.Entities.Serialization.DotsSerialization+RevisionedRawDataNode: 7e711ae70d27259d7e711ae70d27259d -> 
  custom:CustomObjectIndexerAttribute: 9a22284fe3817be447336de3de66b15e -> 
  custom:DOTSType/Tanks.Projectile: 620e548336351b1d620e548336351b1d -> 
  custom:DOTSType/Unity.Physics.GraphicsIntegration.MostRecentFixedTime: 6c4396236e6646a76c4396236e6646a7 -> 
  custom:DOTSType/UnityEngine.ParticleSystem: 28fa60303afd747328fa60303afd7473 -> 
  custom:DOTSType/Unity.Physics.DummyColliderFakesComponent`1[[Unity.Physics.ConvexCollider, Unity.Physics, Version=0.0.0.0, Culture=neutral, PublicKeyToken=null]]: d00615a7bde8681ed00615a7bde8681e -> 
  custom:DOTSType/Unity.Physics.DummyColliderFakesComponent`1[[Unity.Physics.MeshCollider, Unity.Physics, Version=0.0.0.0, Culture=neutral, PublicKeyToken=null]]: 52b224b25d7c5a2552b224b25d7c5a25 -> 
  custom:container-demuxer-webm: 4f35f7cbe854078d1ac9338744f61a02 -> 
  custom:DOTSType/Unity.Entities.PrefabRoot: ea04b60a31090316ea04b60a31090316 -> 
  custom:DOTSType/Unity.Entities.RequestSceneLoaded: 62c081c918aff6ee62c081c918aff6ee -> 
  custom:DOTSType/Unity.Entities.BeginPresentationEntityCommandBufferSystem+Singleton: cbef056a920a5eadcbef056a920a5ead -> 
  custom:DOTSType/Unity.Entities.ChunkHeader: 490bb3205bb29fe6490bb3205bb29fe6 -> 
  custom:DOTSType/Unity.Scenes.IsSectionLoaded: 2e3c12f14f7600232e3c12f14f760023 -> 
  custom:DOTSType/Unity.Entities.Editor.SystemInfo: e869e7d857e70a99e869e7d857e70a99 -> 
  custom:DOTSType/Zenject.MonoInstaller: d4f508a97531178fd4f508a97531178f -> 
  custom:DOTSType/Unity.Entities.WorldTimeQueue: 48ce29752c66702348ce29752c667023 -> 
  custom:DOTSType/Unity.Entities.StaticOptimizeEntity: 346cca765bf51c72346cca765bf51c72 -> 
  custom:DOTSType/Unity.Entities.SectionMetadataSetup: 75ea136fdb0e54ba75ea136fdb0e54ba -> 
  custom:DOTSType/Tanks.ProjectilePool: ae6caa17fe3924ceae6caa17fe3924ce -> 
  custom:DOTSType/Unity.Scenes.SceneSectionReferencedUnityObjects: 2797689ad57679a22797689ad57679a2 -> 
  custom:DOTSType/Unity.Physics.Editor.PhysicsStepAuthoringEditor: b0470546a7982481b0470546a7982481 -> 
  custom:DOTSType/Unity.Physics.GraphicsIntegration.PhysicsRenderEntity: 17b73fa380da9cf517b73fa380da9cf5 -> 
  custom:DOTSType/Unity.Entities.Hybrid.Baking.LinkedEntityGroupBakingData: cd33507256493e18cd33507256493e18 -> 
  custom:DOTSType/UnityEngine.LODGroup: 15ad22bb5260348e15ad22bb5260348e -> 
  custom:DOTSType/Tanks.BaseInputController: 7c3584087687be277c3584087687be27 -> 
  custom:DOTSType/Unity.Entities.Editor.HierarchySelectionContext: eb8c02bbb8571091eb8c02bbb8571091 -> 
  custom:DOTSType/Unity.Physics.DummyColliderFakesComponent`1[[Unity.Physics.CompoundCollider, Unity.Physics, Version=0.0.0.0, Culture=neutral, PublicKeyToken=null]]: f0b0c805df9aab48f0b0c805df9aab48 -> 
  custom:DOTSType/Unity.Physics.Authoring.PhysicsColliderAuthoringData: 237ab57c84eb023d237ab57c84eb023d -> 
  custom:DOTSType/Unity.Entities.Entity: 295b0c964d12026f295b0c964d12026f -> 
  custom:DOTSType/Unity.Physics.DummyColliderFakesComponent`1[[Unity.Physics.TerrainCollider, Unity.Physics, Version=0.0.0.0, Culture=neutral, PublicKeyToken=null]]: 76d2966f42dff4df76d2966f42dff4df -> 
  custom:DOTSType/Unity.Scenes.PublicEntityRef: b380cfe1712d4500b380cfe1712d4500 -> 
  custom:DOTSType/Unity.Entities.Asset: 5205195e4c6bea1c5205195e4c6bea1c -> 
  custom:DOTSType/Unity.Physics.GraphicsIntegration.PhysicsGraphicalSmoothing: 1a649a11034ac6061a649a11034ac606 -> 
  custom:DOTSType/Unity.Physics.Systems.PhysicsAnalyticsSingleton: 261d1a0e3f762c88261d1a0e3f762c88 -> 
  custom:DOTSType/Unity.Physics.PhysicsTemporalCoherenceInfo: dd862a3ef5746267dd862a3ef5746267 -> 
  custom:DOTSType/Tanks.EffectPoolContainer: bf19857e7a596a2bbf19857e7a596a2b -> 
  custom:DOTSType/Unity.Physics.PhysicsStep: 4ca665c06bcf89ca4ca665c06bcf89ca -> 
  custom:DOTSType/UnityEngine.TextMesh: 6784c791d05273aa6784c791d05273aa -> 
  custom:DOTSType/Unity.Entities.CompanionGameObjectActiveCleanup: 4ff09409f1cce51f4ff09409f1cce51f -> 
  custom:DOTSType/Tanks.ReloadIndicator: 83d1d641d15e1d5483d1d641d15e1d54 -> 
  custom:DOTSType/Zenject.RunnableContext: f37beb99d06e39fbf37beb99d06e39fb -> 
  custom:DOTSType/Unity.Physics.Authoring.PhysicsDebugDisplayData: 0cdccf70b9e5e20d0cdccf70b9e5e20d -> 
  custom:DOTSType/Unity.Scenes.AssetObjectManifest: 84d682f40d46c88184d682f40d46c881 -> 
  custom:DOTSType/Unity.Entities.PostLoadCommandBuffer: d658541e4a41540dd658541e4a41540d -> 
  custom:DOTSType/Unity.Entities.Editor.ArchetypeInfo: b8b1bbcc600f6437b8b1bbcc600f6437 -> 
  custom:DOTSType/Tanks.Interface.Speedometer: 158cdf1f7f3d0d9c158cdf1f7f3d0d9c -> 
  custom:DOTSType/Tanks.BattleRam: 87a27f4ae62d951387a27f4ae62d9513 -> 
  custom:DOTSType/UnityEngine.BoxCollider: 8e5b85c4fec088d48e5b85c4fec088d4 -> 
  custom:DOTSType/Unity.Entities.Serialization.ExternalEntityReference: 415f45c8b00c90a4415f45c8b00c90a4 -> 
  custom:DOTSType/Unity.Entities.SceneSectionComponent: 22f65411cbba718222f65411cbba7182 -> 
  custom:DOTSType/Unity.Scenes.PrefabLoadResult: 71615367c37f030371615367c37f0303 -> 
  custom:DOTSType/Unity.Scenes.SceneSectionStreamingSystem+StreamingState: 7014161ec3350ad07014161ec3350ad0 -> 
  custom:DOTSType/Unity.Entities.Editor.UnsupportedEntityEditor: f4c4238e5d78020af4c4238e5d78020a -> 
  custom:DOTSType/Unity.Scenes.ResolvedSectionEntity: e83509e6ef73df7ae83509e6ef73df7a -> 
  custom:DOTSType/Unity.Scenes.DisableSceneResolveAndLoad: 41c98fa73f31b21a41c98fa73f31b21a -> 
  custom:DOTSType/Unity.Entities.LinkedEntityGroup: c1b61ecd5260e852c1b61ecd5260e852 -> 
  custom:DOTSType/Unity.Physics.Authoring.RigidbodyBakingData: 66caf1f3818b52fc66caf1f3818b52fc -> 
  custom:DOTSType/Zenject.ScriptableObjectInstaller: 47201fb43b11147d47201fb43b11147d -> 
  custom:DOTSType/Unity.Physics.Authoring.DetailedStaticMeshCollisionAuthoring: 35a7576e30820a5e35a7576e30820a5e -> 
  custom:DOTSType/Unity.Entities.Editor.UnsupportedGameObjectEditor: 5cff923fd1c387e15cff923fd1c387e1 -> 
  custom:DOTSType/Tanks.CinemachineInputCustomProvider: 53bf68681542a65453bf68681542a654 -> 
  custom:DOTSType/Zenject.SceneContext: 30c70a59093b925c30c70a59093b925c -> 
  custom:DOTSType/UnityEngine.MeshRenderer: 77aa4cb33b84a90377aa4cb33b84a903 -> 
  custom:DOTSType/Unity.Physics.Authoring.BakeStaticRoot: ac81d98288eb78feac81d98288eb78fe -> 
  custom:DOTSType/Unity.Entities.Serialization.DotsSerialization+StringTableNode: db9aacf636d95b56db9aacf636d95b56 -> 
  custom:DOTSType/Zenject.SceneContextEditor: f5ac3d9288ab62bbf5ac3d9288ab62bb -> 
  custom:DOTSType/Unity.Entities.Disabled: ea10d702b0a42592ea10d702b0a42592 -> 
  custom:DOTSType/Unity.Entities.Editor.EntityEditor: 4502e3ccdb7ac0e04502e3ccdb7ac0e0 -> 
  custom:DOTSType/Unity.Physics.Systems.BroadphaseData: cf796e61bbb1c05fcf796e61bbb1c05f -> 
  custom:DOTSType/Unity.Entities.Editor.ArchetypesWindow: bde482c89698b5c7bde482c89698b5c7 -> 
  custom:DOTSType/Unity.Physics.PhysicsMass: dd66b9b7945f3ac7dd66b9b7945f3ac7 -> 
  custom:DOTSType/Unity.Physics.Systems.BuildPhysicsWorldData: 403d401e5c7292c3403d401e5c7292c3 -> 
  custom:DOTSType/Unity.Scenes.SceneBoundingVolume: 3407604aa951263f3407604aa951263f -> 
  custom:video-encoder-webm-vp8: eb34c28f22e8b96e1ab97ce403110664 -> 
  custom:DOTSType/Unity.Physics.Authoring.PhysicsColliderBakedData: 4b51dd6d702fa42d4b51dd6d702fa42d -> 
  custom:DOTSType/UnityEngine.SphereCollider: 82c25a73f4a3118382c25a73f4a31183 -> 
  custom:DOTSType/Unity.Scenes.SubScene: ac4196b7e94e44ecac4196b7e94e44ec -> 
  custom:DOTSType/Unity.Physics.DummyColliderFakesComponent`1[[Unity.Physics.Collider, Unity.Physics, Version=0.0.0.0, Culture=neutral, PublicKeyToken=null]]: 9b1dfcaf09a3b4529b1dfcaf09a3b452 -> 
  custom:DOTSType/Unity.Entities.Editor.HierarchyEntityChangeTracker+UnusedTag: e99f3a5fcb8d8012e99f3a5fcb8d8012 -> 
  custom:DOTSType/Unity.Physics.PhysicsMassOverride: 6fcef11ae9d1bc306fcef11ae9d1bc30 -> 
  custom:DOTSType/Unity.Entities.BlobAssetOwner: c83c63163f833390c83c63163f833390 -> 
  custom:DOTSType/Zenject.CheatSheet+Foo: 818256864703f221818256864703f221 -> 
  custom:DOTSType/Unity.Physics.Authoring.CustomPhysicsBodyTagNames: cf633e3d702fe67dcf633e3d702fe67d -> 
  custom:DOTSType/UnityEngine.CapsuleCollider: be84ea475def5c96be84ea475def5c96 -> 
  custom:DOTSType/Unity.Physics.PhysicsTemporalCoherenceTag: 078e815b3514dfd3078e815b3514dfd3 -> 
  custom:DOTSType/Unity.Entities.Editor.JournalManagerWrapperEditor: cb69e60b3422ccebcb69e60b3422cceb -> 
  custom:DOTSType/Unity.Entities.SceneReference: 93a995b4b28fc25393a995b4b28fc253 -> 
  custom:DOTSType/Unity.Entities.Editor.UnsupportedPrefabEntityEditor: 42b92ebb8c8886cf42b92ebb8c8886cf -> 
  custom:DOTSType/Unity.Entities.Serialization.DotsSerialization+NodeHeader: 2a912a6fdedc77ae2a912a6fdedc77ae -> 
  custom:DOTSType/Zenject.ZenAutoInjecter: 778eb5667a6355bc778eb5667a6355bc -> 
  custom:DOTSType/Unity.Entities.SceneSection: bdba69731fc8f3e7bdba69731fc8f3e7 -> 
  custom:DOTSType/Tanks.Patrol: af24d179ee3e03f0af24d179ee3e03f0 -> 
  custom:DOTSType/Unity.Physics.DummyColliderFakesComponent`1[[Unity.Physics.BoxCollider, Unity.Physics, Version=0.0.0.0, Culture=neutral, PublicKeyToken=null]]: f425b7fd66e06988f425b7fd66e06988 -> 
  custom:DOTSType/Unity.Entities.TransformAuthoring: d03322d6827741e8d03322d6827741e8 -> 
  custom:DOTSType/Zenject.ProjectKernel: efdc3d3e4e17fb07efdc3d3e4e17fb07 -> 
  custom:DOTSType/Tanks.TransmissionSettings: b0a3fa15cf2503fcb0a3fa15cf2503fc -> 
  custom:DOTSType/UnityEngine.ParticleSystemRenderer: 818ef389bd33d482818ef389bd33d482 -> 
  custom:DOTSType/Unity.Entities.BeginSimulationEntityCommandBufferSystem+Singleton: 5406e750b86f24a55406e750b86f24a5 -> 
  custom:DOTSType/Unity.Scenes.Editor.GlobalEntitiesDependencyInspector: 3df09afcbb66d7bb3df09afcbb66d7bb -> 
========================================================================
Received Prepare
Assembly reference Packages/com.unity.entities/Unity.Scenes.Editor/Internals/Properties/Unity.Properties.Internals.asmref has no target assembly definition
Assembly reference Packages/com.unity.entities/Unity.Scenes.Editor/Internals/Properties/Unity.Properties.Internals.asmref has no target assembly definition
Begin MonoManager ReloadAssembly
- Loaded All Assemblies, in  1.044 seconds
Refreshing native plugins compatible for Editor in 12.45 ms, found 5 plugins.
Native extension for WindowsStandalone target not found
Assembly reference Packages/com.unity.entities/Unity.Scenes.Editor/Internals/Properties/Unity.Properties.Internals.asmref has no target assembly definition
TypeManager.Initialize took: 487ms
Mono: successfully reloaded assembly
- Finished resetting the current domain, in  3.824 seconds
Domain Reload Profiling: 4865ms
	BeginReloadAssembly (346ms)
		ExecutionOrderSort (0ms)
		DisableScriptedObjects (12ms)
		BackupInstance (0ms)
		ReleaseScriptingObjects (0ms)
		CreateAndSetChildDomain (131ms)
	RebuildCommonClasses (54ms)
	RebuildNativeTypeToScriptingClass (16ms)
	initialDomainReloadingComplete (51ms)
	LoadAllAssembliesAndSetupDomain (573ms)
		LoadAssemblies (700ms)
		RebuildTransferFunctionScriptingTraits (0ms)
		AnalyzeDomain (26ms)
			TypeCache.Refresh (9ms)
				TypeCache.ScanAssembly (0ms)
			ScanForSourceGeneratedMonoScriptInfo (0ms)
			ResolveRequiredComponents (13ms)
	FinalizeReload (3825ms)
		ReleaseScriptCaches (0ms)
		RebuildScriptCaches (0ms)
		SetupLoadedEditorAssemblies (2524ms)
			LogAssemblyErrors (0ms)
			InitializePlatformSupportModulesInManaged (13ms)
			SetLoadedEditorAssemblies (17ms)
			RefreshPlugins (0ms)
			BeforeProcessingInitializeOnLoad (455ms)
			ProcessInitializeOnLoadAttributes (1615ms)
			ProcessInitializeOnLoadMethodAttributes (412ms)
			AfterProcessingInitializeOnLoad (10ms)
			EditorAssembliesLoaded (1ms)
		ExecutionOrderSort2 (0ms)
		AwakeInstancesAfterBackupRestoration (10ms)
Refreshing native plugins compatible for Editor in 13.63 ms, found 5 plugins.
Preloading 0 native plugins for Editor in 0.00 ms.
Unloading 6859 Unused Serialized files (Serialized files now loaded: 0)
Unloading 95 unused Assets / (123.6 KB). Loaded Objects now: 7342.
Memory consumption went from 221.0 MB to 220.9 MB.
Total: 10.096900 ms (FindLiveObjects: 1.020300 ms CreateObjectMapping: 1.083500 ms MarkObjects: 7.785600 ms  DeleteObjects: 0.205500 ms)

Unloading 0 Unused Serialized files (Serialized files now loaded: 0)
Unloading 0 unused Assets / (160.1 KB). Loaded Objects now: 7342.
Memory consumption went from 220.8 MB to 220.7 MB.
Total: 9.519000 ms (FindLiveObjects: 0.775300 ms CreateObjectMapping: 1.016200 ms MarkObjects: 7.603300 ms  DeleteObjects: 0.123300 ms)

Prepare: number of updated asset objects reloaded= 0
AssetImportParameters requested are different than current active one (requested -> active):
  custom:DOTSType/Zenject.MonoInstallerBase: 95f86c107dc723fe95f86c107dc723fe -> 
  custom:DOTSType/Unity.Entities.EntityGuid: 8e99211435a26d668e99211435a26d66 -> 
  custom:DOTSType/Tanks.TurretController: e7fde51fa66b4c5ee7fde51fa66b4c5e -> 
  custom:DOTSType/Unity.Entities.DefaultWorldInitializationProxy: 3bc53c9cad9070363bc53c9cad907036 -> 
  custom:container-demuxer-ogg: 62fdf1f143b41e24485cea50d1cbac27 -> 
  custom:DOTSType/Zenject.Internal.DefaultSceneContractConfig: a78f29ab0132239ca78f29ab0132239c -> 
  custom:DOTSType/Unity.Physics.EnsureUniqueColliderBlobTag: 3e3264c9c7497b3b3e3264c9c7497b3b -> 
  custom:DOTSType/Unity.Scenes.SceneEntityReference: 646ffd19b744bbdb646ffd19b744bbdb -> 
  custom:DOTSType/Unity.Entities.Hybrid.Baking.BakingOnlyEntityAuthoringBaker+BakingOnlyChildren: 9c3cc3aa8ff875949c3cc3aa8ff87594 -> 
  custom:DOTSType/Unity.Entities.EntityManager+IsolateCopiedEntities: 703c8c39c22b63af703c8c39c22b63af -> 
  custom:DOTSType/Unity.Entities.BeginVariableRateSimulationEntityCommandBufferSystem+Singleton: 40006e500ad5800440006e500ad58004 -> 
  custom:DOTSType/UnityEngine.LightProbeProxyVolume: cd06291433fcac4ccd06291433fcac4c -> 
  custom:EntityBinaryFileFormatVersion: b618570c169a919bbb95b4bd7e4084ba -> 
  custom:DOTSType/Unity.Physics.Authoring.DisplayGizmoColliderEdges+DrawWithGizmos: a6749ec75af14c28a6749ec75af14c28 -> 
  custom:DOTSType/Tanks.SkyRotation: 6a30c8e81d68dcd96a30c8e81d68dcd9 -> 
  custom:DOTSType/Unity.Entities.Editor.ComponentInfo: b6911f4bc3b03db5b6911f4bc3b03db5 -> 
  custom:DOTSType/Unity.Entities.BurstCompatibleComponentData: 1d232e8370167ced1d232e8370167ced -> 
  custom:DOTSType/Unity.Entities.RetainBlobAssetPtr: f51a437fde39ac82f51a437fde39ac82 -> 
  custom:DOTSType/Unity.Physics.Authoring.PhysicsStepAuthoring: 29ca86243fe93d3b29ca86243fe93d3b -> 
  custom:DOTSType/Unity.Entities.BakedEntity: 6cda7616df5335d16cda7616df5335d1 -> 
  custom:DOTSType/Unity.Transforms.Static: a08c19e85cdd5a49a08c19e85cdd5a49 -> 
  custom:DOTSType/Unity.Entities.Editor.InvalidEntityEditor: c09028623072dbb6c09028623072dbb6 -> 
  custom:DOTSType/UnityEngine.Collider: e796157eabb2316ee796157eabb2316e -> 
  custom:framework-win-MediaFoundation: 216162199b28c13a410421893ffa2e32 -> 
  custom:DOTSType/UnityEngine.Transform: 3954159e9eb625f23954159e9eb625f2 -> 
  custom:DOTSType/Unity.Physics.Authoring.PhysicsWorldIndexAuthoring: c35779b88bcbf0f5c35779b88bcbf0f5 -> 
  custom:DOTSType/Unity.Scenes.Editor.GameObjectSceneMetaDataImporter: 35c29e171f7f1b1235c29e171f7f1b12 -> 
  custom:DOTSType/Tanks.Wheel: 8000d516241cf2618000d516241cf261 -> 
  custom:DOTSType/Unity.Entities.Editor.EntitySelectionProxy: 640f096afb1dc192640f096afb1dc192 -> 
  custom:DOTSType/Tanks.Tests.TestInputController: da9d7109e7aa2efada9d7109e7aa2efa -> 
  custom:DOTSType/Unity.Entities.OmitLinkedEntityGroupFromPrefabInstance: d5447758848371b8d5447758848371b8 -> 
  custom:DOTSType/Unity.Entities.Editor.HierarchyWindow: 68a3d7f4e81dfa3968a3d7f4e81dfa39 -> 
  custom:DOTSType/Unity.Entities.CleanupEntity: 91c2e7742ff7a40291c2e7742ff7a402 -> 
  custom:DOTSType/Zenject.MonoKernel: ad622fbf2f55726ead622fbf2f55726e -> 
  custom:DOTSType/Zenject.DefaultGameObjectKernel: 4e750c357d05f8164e750c357d05f816 -> 
  custom:DOTSType/Zenject.GameObjectContextEditor: e47fe5c2e2a879a3e47fe5c2e2a879a3 -> 
  custom:DOTSType/Unity.Scenes.RequestSceneHeader: 539e2df9dd1c5383539e2df9dd1c5383 -> 
  custom:DOTSType/Unity.Entities.BakingOnlyEntity: 6d61bb30b0fe96a06d61bb30b0fe96a0 -> 
  custom:DOTSType/UnityEngine.ReflectionProbe: 74c5d94e403ee5bf74c5d94e403ee5bf -> 
  custom:DOTSType/Unity.Physics.Authoring.PhysicsWorldIndexBakingData: eb7993b47224fdb3eb7993b47224fdb3 -> 
  custom:DOTSType/Tanks.TankController: 5fe8cedbca51d9d55fe8cedbca51d9d5 -> 
  custom:DOTSType/Unity.Scenes.Editor.ClearEntitiesCacheWindow: ff5e4942d7943fe4ff5e4942d7943fe4 -> 
  custom:DOTSType/Unity.Entities.Serialization.DotsSerialization+TypeNamesNode: 481f56363f3115ba481f56363f3115ba -> 
  custom:DOTSType/Unity.Entities.Hybrid.Baking.BakingOnlyEntityAuthoring: b00feda2188a9371b00feda2188a9371 -> 
  custom:DOTSType/Unity.Scenes.ResolvedSectionPath: bf9e38f006f83cb7bf9e38f006f83cb7 -> 
  custom:DOTSType/Unity.Deformations.BlendShapeWeight: d26eabb95dfc9b4dd26eabb95dfc9b4d -> 
  custom:DOTSType/Unity.Scenes.ReferencedUnityObjects: b8073d4731436522b8073d4731436522 -> 
  custom:DOTSType/Unity.Physics.Authoring.PhysicsDebugDisplayAuthoring: 048169f5bbaf7cd0048169f5bbaf7cd0 -> 
  custom:DOTSType/Unity.Scenes.Editor.SubSceneInspector: 6e96e553cf64778e6e96e553cf64778e -> 
  custom:DOTSType/Unity.Physics.GraphicsIntegration.SmoothRigidBodiesGraphicalMotion+RigidBodySmoothingWorldIndex: 988440dd19a406ed988440dd19a406ed -> 
  custom:DOTSType/Unity.Physics.PhysicsConstrainedBodyPair: 37ca29e9e58c191137ca29e9e58c1911 -> 
  custom:DOTSType/Unity.Physics.ColliderBlobCleanupData: 18f3eb94199c5e3618f3eb94199c5e36 -> 
  custom:DOTSType/Unity.Physics.PhysicsDamping: 579a7188c5fb1464579a7188c5fb1464 -> 
  custom:container-muxer-webm: aa71ff27fc2769a1b78a27578f13a17b -> 
  custom:DOTSType/Unity.Entities.CompanionGameObjectUpdateTransformCleanup: 0a4e12c25aaf05e00a4e12c25aaf05e0 -> 
  custom:DOTSType/Tanks.Editor.TransmissionSettingsEditor: 5c05f270edf687155c05f270edf68715 -> 
  custom:DOTSType/Unity.Entities.EndSimulationEntityCommandBufferSystem+Singleton: 6cc3a7136f47def06cc3a7136f47def0 -> 
  custom:DOTSType/Unity.Physics.Authoring.PhysicsDebugDisplaySystem+DrawComponent: fbecd1af1d76e089fbecd1af1d76e089 -> 
  custom:video-decoder-webm-vp8: 9c59270c3fd7afecdb556c50c9e8de78 -> 
  custom:DOTSType/Zenject.GuiRenderer: 77a380f71106289e77a380f71106289e -> 
  custom:DOTSType/Zenject.AnimatorMoveHandlerManager: 48d7fbeaa25297da48d7fbeaa25297da -> 
  custom:DOTSType/UnityEngine.GameObject: aef60e3f2ae5ad9aaef60e3f2ae5ad9a -> 
  custom:SearchIndexIgnoredProperties: e643bd26f0fe6173181afceb89e7c659 -> 
  custom:DOTSAllSystemsVersion: ffb3322ebf2cc81fbcc35437f1236753 -> 
  custom:DOTSType/Unity.Physics.GraphicsIntegration.PhysicsGraphicalInterpolationBuffer: 7baea6e725f3208c7baea6e725f3208c -> 
  custom:AudioImporter_EditorPlatform: d09bf68614088b80899f8185d706f6e7 -> 
  custom:DOTSType/Tanks.Interface.CarnageSettings: 06a0f3af603600f206a0f3af603600f2 -> 
  custom:DOTSType/Zenject.ProjectContextEditor: f68c5f17562ef273f68c5f17562ef273 -> 
  custom:DOTSType/Unity.Entities.Serialization.DotsSerialization+FolderNode: 98c33d003d1b152b98c33d003d1b152b -> 
  custom:DOTSType/Unity.Entities.CompanionReference: 4de8f4179bbe96e74de8f4179bbe96e7 -> 
  custom:DOTSType/UnityEngine.VFX.VisualEffect: dc0e74262f371f63dc0e74262f371f63 -> 
  custom:DOTSType/Unity.Entities.Hybrid.Baking.AdditionalEntitiesBakingData: d81e35bf039925b8d81e35bf039925b8 -> 
  custom:DOTSType/UnityEngine.SpriteRenderer: 61a676ec163f72b161a676ec163f72b1 -> 
  custom:DOTSType/Unity.Entities.Editor.JournalingWrapperEditor: 7820ec03259d9ee57820ec03259d9ee5 -> 
  custom:DOTSType/Tanks.Tank.ProjectileTracker: 101b4b340f8400be101b4b340f8400be -> 
  custom:DOTSType/Unity.Deformations.SkinMatrix: 4b50a0962ac5e60d4b50a0962ac5e60d -> 
  custom:DOTSType/Unity.Scenes.WeakAssetReferenceLoadingData: 451a8b20bc4a35f6451a8b20bc4a35f6 -> 
  custom:DOTSType/Unity.Entities.BurstCompatibleSharedComponentData: 6239fcd2cd3b1c316239fcd2cd3b1c31 -> 
  custom:DOTSType/Unity.Physics.PhysicsCustomTags: 7d9dddf48b181c997d9dddf48b181c99 -> 
  custom:DOTSType/Zenject.SceneDecoratorContext: 47847979bf9052df47847979bf9052df -> 
  custom:DOTSType/Unity.Entities.Editor.ArchetypeWrapperEditor: fcd41c2e8cb6c202fcd41c2e8cb6c202 -> 
  custom:DOTSType/Unity.Physics.PhysicsGravityFactor: 8ab51309e4cdebcc8ab51309e4cdebcc -> 
  custom:DOTSType/Tanks.PlayerInputController: eeac7a82da062014eeac7a82da062014 -> 
  custom:DOTSType/Unity.Entities.SceneTag: 7a384971715860367a38497171586036 -> 
  custom:DOTSType/Unity.Physics.Systems.DummySimulationData: e73bf206ed8976b1e73bf206ed8976b1 -> 
  custom:DOTSType/Unity.Physics.CustomPhysicsProxyDriver: d8e4875a8f47327fd8e4875a8f47327f -> 
  custom:DOTSType/Unity.Entities.Editor.InvalidSelectionEditor: bb0f099005812d55bb0f099005812d55 -> 
  custom:DOTSType/Tanks.Interface.CarnageIndicator: 7a2a70789a91028f7a2a70789a91028f -> 
  custom:DOTSType/Unity.Physics.StepInputSingleton: f5a13022ab227cfff5a13022ab227cff -> 
  custom:DOTSType/Unity.Transforms.LocalToWorld: f07e17bb4e08548ef07e17bb4e08548e -> 
  custom:DOTSType/Unity.Entities.Prefab: 8cefcfc0e3366a618cefcfc0e3366a61 -> 
  custom:DOTSType/Unity.Transforms.PreviousParent: f7f96ed2f665f721f7f96ed2f665f721 -> 
  custom:DOTSType/Unity.Entities.EditorRenderData: 23031dfb0b685e0c23031dfb0b685e0c -> 
  custom:DOTSType/Tanks.TankGameInstaller: ab41efd1a1117644ab41efd1a1117644 -> 
  custom:DOTSType/Tanks.Tests.TestCarnageIndicator: c8904b0627773241c8904b0627773241 -> 
  custom:DOTSType/Unity.Entities.Editor.JournalEntry: fa64f1a8d5097849fa64f1a8d5097849 -> 
  custom:DOTSType/Unity.Scenes.GlobalEntitiesDependency: 272e3c9ba12b159e272e3c9ba12b159e -> 
  custom:audio-decoder-ogg-vorbis: bf7c407c2cedff20999df2af8eb42d56 -> 
  custom:ProjectSettings/EntitiesClientSettings.asset: 57fa4463d8597ee36c3803b5983b6213 -> 
  custom:DOTSType/Unity.Entities.RetainBlobAssets: e3007bd0d4f5ba8be3007bd0d4f5ba8b -> 
  custom:DOTSType/Tanks.TankAudioSystem: e0c4f60227f2a2a8e0c4f60227f2a2a8 -> 
  custom:DOTSType/Unity.Scenes.SceneSystemData: 358f9772a0e70c53358f9772a0e70c53 -> 
  custom:DOTSType/Zenject.SceneDecoratorContextEditor: ca86c2fb23338ef7ca86c2fb23338ef7 -> 
  custom:DOTSType/Unity.Physics.PhysicsWorldIndex: 44b485a5651ecbf844b485a5651ecbf8 -> 
  custom:DOTSType/Unity.Entities.EndInitializationEntityCommandBufferSystem+Singleton: 75800829e25c245f75800829e25c245f -> 
  custom:DOTSType/Unity.Entities.Build.EntitiesClientSettings: 379ca95f1f31bbbc379ca95f1f31bbbc -> 
  custom:DOTSType/Zenject.ProjectContext: 73c2192ee2a3347973c2192ee2a33479 -> 
  custom:DOTSType/Zenject.RunnableContextEditor: 761811f71f3da7bc761811f71f3da7bc -> 
  custom:DOTSType/UnityEngine.AudioSource: aed3a424fdd48d59aed3a424fdd48d59 -> 
  custom:DOTSType/Unity.Scenes.RequestEntityPrefabLoaded: fc4092a08e154a96fc4092a08e154a96 -> 
  custom:DOTSType/Unity.Entities.SystemInstance: bb0dfff8e9a48357bb0dfff8e9a48357 -> 
  custom:DOTSType/Unity.Entities.RemoveUnusedEntityInBake: 0973223cb916c16b0973223cb916c16b -> 
  custom:DOTSType/Unity.Entities.EndVariableRateSimulationEntityCommandBufferSystem+Singleton: 78d2450a82ebc20778d2450a82ebc207 -> 
  custom:DOTSType/Unity.Physics.DummyColliderFakesComponent`1[[Unity.Physics.CylinderCollider, Unity.Physics, Version=0.0.0.0, Culture=neutral, PublicKeyToken=null]]: 2d82e9daa82955bf2d82e9daa82955bf -> 
  custom:audio-encoder-webm-vorbis: bf7c407c2cedff20999df2af8eb42d56 -> 
  custom:DOTSType/Unity.Entities.BeginFixedStepSimulationEntityCommandBufferSystem+Singleton: 5857035820ee1e635857035820ee1e63 -> 
  custom:DOTSType/Unity.Physics.PhysicsJointCompanion: 655fde98af64ce94655fde98af64ce94 -> 
  custom:DOTSType/Unity.Scenes.WeakAssetPrefabLoadRequest: b6d72391c4d3d049b6d72391c4d3d049 -> 
  custom:DOTSType/Tanks.Legacy.LegacyTransmissionSettings: 84b2093787e9240c84b2093787e9240c -> 
  custom:DOTSType/Tanks.Legacy.Editor.LegacyTransmissionSettingsEditor: f063a9f322024a22f063a9f322024a22 -> 
  custom:DOTSType/Zenject.ScriptableObjectInstallerBase: 564d9b68561bb94d564d9b68561bb94d -> 
  custom:DOTSType/Unity.Physics.Editor.CustomPhysicsBodyTagNamesEditor: 5e056a649e13a00c5e056a649e13a00c -> 
  custom:DOTSType/Unity.Physics.PhysicsWorldSingleton: 90bad7c95a54d00590bad7c95a54d005 -> 
  custom:DOTSType/Unity.Entities.BurstCompatibleBufferElement: 9256282cac425e579256282cac425e57 -> 
  custom:DOTSType/Unity.Entities.CompanionLink: 4813070be25c6d6a4813070be25c6d6a -> 
  custom:DOTSType/Unity.Physics.DummyColliderFakesComponent`1[[Unity.Physics.PolygonCollider, Unity.Physics, Version=0.0.0.0, Culture=neutral, PublicKeyToken=null]]: 3f38e3dc511d48d23f38e3dc511d48d2 -> 
  custom:SceneMetaDataFileFormatVersion: 18e216f4893c3ae43d5b4b3a88de92ca -> 
  custom:DOTSType/Unity.Entities.Editor.SystemScheduleWindow: dfecb8af58c97f0adfecb8af58c97f0a -> 
  custom:DOTSType/Unity.Physics.PhysicsColliderKeyEntityPair: e3185876db01deade3185876db01dead -> 
  custom:DOTSType/Zenject.ContextEditor: 0791a612a42c17bc0791a612a42c17bc -> 
  custom:DOTSType/Zenject.AnimatorIkHandlerManager: 6bf1f62125213c446bf1f62125213c44 -> 
  custom:DOTSType/Unity.Transforms.LocalTransform: d07f194ee4791f00d07f194ee4791f00 -> 
  custom:DOTSType/Unity.Physics.PhysicsJoint: e49afdd9ec82159fe49afdd9ec82159f -> 
  custom:DOTSType/Unity.Scenes.PrefabAssetReference: 924b87ecab3719ce924b87ecab3719ce -> 
  custom:DOTSType/UnityEngine.Rigidbody: 90d4f52b90e97d3190d4f52b90e97d31 -> 
  custom:DOTSType/Unity.Transforms.PostTransformMatrix: d5b773053bc4fc92d5b773053bc4fc92 -> 
  custom:DOTSType/Unity.Entities.WorldTime: efd6631e6d47e1c0efd6631e6d47e1c0 -> 
  custom:DOTSType/Unity.Entities.Editor.ComponentsWindow: f3a47022486a5e37f3a47022486a5e37 -> 
  custom:DOTSType/Unity.Entities.Editor.JournalManager: bd6303929aef5048bd6303929aef5048 -> 
  custom:DOTSType/Zenject.SceneKernel: 14c92f57ead5fa5a14c92f57ead5fa5a -> 
  custom:DOTSType/Unity.Scenes.Editor.SubSceneImporter: fbc2a6bb48307f94fbc2a6bb48307f94 -> 
  custom:DOTSType/UnityEngine.Light: 47f771faf20222f647f771faf20222f6 -> 
  custom:DOTSType/Unity.Entities.EndFixedStepSimulationEntityCommandBufferSystem+Singleton: 903138f233c08b6f903138f233c08b6f -> 
  custom:DOTSType/Unity.Entities.Hybrid.Baking.LinkedEntityGroupAuthoring: 463b7158f57f2778463b7158f57f2778 -> 
  custom:DOTSType/Unity.Entities.BeginInitializationEntityCommandBufferSystem+Singleton: 1dafdf6276a3f02d1dafdf6276a3f02d -> 
  custom:DOTSType/Unity.Physics.SimulationSingleton: 2c12c15cc1aaefd42c12c15cc1aaefd4 -> 
  custom:DOTSType/Unity.Transforms.Child: 5a0b111d3c5ef1ef5a0b111d3c5ef1ef -> 
  custom:DOTSType/Unity.Entities.Editor.ComponentWrapperEditor: 8a0108ac83962ca58a0108ac83962ca5 -> 
  custom:video-codec-MediaFoundation-h265: 746d11721c4dcdbdad8f713fa42b33f4 -> 
  custom:DOTSType/Unity.Entities.SceneSectionData: eeed08dab67953cbeeed08dab67953cb -> 
  custom:DOTSType/Tanks.EffectPool: b07fd26d384c1aadb07fd26d384c1aad -> 
  custom:DOTSType/Zenject.Context: 7a9b164638a7c5fb7a9b164638a7c5fb -> 
  custom:DOTSType/Unity.Entities.Editor.EntitiesJournalingWindow: fb6228252c0089dcfb6228252c0089dc -> 
  custom:video-decoder-ogg-theora: a1e56fd34408186e4bbccfd4996cb3dc -> 
  custom:DOTSType/Unity.Scenes.ResolvedSceneHash: 10c2d6fb478167a310c2d6fb478167a3 -> 
  custom:DOTSType/Unity.Scenes.SceneSectionStreamingData: 01ac29b86b18dacf01ac29b86b18dacf -> 
  custom:DOTSType/Zenject.ZenjectStateMachineBehaviourAutoInjecter: bc2fa2415d8a8ef6bc2fa2415d8a8ef6 -> 
  custom:DOTSType/Unity.Entities.AdditionalEntityParent: a24d1678b03f0479a24d1678b03f0479 -> 
  custom:DOTSType/Unity.Entities.Simulate: e0c92315ec24632de0c92315ec24632d -> 
  custom:DOTSType/Unity.Physics.PhysicsVelocity: eae7719776411411eae7719776411411 -> 
  custom:DOTSType/Unity.Entities.Editor.SystemWrapperEditor: 8c892c6354f3a3138c892c6354f3a313 -> 
  custom:DOTSType/Unity.Entities.RetainBlobAssetBatchPtr: 14017b765908ee1d14017b765908ee1d -> 
  custom:DOTSType/Zenject.ZenjectBinding: 0569f6cfa9645a6e0569f6cfa9645a6e -> 
  custom:DOTSType/Tanks.Tests.TestCarnageIndicator+TestCarnageIndicatorEditor: a518ed1603ea4192a518ed1603ea4192 -> 
  custom:DOTSType/Unity.Physics.Authoring.CustomPhysicsProxyAuthoring: 90a4b67ea7c61e0c90a4b67ea7c61e0c -> 
  custom:DOTSType/Unity.Physics.Authoring.PhysicsMeshAuthoringData: 07c891dbd84b5d1c07c891dbd84b5d1c -> 
  custom:DOTSType/Unity.Scenes.LiveConversionPatcher+LiveConvertedSceneCleanup: 97dadd0f05dbc86997dadd0f05dbc869 -> 
  custom:DOTSType/UnityEngine.MeshCollider: 745c145fdcf1939e745c145fdcf1939e -> 
  custom:DOTSType/Unity.Physics.Authoring.ForceUniqueColliderAuthoring: 34be871ed7a74d6234be871ed7a74d62 -> 
  custom:DOTSType/Zenject.GameObjectContext: 694c79f9ded4c948694c79f9ded4c948 -> 
  custom:DOTSType/Unity.Physics.DummyColliderFakesComponent`1[[Unity.Physics.CapsuleCollider, Unity.Physics, Version=0.0.0.0, Culture=neutral, PublicKeyToken=null]]: 840aede77f375b4f840aede77f375b4f -> 
  custom:DOTSType/Unity.Physics.Authoring.StaticOptimizePhysicsBaking: f3a03d29cca9ceabf3a03d29cca9ceab -> 
  custom:DOTSType/Unity.Scenes.DisableLiveConversion: 543070e84ec00e2c543070e84ec00e2c -> 
  custom:DOTSType/Unity.Physics.Authoring.PhysicsCompoundData: 41f933035064165d41f933035064165d -> 
  custom:DOTSType/Tanks.AudioPool: 65d2a3a778887e6e65d2a3a778887e6e -> 
  custom:DOTSType/Unity.Physics.DummyColliderFakesComponent`1[[Unity.Physics.SphereCollider, Unity.Physics, Version=0.0.0.0, Culture=neutral, PublicKeyToken=null]]: 4818ec4955a46c414818ec4955a46c41 -> 
  custom:DOTSType/Unity.Transforms.Parent: 00b45826652a5ec600b45826652a5ec6 -> 
  custom:DOTSType/Unity.Physics.PhysicsCollider: 00548c0f8c0147a000548c0f8c0147a0 -> 
  custom:DOTSType/Unity.Physics.Authoring.PhysicsRootBaked: a150145af5348f6da150145af5348f6d -> 
  custom:DOTSType/Unity.Scenes.ResolveSceneReferenceSystem+AssetDependencyTrackerState: b2d132c8f66d836db2d132c8f66d836d -> 
  custom:DOTSType/Unity.Entities.CompanionLinkTransform: e392322015c13880e392322015c13880 -> 
  custom:DOTSType/Unity.Entities.Serialization.DotsSerialization+RevisionedRawDataNode: 7e711ae70d27259d7e711ae70d27259d -> 
  custom:CustomObjectIndexerAttribute: 9a22284fe3817be447336de3de66b15e -> 
  custom:DOTSType/Tanks.Projectile: 620e548336351b1d620e548336351b1d -> 
  custom:DOTSType/Unity.Physics.GraphicsIntegration.MostRecentFixedTime: 6c4396236e6646a76c4396236e6646a7 -> 
  custom:DOTSType/UnityEngine.ParticleSystem: 28fa60303afd747328fa60303afd7473 -> 
  custom:DOTSType/Unity.Physics.DummyColliderFakesComponent`1[[Unity.Physics.ConvexCollider, Unity.Physics, Version=0.0.0.0, Culture=neutral, PublicKeyToken=null]]: d00615a7bde8681ed00615a7bde8681e -> 
  custom:DOTSType/Unity.Physics.DummyColliderFakesComponent`1[[Unity.Physics.MeshCollider, Unity.Physics, Version=0.0.0.0, Culture=neutral, PublicKeyToken=null]]: 52b224b25d7c5a2552b224b25d7c5a25 -> 
  custom:container-demuxer-webm: 4f35f7cbe854078d1ac9338744f61a02 -> 
  custom:DOTSType/Unity.Entities.PrefabRoot: ea04b60a31090316ea04b60a31090316 -> 
  custom:DOTSType/Unity.Entities.RequestSceneLoaded: 62c081c918aff6ee62c081c918aff6ee -> 
  custom:DOTSType/Unity.Entities.BeginPresentationEntityCommandBufferSystem+Singleton: cbef056a920a5eadcbef056a920a5ead -> 
  custom:DOTSType/Unity.Entities.ChunkHeader: 490bb3205bb29fe6490bb3205bb29fe6 -> 
  custom:DOTSType/Unity.Scenes.IsSectionLoaded: 2e3c12f14f7600232e3c12f14f760023 -> 
  custom:DOTSType/Unity.Entities.Editor.SystemInfo: e869e7d857e70a99e869e7d857e70a99 -> 
  custom:DOTSType/Zenject.MonoInstaller: d4f508a97531178fd4f508a97531178f -> 
  custom:DOTSType/Unity.Entities.WorldTimeQueue: 48ce29752c66702348ce29752c667023 -> 
  custom:DOTSType/Unity.Entities.StaticOptimizeEntity: 346cca765bf51c72346cca765bf51c72 -> 
  custom:DOTSType/Unity.Entities.SectionMetadataSetup: 75ea136fdb0e54ba75ea136fdb0e54ba -> 
  custom:DOTSType/Tanks.ProjectilePool: ae6caa17fe3924ceae6caa17fe3924ce -> 
  custom:DOTSType/Unity.Scenes.SceneSectionReferencedUnityObjects: 2797689ad57679a22797689ad57679a2 -> 
  custom:DOTSType/Unity.Physics.Editor.PhysicsStepAuthoringEditor: b0470546a7982481b0470546a7982481 -> 
  custom:DOTSType/Unity.Physics.GraphicsIntegration.PhysicsRenderEntity: 17b73fa380da9cf517b73fa380da9cf5 -> 
  custom:DOTSType/Unity.Entities.Hybrid.Baking.LinkedEntityGroupBakingData: cd33507256493e18cd33507256493e18 -> 
  custom:DOTSType/UnityEngine.LODGroup: 15ad22bb5260348e15ad22bb5260348e -> 
  custom:DOTSType/Tanks.BaseInputController: 7c3584087687be277c3584087687be27 -> 
  custom:DOTSType/Unity.Entities.Editor.HierarchySelectionContext: eb8c02bbb8571091eb8c02bbb8571091 -> 
  custom:DOTSType/Unity.Physics.DummyColliderFakesComponent`1[[Unity.Physics.CompoundCollider, Unity.Physics, Version=0.0.0.0, Culture=neutral, PublicKeyToken=null]]: f0b0c805df9aab48f0b0c805df9aab48 -> 
  custom:DOTSType/Unity.Physics.Authoring.PhysicsColliderAuthoringData: 237ab57c84eb023d237ab57c84eb023d -> 
  custom:DOTSType/Unity.Entities.Entity: 295b0c964d12026f295b0c964d12026f -> 
  custom:DOTSType/Unity.Physics.DummyColliderFakesComponent`1[[Unity.Physics.TerrainCollider, Unity.Physics, Version=0.0.0.0, Culture=neutral, PublicKeyToken=null]]: 76d2966f42dff4df76d2966f42dff4df -> 
  custom:DOTSType/Unity.Scenes.PublicEntityRef: b380cfe1712d4500b380cfe1712d4500 -> 
  custom:DOTSType/Unity.Entities.Asset: 5205195e4c6bea1c5205195e4c6bea1c -> 
  custom:DOTSType/Unity.Physics.GraphicsIntegration.PhysicsGraphicalSmoothing: 1a649a11034ac6061a649a11034ac606 -> 
  custom:DOTSType/Unity.Physics.Systems.PhysicsAnalyticsSingleton: 261d1a0e3f762c88261d1a0e3f762c88 -> 
  custom:DOTSType/Unity.Physics.PhysicsTemporalCoherenceInfo: dd862a3ef5746267dd862a3ef5746267 -> 
  custom:DOTSType/Tanks.EffectPoolContainer: bf19857e7a596a2bbf19857e7a596a2b -> 
  custom:DOTSType/Unity.Physics.PhysicsStep: 4ca665c06bcf89ca4ca665c06bcf89ca -> 
  custom:DOTSType/UnityEngine.TextMesh: 6784c791d05273aa6784c791d05273aa -> 
  custom:DOTSType/Unity.Entities.CompanionGameObjectActiveCleanup: 4ff09409f1cce51f4ff09409f1cce51f -> 
  custom:DOTSType/Tanks.ReloadIndicator: 83d1d641d15e1d5483d1d641d15e1d54 -> 
  custom:DOTSType/Zenject.RunnableContext: f37beb99d06e39fbf37beb99d06e39fb -> 
  custom:DOTSType/Unity.Physics.Authoring.PhysicsDebugDisplayData: 0cdccf70b9e5e20d0cdccf70b9e5e20d -> 
  custom:DOTSType/Unity.Scenes.AssetObjectManifest: 84d682f40d46c88184d682f40d46c881 -> 
  custom:DOTSType/Unity.Entities.PostLoadCommandBuffer: d658541e4a41540dd658541e4a41540d -> 
  custom:DOTSType/Unity.Entities.Editor.ArchetypeInfo: b8b1bbcc600f6437b8b1bbcc600f6437 -> 
  custom:DOTSType/Tanks.Interface.Speedometer: 158cdf1f7f3d0d9c158cdf1f7f3d0d9c -> 
  custom:DOTSType/Tanks.BattleRam: 87a27f4ae62d951387a27f4ae62d9513 -> 
  custom:DOTSType/UnityEngine.BoxCollider: 8e5b85c4fec088d48e5b85c4fec088d4 -> 
  custom:DOTSType/Unity.Entities.Serialization.ExternalEntityReference: 415f45c8b00c90a4415f45c8b00c90a4 -> 
  custom:DOTSType/Unity.Entities.SceneSectionComponent: 22f65411cbba718222f65411cbba7182 -> 
  custom:DOTSType/Unity.Scenes.PrefabLoadResult: 71615367c37f030371615367c37f0303 -> 
  custom:DOTSType/Unity.Scenes.SceneSectionStreamingSystem+StreamingState: 7014161ec3350ad07014161ec3350ad0 -> 
  custom:DOTSType/Unity.Entities.Editor.UnsupportedEntityEditor: f4c4238e5d78020af4c4238e5d78020a -> 
  custom:DOTSType/Unity.Scenes.ResolvedSectionEntity: e83509e6ef73df7ae83509e6ef73df7a -> 
  custom:DOTSType/Unity.Scenes.DisableSceneResolveAndLoad: 41c98fa73f31b21a41c98fa73f31b21a -> 
  custom:DOTSType/Unity.Entities.LinkedEntityGroup: c1b61ecd5260e852c1b61ecd5260e852 -> 
  custom:DOTSType/Unity.Physics.Authoring.RigidbodyBakingData: 66caf1f3818b52fc66caf1f3818b52fc -> 
  custom:DOTSType/Zenject.ScriptableObjectInstaller: 47201fb43b11147d47201fb43b11147d -> 
  custom:DOTSType/Unity.Physics.Authoring.DetailedStaticMeshCollisionAuthoring: 35a7576e30820a5e35a7576e30820a5e -> 
  custom:DOTSType/Unity.Entities.Editor.UnsupportedGameObjectEditor: 5cff923fd1c387e15cff923fd1c387e1 -> 
  custom:DOTSType/Tanks.CinemachineInputCustomProvider: 53bf68681542a65453bf68681542a654 -> 
  custom:DOTSType/Zenject.SceneContext: 30c70a59093b925c30c70a59093b925c -> 
  custom:DOTSType/UnityEngine.MeshRenderer: 77aa4cb33b84a90377aa4cb33b84a903 -> 
  custom:DOTSType/Unity.Physics.Authoring.BakeStaticRoot: ac81d98288eb78feac81d98288eb78fe -> 
  custom:DOTSType/Unity.Entities.Serialization.DotsSerialization+StringTableNode: db9aacf636d95b56db9aacf636d95b56 -> 
  custom:DOTSType/Zenject.SceneContextEditor: f5ac3d9288ab62bbf5ac3d9288ab62bb -> 
  custom:DOTSType/Unity.Entities.Disabled: ea10d702b0a42592ea10d702b0a42592 -> 
  custom:DOTSType/Unity.Entities.Editor.EntityEditor: 4502e3ccdb7ac0e04502e3ccdb7ac0e0 -> 
  custom:DOTSType/Unity.Physics.Systems.BroadphaseData: cf796e61bbb1c05fcf796e61bbb1c05f -> 
  custom:DOTSType/Unity.Entities.Editor.ArchetypesWindow: bde482c89698b5c7bde482c89698b5c7 -> 
  custom:DOTSType/Unity.Physics.PhysicsMass: dd66b9b7945f3ac7dd66b9b7945f3ac7 -> 
  custom:DOTSType/Unity.Physics.Systems.BuildPhysicsWorldData: 403d401e5c7292c3403d401e5c7292c3 -> 
  custom:DOTSType/Unity.Scenes.SceneBoundingVolume: 3407604aa951263f3407604aa951263f -> 
  custom:video-encoder-webm-vp8: eb34c28f22e8b96e1ab97ce403110664 -> 
  custom:DOTSType/Unity.Physics.Authoring.PhysicsColliderBakedData: 4b51dd6d702fa42d4b51dd6d702fa42d -> 
  custom:DOTSType/UnityEngine.SphereCollider: 82c25a73f4a3118382c25a73f4a31183 -> 
  custom:DOTSType/Unity.Scenes.SubScene: ac4196b7e94e44ecac4196b7e94e44ec -> 
  custom:DOTSType/Unity.Physics.DummyColliderFakesComponent`1[[Unity.Physics.Collider, Unity.Physics, Version=0.0.0.0, Culture=neutral, PublicKeyToken=null]]: 9b1dfcaf09a3b4529b1dfcaf09a3b452 -> 
  custom:DOTSType/Unity.Entities.Editor.HierarchyEntityChangeTracker+UnusedTag: e99f3a5fcb8d8012e99f3a5fcb8d8012 -> 
  custom:DOTSType/Unity.Physics.PhysicsMassOverride: 6fcef11ae9d1bc306fcef11ae9d1bc30 -> 
  custom:DOTSType/Unity.Entities.BlobAssetOwner: c83c63163f833390c83c63163f833390 -> 
  custom:DOTSType/Zenject.CheatSheet+Foo: 818256864703f221818256864703f221 -> 
  custom:DOTSType/Unity.Physics.Authoring.CustomPhysicsBodyTagNames: cf633e3d702fe67dcf633e3d702fe67d -> 
  custom:DOTSType/UnityEngine.CapsuleCollider: be84ea475def5c96be84ea475def5c96 -> 
  custom:DOTSType/Unity.Physics.PhysicsTemporalCoherenceTag: 078e815b3514dfd3078e815b3514dfd3 -> 
  custom:DOTSType/Unity.Entities.Editor.JournalManagerWrapperEditor: cb69e60b3422ccebcb69e60b3422cceb -> 
  custom:DOTSType/Unity.Entities.SceneReference: 93a995b4b28fc25393a995b4b28fc253 -> 
  custom:DOTSType/Unity.Entities.Editor.UnsupportedPrefabEntityEditor: 42b92ebb8c8886cf42b92ebb8c8886cf -> 
  custom:DOTSType/Unity.Entities.Serialization.DotsSerialization+NodeHeader: 2a912a6fdedc77ae2a912a6fdedc77ae -> 
  custom:DOTSType/Zenject.ZenAutoInjecter: 778eb5667a6355bc778eb5667a6355bc -> 
  custom:DOTSType/Unity.Entities.SceneSection: bdba69731fc8f3e7bdba69731fc8f3e7 -> 
  custom:DOTSType/Tanks.Patrol: af24d179ee3e03f0af24d179ee3e03f0 -> 
  custom:DOTSType/Unity.Physics.DummyColliderFakesComponent`1[[Unity.Physics.BoxCollider, Unity.Physics, Version=0.0.0.0, Culture=neutral, PublicKeyToken=null]]: f425b7fd66e06988f425b7fd66e06988 -> 
  custom:DOTSType/Unity.Entities.TransformAuthoring: d03322d6827741e8d03322d6827741e8 -> 
  custom:DOTSType/Zenject.ProjectKernel: efdc3d3e4e17fb07efdc3d3e4e17fb07 -> 
  custom:DOTSType/Tanks.TransmissionSettings: b0a3fa15cf2503fcb0a3fa15cf2503fc -> 
  custom:DOTSType/UnityEngine.ParticleSystemRenderer: 818ef389bd33d482818ef389bd33d482 -> 
  custom:DOTSType/Unity.Entities.BeginSimulationEntityCommandBufferSystem+Singleton: 5406e750b86f24a55406e750b86f24a5 -> 
  custom:DOTSType/Unity.Scenes.Editor.GlobalEntitiesDependencyInspector: 3df09afcbb66d7bb3df09afcbb66d7bb -> 
========================================================================
Received Prepare
Assembly reference Packages/com.unity.entities/Unity.Scenes.Editor/Internals/Properties/Unity.Properties.Internals.asmref has no target assembly definition
Assembly reference Packages/com.unity.entities/Unity.Scenes.Editor/Internals/Properties/Unity.Properties.Internals.asmref has no target assembly definition
Begin MonoManager ReloadAssembly
- Loaded All Assemblies, in  0.915 seconds
Refreshing native plugins compatible for Editor in 8.12 ms, found 5 plugins.
Native extension for WindowsStandalone target not found
Assembly reference Packages/com.unity.entities/Unity.Scenes.Editor/Internals/Properties/Unity.Properties.Internals.asmref has no target assembly definition
TypeManager.Initialize took: 353ms
Mono: successfully reloaded assembly
- Finished resetting the current domain, in  3.044 seconds
Domain Reload Profiling: 3954ms
	BeginReloadAssembly (287ms)
		ExecutionOrderSort (0ms)
		DisableScriptedObjects (8ms)
		BackupInstance (0ms)
		ReleaseScriptingObjects (0ms)
		CreateAndSetChildDomain (105ms)
	RebuildCommonClasses (46ms)
	RebuildNativeTypeToScriptingClass (18ms)
	initialDomainReloadingComplete (59ms)
	LoadAllAssembliesAndSetupDomain (500ms)
		LoadAssemblies (605ms)
		RebuildTransferFunctionScriptingTraits (0ms)
		AnalyzeDomain (26ms)
			TypeCache.Refresh (10ms)
				TypeCache.ScanAssembly (0ms)
			ScanForSourceGeneratedMonoScriptInfo (0ms)
			ResolveRequiredComponents (14ms)
	FinalizeReload (3045ms)
		ReleaseScriptCaches (0ms)
		RebuildScriptCaches (0ms)
		SetupLoadedEditorAssemblies (2112ms)
			LogAssemblyErrors (0ms)
			InitializePlatformSupportModulesInManaged (10ms)
			SetLoadedEditorAssemblies (13ms)
			RefreshPlugins (0ms)
			BeforeProcessingInitializeOnLoad (304ms)
			ProcessInitializeOnLoadAttributes (1418ms)
			ProcessInitializeOnLoadMethodAttributes (355ms)
			AfterProcessingInitializeOnLoad (11ms)
			EditorAssembliesLoaded (1ms)
		ExecutionOrderSort2 (0ms)
		AwakeInstancesAfterBackupRestoration (9ms)
Refreshing native plugins compatible for Editor in 11.44 ms, found 5 plugins.
Preloading 0 native plugins for Editor in 0.00 ms.
Unloading 6859 Unused Serialized files (Serialized files now loaded: 0)
Unloading 95 unused Assets / (123.6 KB). Loaded Objects now: 7343.
Memory consumption went from 221.0 MB to 220.9 MB.
Total: 10.277100 ms (FindLiveObjects: 0.999800 ms CreateObjectMapping: 1.084700 ms MarkObjects: 7.966200 ms  DeleteObjects: 0.224800 ms)

Unloading 0 Unused Serialized files (Serialized files now loaded: 0)
Unloading 0 unused Assets / (157.9 KB). Loaded Objects now: 7343.
Memory consumption went from 220.8 MB to 220.7 MB.
Total: 9.789900 ms (FindLiveObjects: 0.850500 ms CreateObjectMapping: 1.523400 ms MarkObjects: 7.286200 ms  DeleteObjects: 0.128100 ms)

Prepare: number of updated asset objects reloaded= 0
AssetImportParameters requested are different than current active one (requested -> active):
  custom:DOTSType/Zenject.MonoInstallerBase: 95f86c107dc723fe95f86c107dc723fe -> 
  custom:DOTSType/Unity.Entities.EntityGuid: 8e99211435a26d668e99211435a26d66 -> 
  custom:DOTSType/Tanks.TurretController: e7fde51fa66b4c5ee7fde51fa66b4c5e -> 
  custom:DOTSType/Unity.Entities.DefaultWorldInitializationProxy: 3bc53c9cad9070363bc53c9cad907036 -> 
  custom:container-demuxer-ogg: 62fdf1f143b41e24485cea50d1cbac27 -> 
  custom:DOTSType/Zenject.Internal.DefaultSceneContractConfig: a78f29ab0132239ca78f29ab0132239c -> 
  custom:DOTSType/Unity.Physics.EnsureUniqueColliderBlobTag: 3e3264c9c7497b3b3e3264c9c7497b3b -> 
  custom:DOTSType/Unity.Scenes.SceneEntityReference: 646ffd19b744bbdb646ffd19b744bbdb -> 
  custom:DOTSType/Unity.Entities.Hybrid.Baking.BakingOnlyEntityAuthoringBaker+BakingOnlyChildren: 9c3cc3aa8ff875949c3cc3aa8ff87594 -> 
  custom:DOTSType/Unity.Entities.EntityManager+IsolateCopiedEntities: 703c8c39c22b63af703c8c39c22b63af -> 
  custom:DOTSType/Unity.Entities.BeginVariableRateSimulationEntityCommandBufferSystem+Singleton: 40006e500ad5800440006e500ad58004 -> 
  custom:DOTSType/UnityEngine.LightProbeProxyVolume: cd06291433fcac4ccd06291433fcac4c -> 
  custom:EntityBinaryFileFormatVersion: b618570c169a919bbb95b4bd7e4084ba -> 
  custom:DOTSType/Unity.Physics.Authoring.DisplayGizmoColliderEdges+DrawWithGizmos: a6749ec75af14c28a6749ec75af14c28 -> 
  custom:DOTSType/Tanks.SkyRotation: 6a30c8e81d68dcd96a30c8e81d68dcd9 -> 
  custom:DOTSType/Unity.Entities.Editor.ComponentInfo: b6911f4bc3b03db5b6911f4bc3b03db5 -> 
  custom:DOTSType/Unity.Entities.BurstCompatibleComponentData: 1d232e8370167ced1d232e8370167ced -> 
  custom:DOTSType/Unity.Entities.RetainBlobAssetPtr: f51a437fde39ac82f51a437fde39ac82 -> 
  custom:DOTSType/Unity.Physics.Authoring.PhysicsStepAuthoring: 29ca86243fe93d3b29ca86243fe93d3b -> 
  custom:DOTSType/Unity.Entities.BakedEntity: 6cda7616df5335d16cda7616df5335d1 -> 
  custom:DOTSType/Unity.Transforms.Static: a08c19e85cdd5a49a08c19e85cdd5a49 -> 
  custom:DOTSType/Unity.Entities.Editor.InvalidEntityEditor: c09028623072dbb6c09028623072dbb6 -> 
  custom:DOTSType/UnityEngine.Collider: e796157eabb2316ee796157eabb2316e -> 
  custom:framework-win-MediaFoundation: 216162199b28c13a410421893ffa2e32 -> 
  custom:DOTSType/UnityEngine.Transform: 3954159e9eb625f23954159e9eb625f2 -> 
  custom:DOTSType/Unity.Physics.Authoring.PhysicsWorldIndexAuthoring: c35779b88bcbf0f5c35779b88bcbf0f5 -> 
  custom:DOTSType/Unity.Scenes.Editor.GameObjectSceneMetaDataImporter: 35c29e171f7f1b1235c29e171f7f1b12 -> 
  custom:DOTSType/Tanks.Wheel: 8000d516241cf2618000d516241cf261 -> 
  custom:DOTSType/Unity.Entities.Editor.EntitySelectionProxy: 640f096afb1dc192640f096afb1dc192 -> 
  custom:DOTSType/Tanks.Tests.TestInputController: da9d7109e7aa2efada9d7109e7aa2efa -> 
  custom:DOTSType/Unity.Entities.OmitLinkedEntityGroupFromPrefabInstance: d5447758848371b8d5447758848371b8 -> 
  custom:DOTSType/Unity.Entities.Editor.HierarchyWindow: 68a3d7f4e81dfa3968a3d7f4e81dfa39 -> 
  custom:DOTSType/Unity.Entities.CleanupEntity: 91c2e7742ff7a40291c2e7742ff7a402 -> 
  custom:DOTSType/Zenject.MonoKernel: ad622fbf2f55726ead622fbf2f55726e -> 
  custom:DOTSType/Zenject.DefaultGameObjectKernel: 4e750c357d05f8164e750c357d05f816 -> 
  custom:DOTSType/Zenject.GameObjectContextEditor: e47fe5c2e2a879a3e47fe5c2e2a879a3 -> 
  custom:DOTSType/Unity.Scenes.RequestSceneHeader: 539e2df9dd1c5383539e2df9dd1c5383 -> 
  custom:DOTSType/Unity.Entities.BakingOnlyEntity: 6d61bb30b0fe96a06d61bb30b0fe96a0 -> 
  custom:DOTSType/UnityEngine.ReflectionProbe: 74c5d94e403ee5bf74c5d94e403ee5bf -> 
  custom:DOTSType/Unity.Physics.Authoring.PhysicsWorldIndexBakingData: eb7993b47224fdb3eb7993b47224fdb3 -> 
  custom:DOTSType/Tanks.TankController: 5fe8cedbca51d9d55fe8cedbca51d9d5 -> 
  custom:DOTSType/Unity.Scenes.Editor.ClearEntitiesCacheWindow: ff5e4942d7943fe4ff5e4942d7943fe4 -> 
  custom:DOTSType/Unity.Entities.Serialization.DotsSerialization+TypeNamesNode: 481f56363f3115ba481f56363f3115ba -> 
  custom:DOTSType/Unity.Entities.Hybrid.Baking.BakingOnlyEntityAuthoring: b00feda2188a9371b00feda2188a9371 -> 
  custom:DOTSType/Unity.Scenes.ResolvedSectionPath: bf9e38f006f83cb7bf9e38f006f83cb7 -> 
  custom:DOTSType/Unity.Deformations.BlendShapeWeight: d26eabb95dfc9b4dd26eabb95dfc9b4d -> 
  custom:DOTSType/Unity.Scenes.ReferencedUnityObjects: b8073d4731436522b8073d4731436522 -> 
  custom:DOTSType/Unity.Physics.Authoring.PhysicsDebugDisplayAuthoring: 048169f5bbaf7cd0048169f5bbaf7cd0 -> 
  custom:DOTSType/Unity.Scenes.Editor.SubSceneInspector: 6e96e553cf64778e6e96e553cf64778e -> 
  custom:DOTSType/Unity.Physics.GraphicsIntegration.SmoothRigidBodiesGraphicalMotion+RigidBodySmoothingWorldIndex: 988440dd19a406ed988440dd19a406ed -> 
  custom:DOTSType/Unity.Physics.PhysicsConstrainedBodyPair: 37ca29e9e58c191137ca29e9e58c1911 -> 
  custom:DOTSType/Unity.Physics.ColliderBlobCleanupData: 18f3eb94199c5e3618f3eb94199c5e36 -> 
  custom:DOTSType/Unity.Physics.PhysicsDamping: 579a7188c5fb1464579a7188c5fb1464 -> 
  custom:container-muxer-webm: aa71ff27fc2769a1b78a27578f13a17b -> 
  custom:DOTSType/Unity.Entities.CompanionGameObjectUpdateTransformCleanup: 0a4e12c25aaf05e00a4e12c25aaf05e0 -> 
  custom:DOTSType/Tanks.Editor.TransmissionSettingsEditor: 5c05f270edf687155c05f270edf68715 -> 
  custom:DOTSType/Unity.Entities.EndSimulationEntityCommandBufferSystem+Singleton: 6cc3a7136f47def06cc3a7136f47def0 -> 
  custom:DOTSType/Unity.Physics.Authoring.PhysicsDebugDisplaySystem+DrawComponent: fbecd1af1d76e089fbecd1af1d76e089 -> 
  custom:video-decoder-webm-vp8: 9c59270c3fd7afecdb556c50c9e8de78 -> 
  custom:DOTSType/Zenject.GuiRenderer: 77a380f71106289e77a380f71106289e -> 
  custom:DOTSType/Zenject.AnimatorMoveHandlerManager: 48d7fbeaa25297da48d7fbeaa25297da -> 
  custom:DOTSType/UnityEngine.GameObject: aef60e3f2ae5ad9aaef60e3f2ae5ad9a -> 
  custom:SearchIndexIgnoredProperties: e643bd26f0fe6173181afceb89e7c659 -> 
  custom:DOTSAllSystemsVersion: ffb3322ebf2cc81fbcc35437f1236753 -> 
  custom:DOTSType/Unity.Physics.GraphicsIntegration.PhysicsGraphicalInterpolationBuffer: 7baea6e725f3208c7baea6e725f3208c -> 
  custom:AudioImporter_EditorPlatform: d09bf68614088b80899f8185d706f6e7 -> 
  custom:DOTSType/Tanks.Interface.CarnageSettings: 06a0f3af603600f206a0f3af603600f2 -> 
  custom:DOTSType/Zenject.ProjectContextEditor: f68c5f17562ef273f68c5f17562ef273 -> 
  custom:DOTSType/Unity.Entities.Serialization.DotsSerialization+FolderNode: 98c33d003d1b152b98c33d003d1b152b -> 
  custom:DOTSType/Unity.Entities.CompanionReference: 4de8f4179bbe96e74de8f4179bbe96e7 -> 
  custom:DOTSType/UnityEngine.VFX.VisualEffect: dc0e74262f371f63dc0e74262f371f63 -> 
  custom:DOTSType/Unity.Entities.Hybrid.Baking.AdditionalEntitiesBakingData: d81e35bf039925b8d81e35bf039925b8 -> 
  custom:DOTSType/UnityEngine.SpriteRenderer: 61a676ec163f72b161a676ec163f72b1 -> 
  custom:DOTSType/Unity.Entities.Editor.JournalingWrapperEditor: 7820ec03259d9ee57820ec03259d9ee5 -> 
  custom:DOTSType/Tanks.Tank.ProjectileTracker: 101b4b340f8400be101b4b340f8400be -> 
  custom:DOTSType/Unity.Deformations.SkinMatrix: 4b50a0962ac5e60d4b50a0962ac5e60d -> 
  custom:DOTSType/Unity.Scenes.WeakAssetReferenceLoadingData: 451a8b20bc4a35f6451a8b20bc4a35f6 -> 
  custom:DOTSType/Unity.Entities.BurstCompatibleSharedComponentData: 6239fcd2cd3b1c316239fcd2cd3b1c31 -> 
  custom:DOTSType/Unity.Physics.PhysicsCustomTags: 7d9dddf48b181c997d9dddf48b181c99 -> 
  custom:DOTSType/Zenject.SceneDecoratorContext: 47847979bf9052df47847979bf9052df -> 
  custom:DOTSType/Unity.Entities.Editor.ArchetypeWrapperEditor: fcd41c2e8cb6c202fcd41c2e8cb6c202 -> 
  custom:DOTSType/Unity.Physics.PhysicsGravityFactor: 8ab51309e4cdebcc8ab51309e4cdebcc -> 
  custom:DOTSType/Tanks.PlayerInputController: eeac7a82da062014eeac7a82da062014 -> 
  custom:DOTSType/Unity.Entities.SceneTag: 7a384971715860367a38497171586036 -> 
  custom:DOTSType/Unity.Physics.Systems.DummySimulationData: e73bf206ed8976b1e73bf206ed8976b1 -> 
  custom:DOTSType/Unity.Physics.CustomPhysicsProxyDriver: d8e4875a8f47327fd8e4875a8f47327f -> 
  custom:DOTSType/Unity.Entities.Editor.InvalidSelectionEditor: bb0f099005812d55bb0f099005812d55 -> 
  custom:DOTSType/Tanks.Interface.CarnageIndicator: 7a2a70789a91028f7a2a70789a91028f -> 
  custom:DOTSType/Unity.Physics.StepInputSingleton: f5a13022ab227cfff5a13022ab227cff -> 
  custom:DOTSType/Unity.Transforms.LocalToWorld: f07e17bb4e08548ef07e17bb4e08548e -> 
  custom:DOTSType/Unity.Entities.Prefab: 8cefcfc0e3366a618cefcfc0e3366a61 -> 
  custom:DOTSType/Unity.Transforms.PreviousParent: f7f96ed2f665f721f7f96ed2f665f721 -> 
  custom:DOTSType/Unity.Entities.EditorRenderData: 23031dfb0b685e0c23031dfb0b685e0c -> 
  custom:DOTSType/Tanks.TankGameInstaller: ab41efd1a1117644ab41efd1a1117644 -> 
  custom:DOTSType/Tanks.Tests.TestCarnageIndicator: c8904b0627773241c8904b0627773241 -> 
  custom:DOTSType/Unity.Entities.Editor.JournalEntry: fa64f1a8d5097849fa64f1a8d5097849 -> 
  custom:DOTSType/Unity.Scenes.GlobalEntitiesDependency: 272e3c9ba12b159e272e3c9ba12b159e -> 
  custom:audio-decoder-ogg-vorbis: bf7c407c2cedff20999df2af8eb42d56 -> 
  custom:ProjectSettings/EntitiesClientSettings.asset: 57fa4463d8597ee36c3803b5983b6213 -> 
  custom:DOTSType/Unity.Entities.RetainBlobAssets: e3007bd0d4f5ba8be3007bd0d4f5ba8b -> 
  custom:DOTSType/Tanks.TankAudioSystem: e0c4f60227f2a2a8e0c4f60227f2a2a8 -> 
  custom:DOTSType/Unity.Scenes.SceneSystemData: 358f9772a0e70c53358f9772a0e70c53 -> 
  custom:DOTSType/Zenject.SceneDecoratorContextEditor: ca86c2fb23338ef7ca86c2fb23338ef7 -> 
  custom:DOTSType/Unity.Physics.PhysicsWorldIndex: 44b485a5651ecbf844b485a5651ecbf8 -> 
  custom:DOTSType/Unity.Entities.EndInitializationEntityCommandBufferSystem+Singleton: 75800829e25c245f75800829e25c245f -> 
  custom:DOTSType/Unity.Entities.Build.EntitiesClientSettings: 379ca95f1f31bbbc379ca95f1f31bbbc -> 
  custom:DOTSType/Zenject.ProjectContext: 73c2192ee2a3347973c2192ee2a33479 -> 
  custom:DOTSType/Zenject.RunnableContextEditor: 761811f71f3da7bc761811f71f3da7bc -> 
  custom:DOTSType/UnityEngine.AudioSource: aed3a424fdd48d59aed3a424fdd48d59 -> 
  custom:DOTSType/Unity.Scenes.RequestEntityPrefabLoaded: fc4092a08e154a96fc4092a08e154a96 -> 
  custom:DOTSType/Unity.Entities.SystemInstance: bb0dfff8e9a48357bb0dfff8e9a48357 -> 
  custom:DOTSType/Unity.Entities.RemoveUnusedEntityInBake: 0973223cb916c16b0973223cb916c16b -> 
  custom:DOTSType/Unity.Entities.EndVariableRateSimulationEntityCommandBufferSystem+Singleton: 78d2450a82ebc20778d2450a82ebc207 -> 
  custom:DOTSType/Unity.Physics.DummyColliderFakesComponent`1[[Unity.Physics.CylinderCollider, Unity.Physics, Version=0.0.0.0, Culture=neutral, PublicKeyToken=null]]: 2d82e9daa82955bf2d82e9daa82955bf -> 
  custom:audio-encoder-webm-vorbis: bf7c407c2cedff20999df2af8eb42d56 -> 
  custom:DOTSType/Unity.Entities.BeginFixedStepSimulationEntityCommandBufferSystem+Singleton: 5857035820ee1e635857035820ee1e63 -> 
  custom:DOTSType/Unity.Physics.PhysicsJointCompanion: 655fde98af64ce94655fde98af64ce94 -> 
  custom:DOTSType/Unity.Scenes.WeakAssetPrefabLoadRequest: b6d72391c4d3d049b6d72391c4d3d049 -> 
  custom:DOTSType/Tanks.Legacy.LegacyTransmissionSettings: 84b2093787e9240c84b2093787e9240c -> 
  custom:DOTSType/Tanks.Legacy.Editor.LegacyTransmissionSettingsEditor: f063a9f322024a22f063a9f322024a22 -> 
  custom:DOTSType/Zenject.ScriptableObjectInstallerBase: 564d9b68561bb94d564d9b68561bb94d -> 
  custom:DOTSType/Unity.Physics.Editor.CustomPhysicsBodyTagNamesEditor: 5e056a649e13a00c5e056a649e13a00c -> 
  custom:DOTSType/Unity.Physics.PhysicsWorldSingleton: 90bad7c95a54d00590bad7c95a54d005 -> 
  custom:DOTSType/Unity.Entities.BurstCompatibleBufferElement: 9256282cac425e579256282cac425e57 -> 
  custom:DOTSType/Unity.Entities.CompanionLink: 4813070be25c6d6a4813070be25c6d6a -> 
  custom:DOTSType/Unity.Physics.DummyColliderFakesComponent`1[[Unity.Physics.PolygonCollider, Unity.Physics, Version=0.0.0.0, Culture=neutral, PublicKeyToken=null]]: 3f38e3dc511d48d23f38e3dc511d48d2 -> 
  custom:SceneMetaDataFileFormatVersion: 18e216f4893c3ae43d5b4b3a88de92ca -> 
  custom:DOTSType/Unity.Entities.Editor.SystemScheduleWindow: dfecb8af58c97f0adfecb8af58c97f0a -> 
  custom:DOTSType/Unity.Physics.PhysicsColliderKeyEntityPair: e3185876db01deade3185876db01dead -> 
  custom:DOTSType/Zenject.ContextEditor: 0791a612a42c17bc0791a612a42c17bc -> 
  custom:DOTSType/Zenject.AnimatorIkHandlerManager: 6bf1f62125213c446bf1f62125213c44 -> 
  custom:DOTSType/Unity.Transforms.LocalTransform: d07f194ee4791f00d07f194ee4791f00 -> 
  custom:DOTSType/Unity.Physics.PhysicsJoint: e49afdd9ec82159fe49afdd9ec82159f -> 
  custom:DOTSType/Unity.Scenes.PrefabAssetReference: 924b87ecab3719ce924b87ecab3719ce -> 
  custom:DOTSType/UnityEngine.Rigidbody: 90d4f52b90e97d3190d4f52b90e97d31 -> 
  custom:DOTSType/Unity.Transforms.PostTransformMatrix: d5b773053bc4fc92d5b773053bc4fc92 -> 
  custom:DOTSType/Unity.Entities.WorldTime: efd6631e6d47e1c0efd6631e6d47e1c0 -> 
  custom:DOTSType/Unity.Entities.Editor.ComponentsWindow: f3a47022486a5e37f3a47022486a5e37 -> 
  custom:DOTSType/Unity.Entities.Editor.JournalManager: bd6303929aef5048bd6303929aef5048 -> 
  custom:DOTSType/Zenject.SceneKernel: 14c92f57ead5fa5a14c92f57ead5fa5a -> 
  custom:DOTSType/Unity.Scenes.Editor.SubSceneImporter: fbc2a6bb48307f94fbc2a6bb48307f94 -> 
  custom:DOTSType/UnityEngine.Light: 47f771faf20222f647f771faf20222f6 -> 
  custom:DOTSType/Unity.Entities.EndFixedStepSimulationEntityCommandBufferSystem+Singleton: 903138f233c08b6f903138f233c08b6f -> 
  custom:DOTSType/Unity.Entities.Hybrid.Baking.LinkedEntityGroupAuthoring: 463b7158f57f2778463b7158f57f2778 -> 
  custom:DOTSType/Unity.Entities.BeginInitializationEntityCommandBufferSystem+Singleton: 1dafdf6276a3f02d1dafdf6276a3f02d -> 
  custom:DOTSType/Unity.Physics.SimulationSingleton: 2c12c15cc1aaefd42c12c15cc1aaefd4 -> 
  custom:DOTSType/Unity.Transforms.Child: 5a0b111d3c5ef1ef5a0b111d3c5ef1ef -> 
  custom:DOTSType/Unity.Entities.Editor.ComponentWrapperEditor: 8a0108ac83962ca58a0108ac83962ca5 -> 
  custom:video-codec-MediaFoundation-h265: 746d11721c4dcdbdad8f713fa42b33f4 -> 
  custom:DOTSType/Unity.Entities.SceneSectionData: eeed08dab67953cbeeed08dab67953cb -> 
  custom:DOTSType/Tanks.EffectPool: b07fd26d384c1aadb07fd26d384c1aad -> 
  custom:DOTSType/Zenject.Context: 7a9b164638a7c5fb7a9b164638a7c5fb -> 
  custom:DOTSType/Unity.Entities.Editor.EntitiesJournalingWindow: fb6228252c0089dcfb6228252c0089dc -> 
  custom:video-decoder-ogg-theora: a1e56fd34408186e4bbccfd4996cb3dc -> 
  custom:DOTSType/Unity.Scenes.ResolvedSceneHash: 10c2d6fb478167a310c2d6fb478167a3 -> 
  custom:DOTSType/Unity.Scenes.SceneSectionStreamingData: 01ac29b86b18dacf01ac29b86b18dacf -> 
  custom:DOTSType/Zenject.ZenjectStateMachineBehaviourAutoInjecter: bc2fa2415d8a8ef6bc2fa2415d8a8ef6 -> 
  custom:DOTSType/Unity.Entities.AdditionalEntityParent: a24d1678b03f0479a24d1678b03f0479 -> 
  custom:DOTSType/Unity.Entities.Simulate: e0c92315ec24632de0c92315ec24632d -> 
  custom:DOTSType/Unity.Physics.PhysicsVelocity: eae7719776411411eae7719776411411 -> 
  custom:DOTSType/Unity.Entities.Editor.SystemWrapperEditor: 8c892c6354f3a3138c892c6354f3a313 -> 
  custom:DOTSType/Unity.Entities.RetainBlobAssetBatchPtr: 14017b765908ee1d14017b765908ee1d -> 
  custom:DOTSType/Zenject.ZenjectBinding: 0569f6cfa9645a6e0569f6cfa9645a6e -> 
  custom:DOTSType/Tanks.Tests.TestCarnageIndicator+TestCarnageIndicatorEditor: a518ed1603ea4192a518ed1603ea4192 -> 
  custom:DOTSType/Unity.Physics.Authoring.CustomPhysicsProxyAuthoring: 90a4b67ea7c61e0c90a4b67ea7c61e0c -> 
  custom:DOTSType/Unity.Physics.Authoring.PhysicsMeshAuthoringData: 07c891dbd84b5d1c07c891dbd84b5d1c -> 
  custom:DOTSType/Unity.Scenes.LiveConversionPatcher+LiveConvertedSceneCleanup: 97dadd0f05dbc86997dadd0f05dbc869 -> 
  custom:DOTSType/UnityEngine.MeshCollider: 745c145fdcf1939e745c145fdcf1939e -> 
  custom:DOTSType/Unity.Physics.Authoring.ForceUniqueColliderAuthoring: 34be871ed7a74d6234be871ed7a74d62 -> 
  custom:DOTSType/Zenject.GameObjectContext: 694c79f9ded4c948694c79f9ded4c948 -> 
  custom:DOTSType/Unity.Physics.DummyColliderFakesComponent`1[[Unity.Physics.CapsuleCollider, Unity.Physics, Version=0.0.0.0, Culture=neutral, PublicKeyToken=null]]: 840aede77f375b4f840aede77f375b4f -> 
  custom:DOTSType/Unity.Physics.Authoring.StaticOptimizePhysicsBaking: f3a03d29cca9ceabf3a03d29cca9ceab -> 
  custom:DOTSType/Unity.Scenes.DisableLiveConversion: 543070e84ec00e2c543070e84ec00e2c -> 
  custom:DOTSType/Unity.Physics.Authoring.PhysicsCompoundData: 41f933035064165d41f933035064165d -> 
  custom:DOTSType/Tanks.AudioPool: 65d2a3a778887e6e65d2a3a778887e6e -> 
  custom:DOTSType/Unity.Physics.DummyColliderFakesComponent`1[[Unity.Physics.SphereCollider, Unity.Physics, Version=0.0.0.0, Culture=neutral, PublicKeyToken=null]]: 4818ec4955a46c414818ec4955a46c41 -> 
  custom:DOTSType/Unity.Transforms.Parent: 00b45826652a5ec600b45826652a5ec6 -> 
  custom:DOTSType/Unity.Physics.PhysicsCollider: 00548c0f8c0147a000548c0f8c0147a0 -> 
  custom:DOTSType/Unity.Physics.Authoring.PhysicsRootBaked: a150145af5348f6da150145af5348f6d -> 
  custom:DOTSType/Unity.Scenes.ResolveSceneReferenceSystem+AssetDependencyTrackerState: b2d132c8f66d836db2d132c8f66d836d -> 
  custom:DOTSType/Unity.Entities.CompanionLinkTransform: e392322015c13880e392322015c13880 -> 
  custom:DOTSType/Unity.Entities.Serialization.DotsSerialization+RevisionedRawDataNode: 7e711ae70d27259d7e711ae70d27259d -> 
  custom:CustomObjectIndexerAttribute: 9a22284fe3817be447336de3de66b15e -> 
  custom:DOTSType/Tanks.Projectile: 620e548336351b1d620e548336351b1d -> 
  custom:DOTSType/Unity.Physics.GraphicsIntegration.MostRecentFixedTime: 6c4396236e6646a76c4396236e6646a7 -> 
  custom:DOTSType/UnityEngine.ParticleSystem: 28fa60303afd747328fa60303afd7473 -> 
  custom:DOTSType/Unity.Physics.DummyColliderFakesComponent`1[[Unity.Physics.ConvexCollider, Unity.Physics, Version=0.0.0.0, Culture=neutral, PublicKeyToken=null]]: d00615a7bde8681ed00615a7bde8681e -> 
  custom:DOTSType/Unity.Physics.DummyColliderFakesComponent`1[[Unity.Physics.MeshCollider, Unity.Physics, Version=0.0.0.0, Culture=neutral, PublicKeyToken=null]]: 52b224b25d7c5a2552b224b25d7c5a25 -> 
  custom:container-demuxer-webm: 4f35f7cbe854078d1ac9338744f61a02 -> 
  custom:DOTSType/Unity.Entities.PrefabRoot: ea04b60a31090316ea04b60a31090316 -> 
  custom:DOTSType/Unity.Entities.RequestSceneLoaded: 62c081c918aff6ee62c081c918aff6ee -> 
  custom:DOTSType/Unity.Entities.BeginPresentationEntityCommandBufferSystem+Singleton: cbef056a920a5eadcbef056a920a5ead -> 
  custom:DOTSType/Unity.Entities.ChunkHeader: 490bb3205bb29fe6490bb3205bb29fe6 -> 
  custom:DOTSType/Unity.Scenes.IsSectionLoaded: 2e3c12f14f7600232e3c12f14f760023 -> 
  custom:DOTSType/Unity.Entities.Editor.SystemInfo: e869e7d857e70a99e869e7d857e70a99 -> 
  custom:DOTSType/Zenject.MonoInstaller: d4f508a97531178fd4f508a97531178f -> 
  custom:DOTSType/Unity.Entities.WorldTimeQueue: 48ce29752c66702348ce29752c667023 -> 
  custom:DOTSType/Unity.Entities.StaticOptimizeEntity: 346cca765bf51c72346cca765bf51c72 -> 
  custom:DOTSType/Unity.Entities.SectionMetadataSetup: 75ea136fdb0e54ba75ea136fdb0e54ba -> 
  custom:DOTSType/Tanks.ProjectilePool: ae6caa17fe3924ceae6caa17fe3924ce -> 
  custom:DOTSType/Unity.Scenes.SceneSectionReferencedUnityObjects: 2797689ad57679a22797689ad57679a2 -> 
  custom:DOTSType/Unity.Physics.Editor.PhysicsStepAuthoringEditor: b0470546a7982481b0470546a7982481 -> 
  custom:DOTSType/Unity.Physics.GraphicsIntegration.PhysicsRenderEntity: 17b73fa380da9cf517b73fa380da9cf5 -> 
  custom:DOTSType/Unity.Entities.Hybrid.Baking.LinkedEntityGroupBakingData: cd33507256493e18cd33507256493e18 -> 
  custom:DOTSType/UnityEngine.LODGroup: 15ad22bb5260348e15ad22bb5260348e -> 
  custom:DOTSType/Tanks.BaseInputController: 7c3584087687be277c3584087687be27 -> 
  custom:DOTSType/Unity.Entities.Editor.HierarchySelectionContext: eb8c02bbb8571091eb8c02bbb8571091 -> 
  custom:DOTSType/Unity.Physics.DummyColliderFakesComponent`1[[Unity.Physics.CompoundCollider, Unity.Physics, Version=0.0.0.0, Culture=neutral, PublicKeyToken=null]]: f0b0c805df9aab48f0b0c805df9aab48 -> 
  custom:DOTSType/Unity.Physics.Authoring.PhysicsColliderAuthoringData: 237ab57c84eb023d237ab57c84eb023d -> 
  custom:DOTSType/Unity.Entities.Entity: 295b0c964d12026f295b0c964d12026f -> 
  custom:DOTSType/Unity.Physics.DummyColliderFakesComponent`1[[Unity.Physics.TerrainCollider, Unity.Physics, Version=0.0.0.0, Culture=neutral, PublicKeyToken=null]]: 76d2966f42dff4df76d2966f42dff4df -> 
  custom:DOTSType/Unity.Scenes.PublicEntityRef: b380cfe1712d4500b380cfe1712d4500 -> 
  custom:DOTSType/Unity.Entities.Asset: 5205195e4c6bea1c5205195e4c6bea1c -> 
  custom:DOTSType/Unity.Physics.GraphicsIntegration.PhysicsGraphicalSmoothing: 1a649a11034ac6061a649a11034ac606 -> 
  custom:DOTSType/Unity.Physics.Systems.PhysicsAnalyticsSingleton: 261d1a0e3f762c88261d1a0e3f762c88 -> 
  custom:DOTSType/Unity.Physics.PhysicsTemporalCoherenceInfo: dd862a3ef5746267dd862a3ef5746267 -> 
  custom:DOTSType/Tanks.EffectPoolContainer: bf19857e7a596a2bbf19857e7a596a2b -> 
  custom:DOTSType/Unity.Physics.PhysicsStep: 4ca665c06bcf89ca4ca665c06bcf89ca -> 
  custom:DOTSType/UnityEngine.TextMesh: 6784c791d05273aa6784c791d05273aa -> 
  custom:DOTSType/Unity.Entities.CompanionGameObjectActiveCleanup: 4ff09409f1cce51f4ff09409f1cce51f -> 
  custom:DOTSType/Tanks.ReloadIndicator: 83d1d641d15e1d5483d1d641d15e1d54 -> 
  custom:DOTSType/Zenject.RunnableContext: f37beb99d06e39fbf37beb99d06e39fb -> 
  custom:DOTSType/Unity.Physics.Authoring.PhysicsDebugDisplayData: 0cdccf70b9e5e20d0cdccf70b9e5e20d -> 
  custom:DOTSType/Unity.Scenes.AssetObjectManifest: 84d682f40d46c88184d682f40d46c881 -> 
  custom:DOTSType/Unity.Entities.PostLoadCommandBuffer: d658541e4a41540dd658541e4a41540d -> 
  custom:DOTSType/Unity.Entities.Editor.ArchetypeInfo: b8b1bbcc600f6437b8b1bbcc600f6437 -> 
  custom:DOTSType/Tanks.Interface.Speedometer: 158cdf1f7f3d0d9c158cdf1f7f3d0d9c -> 
  custom:DOTSType/Tanks.BattleRam: 87a27f4ae62d951387a27f4ae62d9513 -> 
  custom:DOTSType/UnityEngine.BoxCollider: 8e5b85c4fec088d48e5b85c4fec088d4 -> 
  custom:DOTSType/Unity.Entities.Serialization.ExternalEntityReference: 415f45c8b00c90a4415f45c8b00c90a4 -> 
  custom:DOTSType/Unity.Entities.SceneSectionComponent: 22f65411cbba718222f65411cbba7182 -> 
  custom:DOTSType/Unity.Scenes.PrefabLoadResult: 71615367c37f030371615367c37f0303 -> 
  custom:DOTSType/Unity.Scenes.SceneSectionStreamingSystem+StreamingState: 7014161ec3350ad07014161ec3350ad0 -> 
  custom:DOTSType/Unity.Entities.Editor.UnsupportedEntityEditor: f4c4238e5d78020af4c4238e5d78020a -> 
  custom:DOTSType/Unity.Scenes.ResolvedSectionEntity: e83509e6ef73df7ae83509e6ef73df7a -> 
  custom:DOTSType/Unity.Scenes.DisableSceneResolveAndLoad: 41c98fa73f31b21a41c98fa73f31b21a -> 
  custom:DOTSType/Unity.Entities.LinkedEntityGroup: c1b61ecd5260e852c1b61ecd5260e852 -> 
  custom:DOTSType/Unity.Physics.Authoring.RigidbodyBakingData: 66caf1f3818b52fc66caf1f3818b52fc -> 
  custom:DOTSType/Zenject.ScriptableObjectInstaller: 47201fb43b11147d47201fb43b11147d -> 
  custom:DOTSType/Unity.Physics.Authoring.DetailedStaticMeshCollisionAuthoring: 35a7576e30820a5e35a7576e30820a5e -> 
  custom:DOTSType/Unity.Entities.Editor.UnsupportedGameObjectEditor: 5cff923fd1c387e15cff923fd1c387e1 -> 
  custom:DOTSType/Tanks.CinemachineInputCustomProvider: 53bf68681542a65453bf68681542a654 -> 
  custom:DOTSType/Zenject.SceneContext: 30c70a59093b925c30c70a59093b925c -> 
  custom:DOTSType/UnityEngine.MeshRenderer: 77aa4cb33b84a90377aa4cb33b84a903 -> 
  custom:DOTSType/Unity.Physics.Authoring.BakeStaticRoot: ac81d98288eb78feac81d98288eb78fe -> 
  custom:DOTSType/Unity.Entities.Serialization.DotsSerialization+StringTableNode: db9aacf636d95b56db9aacf636d95b56 -> 
  custom:DOTSType/Zenject.SceneContextEditor: f5ac3d9288ab62bbf5ac3d9288ab62bb -> 
  custom:DOTSType/Unity.Entities.Disabled: ea10d702b0a42592ea10d702b0a42592 -> 
  custom:DOTSType/Unity.Entities.Editor.EntityEditor: 4502e3ccdb7ac0e04502e3ccdb7ac0e0 -> 
  custom:DOTSType/Unity.Physics.Systems.BroadphaseData: cf796e61bbb1c05fcf796e61bbb1c05f -> 
  custom:DOTSType/Unity.Entities.Editor.ArchetypesWindow: bde482c89698b5c7bde482c89698b5c7 -> 
  custom:DOTSType/Unity.Physics.PhysicsMass: dd66b9b7945f3ac7dd66b9b7945f3ac7 -> 
  custom:DOTSType/Unity.Physics.Systems.BuildPhysicsWorldData: 403d401e5c7292c3403d401e5c7292c3 -> 
  custom:DOTSType/Unity.Scenes.SceneBoundingVolume: 3407604aa951263f3407604aa951263f -> 
  custom:video-encoder-webm-vp8: eb34c28f22e8b96e1ab97ce403110664 -> 
  custom:DOTSType/Unity.Physics.Authoring.PhysicsColliderBakedData: 4b51dd6d702fa42d4b51dd6d702fa42d -> 
  custom:DOTSType/UnityEngine.SphereCollider: 82c25a73f4a3118382c25a73f4a31183 -> 
  custom:DOTSType/Unity.Scenes.SubScene: ac4196b7e94e44ecac4196b7e94e44ec -> 
  custom:DOTSType/Unity.Physics.DummyColliderFakesComponent`1[[Unity.Physics.Collider, Unity.Physics, Version=0.0.0.0, Culture=neutral, PublicKeyToken=null]]: 9b1dfcaf09a3b4529b1dfcaf09a3b452 -> 
  custom:DOTSType/Unity.Entities.Editor.HierarchyEntityChangeTracker+UnusedTag: e99f3a5fcb8d8012e99f3a5fcb8d8012 -> 
  custom:DOTSType/Unity.Physics.PhysicsMassOverride: 6fcef11ae9d1bc306fcef11ae9d1bc30 -> 
  custom:DOTSType/Unity.Entities.BlobAssetOwner: c83c63163f833390c83c63163f833390 -> 
  custom:DOTSType/Zenject.CheatSheet+Foo: 818256864703f221818256864703f221 -> 
  custom:DOTSType/Unity.Physics.Authoring.CustomPhysicsBodyTagNames: cf633e3d702fe67dcf633e3d702fe67d -> 
  custom:DOTSType/UnityEngine.CapsuleCollider: be84ea475def5c96be84ea475def5c96 -> 
  custom:DOTSType/Unity.Physics.PhysicsTemporalCoherenceTag: 078e815b3514dfd3078e815b3514dfd3 -> 
  custom:DOTSType/Unity.Entities.Editor.JournalManagerWrapperEditor: cb69e60b3422ccebcb69e60b3422cceb -> 
  custom:DOTSType/Unity.Entities.SceneReference: 93a995b4b28fc25393a995b4b28fc253 -> 
  custom:DOTSType/Unity.Entities.Editor.UnsupportedPrefabEntityEditor: 42b92ebb8c8886cf42b92ebb8c8886cf -> 
  custom:DOTSType/Unity.Entities.Serialization.DotsSerialization+NodeHeader: 2a912a6fdedc77ae2a912a6fdedc77ae -> 
  custom:DOTSType/Zenject.ZenAutoInjecter: 778eb5667a6355bc778eb5667a6355bc -> 
  custom:DOTSType/Unity.Entities.SceneSection: bdba69731fc8f3e7bdba69731fc8f3e7 -> 
  custom:DOTSType/Tanks.Patrol: af24d179ee3e03f0af24d179ee3e03f0 -> 
  custom:DOTSType/Unity.Physics.DummyColliderFakesComponent`1[[Unity.Physics.BoxCollider, Unity.Physics, Version=0.0.0.0, Culture=neutral, PublicKeyToken=null]]: f425b7fd66e06988f425b7fd66e06988 -> 
  custom:DOTSType/Unity.Entities.TransformAuthoring: d03322d6827741e8d03322d6827741e8 -> 
  custom:DOTSType/Zenject.ProjectKernel: efdc3d3e4e17fb07efdc3d3e4e17fb07 -> 
  custom:DOTSType/Tanks.TransmissionSettings: b0a3fa15cf2503fcb0a3fa15cf2503fc -> 
  custom:DOTSType/UnityEngine.ParticleSystemRenderer: 818ef389bd33d482818ef389bd33d482 -> 
  custom:DOTSType/Unity.Entities.BeginSimulationEntityCommandBufferSystem+Singleton: 5406e750b86f24a55406e750b86f24a5 -> 
  custom:DOTSType/Unity.Scenes.Editor.GlobalEntitiesDependencyInspector: 3df09afcbb66d7bb3df09afcbb66d7bb -> 
========================================================================
Received Prepare
Assembly reference Packages/com.unity.entities/Unity.Scenes.Editor/Internals/Properties/Unity.Properties.Internals.asmref has no target assembly definition
Assembly reference Packages/com.unity.entities/Unity.Scenes.Editor/Internals/Properties/Unity.Properties.Internals.asmref has no target assembly definition
Begin MonoManager ReloadAssembly
- Loaded All Assemblies, in  0.916 seconds
Refreshing native plugins compatible for Editor in 8.73 ms, found 5 plugins.
Native extension for WindowsStandalone target not found
Assembly reference Packages/com.unity.entities/Unity.Scenes.Editor/Internals/Properties/Unity.Properties.Internals.asmref has no target assembly definition
TypeManager.Initialize took: 248ms
Mono: successfully reloaded assembly
- Finished resetting the current domain, in  2.716 seconds
Domain Reload Profiling: 3629ms
	BeginReloadAssembly (261ms)
		ExecutionOrderSort (0ms)
		DisableScriptedObjects (10ms)
		BackupInstance (0ms)
		ReleaseScriptingObjects (0ms)
		CreateAndSetChildDomain (95ms)
	RebuildCommonClasses (51ms)
	RebuildNativeTypeToScriptingClass (17ms)
	initialDomainReloadingComplete (56ms)
	LoadAllAssembliesAndSetupDomain (526ms)
		LoadAssemblies (608ms)
		RebuildTransferFunctionScriptingTraits (0ms)
		AnalyzeDomain (32ms)
			TypeCache.Refresh (12ms)
				TypeCache.ScanAssembly (0ms)
			ScanForSourceGeneratedMonoScriptInfo (0ms)
			ResolveRequiredComponents (17ms)
	FinalizeReload (2717ms)
		ReleaseScriptCaches (0ms)
		RebuildScriptCaches (0ms)
		SetupLoadedEditorAssemblies (1787ms)
			LogAssemblyErrors (0ms)
			InitializePlatformSupportModulesInManaged (9ms)
			SetLoadedEditorAssemblies (11ms)
			RefreshPlugins (0ms)
			BeforeProcessingInitializeOnLoad (318ms)
			ProcessInitializeOnLoadAttributes (1097ms)
			ProcessInitializeOnLoadMethodAttributes (339ms)
			AfterProcessingInitializeOnLoad (12ms)
			EditorAssembliesLoaded (1ms)
		ExecutionOrderSort2 (0ms)
		AwakeInstancesAfterBackupRestoration (11ms)
Refreshing native plugins compatible for Editor in 8.62 ms, found 5 plugins.
Preloading 0 native plugins for Editor in 0.00 ms.
Unloading 6859 Unused Serialized files (Serialized files now loaded: 0)
Unloading 95 unused Assets / (123.6 KB). Loaded Objects now: 7344.
Memory consumption went from 221.0 MB to 220.9 MB.
Total: 6.904000 ms (FindLiveObjects: 0.736100 ms CreateObjectMapping: 0.742100 ms MarkObjects: 5.209300 ms  DeleteObjects: 0.215000 ms)

Unloading 0 Unused Serialized files (Serialized files now loaded: 0)
Unloading 0 unused Assets / (98.5 KB). Loaded Objects now: 7344.
Memory consumption went from 220.8 MB to 220.7 MB.
Total: 6.030500 ms (FindLiveObjects: 0.659700 ms CreateObjectMapping: 0.342100 ms MarkObjects: 4.938400 ms  DeleteObjects: 0.089100 ms)

Prepare: number of updated asset objects reloaded= 0
AssetImportParameters requested are different than current active one (requested -> active):
  custom:DOTSType/Zenject.MonoInstallerBase: 95f86c107dc723fe95f86c107dc723fe -> 
  custom:DOTSType/Unity.Entities.EntityGuid: 8e99211435a26d668e99211435a26d66 -> 
  custom:DOTSType/Tanks.TurretController: e7fde51fa66b4c5ee7fde51fa66b4c5e -> 
  custom:DOTSType/Unity.Entities.DefaultWorldInitializationProxy: 3bc53c9cad9070363bc53c9cad907036 -> 
  custom:container-demuxer-ogg: 62fdf1f143b41e24485cea50d1cbac27 -> 
  custom:DOTSType/Zenject.Internal.DefaultSceneContractConfig: a78f29ab0132239ca78f29ab0132239c -> 
  custom:DOTSType/Unity.Physics.EnsureUniqueColliderBlobTag: 3e3264c9c7497b3b3e3264c9c7497b3b -> 
  custom:DOTSType/Unity.Scenes.SceneEntityReference: 646ffd19b744bbdb646ffd19b744bbdb -> 
  custom:DOTSType/Unity.Entities.Hybrid.Baking.BakingOnlyEntityAuthoringBaker+BakingOnlyChildren: 9c3cc3aa8ff875949c3cc3aa8ff87594 -> 
  custom:DOTSType/Unity.Entities.EntityManager+IsolateCopiedEntities: 703c8c39c22b63af703c8c39c22b63af -> 
  custom:DOTSType/Unity.Entities.BeginVariableRateSimulationEntityCommandBufferSystem+Singleton: 40006e500ad5800440006e500ad58004 -> 
  custom:DOTSType/UnityEngine.LightProbeProxyVolume: cd06291433fcac4ccd06291433fcac4c -> 
  custom:EntityBinaryFileFormatVersion: b618570c169a919bbb95b4bd7e4084ba -> 
  custom:DOTSType/Unity.Physics.Authoring.DisplayGizmoColliderEdges+DrawWithGizmos: a6749ec75af14c28a6749ec75af14c28 -> 
  custom:DOTSType/Tanks.SkyRotation: 6a30c8e81d68dcd96a30c8e81d68dcd9 -> 
  custom:DOTSType/Unity.Entities.Editor.ComponentInfo: b6911f4bc3b03db5b6911f4bc3b03db5 -> 
  custom:DOTSType/Unity.Entities.BurstCompatibleComponentData: 1d232e8370167ced1d232e8370167ced -> 
  custom:DOTSType/Unity.Entities.RetainBlobAssetPtr: f51a437fde39ac82f51a437fde39ac82 -> 
  custom:DOTSType/Unity.Physics.Authoring.PhysicsStepAuthoring: 29ca86243fe93d3b29ca86243fe93d3b -> 
  custom:DOTSType/Unity.Entities.BakedEntity: 6cda7616df5335d16cda7616df5335d1 -> 
  custom:DOTSType/Unity.Transforms.Static: a08c19e85cdd5a49a08c19e85cdd5a49 -> 
  custom:DOTSType/Unity.Entities.Editor.InvalidEntityEditor: c09028623072dbb6c09028623072dbb6 -> 
  custom:DOTSType/UnityEngine.Collider: e796157eabb2316ee796157eabb2316e -> 
  custom:framework-win-MediaFoundation: 216162199b28c13a410421893ffa2e32 -> 
  custom:DOTSType/UnityEngine.Transform: 3954159e9eb625f23954159e9eb625f2 -> 
  custom:DOTSType/Unity.Physics.Authoring.PhysicsWorldIndexAuthoring: c35779b88bcbf0f5c35779b88bcbf0f5 -> 
  custom:DOTSType/Unity.Scenes.Editor.GameObjectSceneMetaDataImporter: 35c29e171f7f1b1235c29e171f7f1b12 -> 
  custom:DOTSType/Tanks.Wheel: 8000d516241cf2618000d516241cf261 -> 
  custom:DOTSType/Unity.Entities.Editor.EntitySelectionProxy: 640f096afb1dc192640f096afb1dc192 -> 
  custom:DOTSType/Tanks.Tests.TestInputController: da9d7109e7aa2efada9d7109e7aa2efa -> 
  custom:DOTSType/Unity.Entities.OmitLinkedEntityGroupFromPrefabInstance: d5447758848371b8d5447758848371b8 -> 
  custom:DOTSType/Unity.Entities.Editor.HierarchyWindow: 68a3d7f4e81dfa3968a3d7f4e81dfa39 -> 
  custom:DOTSType/Unity.Entities.CleanupEntity: 91c2e7742ff7a40291c2e7742ff7a402 -> 
  custom:DOTSType/Zenject.MonoKernel: ad622fbf2f55726ead622fbf2f55726e -> 
  custom:DOTSType/Zenject.DefaultGameObjectKernel: 4e750c357d05f8164e750c357d05f816 -> 
  custom:DOTSType/Zenject.GameObjectContextEditor: e47fe5c2e2a879a3e47fe5c2e2a879a3 -> 
  custom:DOTSType/Unity.Scenes.RequestSceneHeader: 539e2df9dd1c5383539e2df9dd1c5383 -> 
  custom:DOTSType/Unity.Entities.BakingOnlyEntity: 6d61bb30b0fe96a06d61bb30b0fe96a0 -> 
  custom:DOTSType/UnityEngine.ReflectionProbe: 74c5d94e403ee5bf74c5d94e403ee5bf -> 
  custom:DOTSType/Unity.Physics.Authoring.PhysicsWorldIndexBakingData: eb7993b47224fdb3eb7993b47224fdb3 -> 
  custom:DOTSType/Tanks.TankController: 5fe8cedbca51d9d55fe8cedbca51d9d5 -> 
  custom:DOTSType/Unity.Scenes.Editor.ClearEntitiesCacheWindow: ff5e4942d7943fe4ff5e4942d7943fe4 -> 
  custom:DOTSType/Unity.Entities.Serialization.DotsSerialization+TypeNamesNode: 481f56363f3115ba481f56363f3115ba -> 
  custom:DOTSType/Unity.Entities.Hybrid.Baking.BakingOnlyEntityAuthoring: b00feda2188a9371b00feda2188a9371 -> 
  custom:DOTSType/Unity.Scenes.ResolvedSectionPath: bf9e38f006f83cb7bf9e38f006f83cb7 -> 
  custom:DOTSType/Unity.Deformations.BlendShapeWeight: d26eabb95dfc9b4dd26eabb95dfc9b4d -> 
  custom:DOTSType/Unity.Scenes.ReferencedUnityObjects: b8073d4731436522b8073d4731436522 -> 
  custom:DOTSType/Unity.Physics.Authoring.PhysicsDebugDisplayAuthoring: 048169f5bbaf7cd0048169f5bbaf7cd0 -> 
  custom:DOTSType/Unity.Scenes.Editor.SubSceneInspector: 6e96e553cf64778e6e96e553cf64778e -> 
  custom:DOTSType/Unity.Physics.GraphicsIntegration.SmoothRigidBodiesGraphicalMotion+RigidBodySmoothingWorldIndex: 988440dd19a406ed988440dd19a406ed -> 
  custom:DOTSType/Unity.Physics.PhysicsConstrainedBodyPair: 37ca29e9e58c191137ca29e9e58c1911 -> 
  custom:DOTSType/Unity.Physics.ColliderBlobCleanupData: 18f3eb94199c5e3618f3eb94199c5e36 -> 
  custom:DOTSType/Unity.Physics.PhysicsDamping: 579a7188c5fb1464579a7188c5fb1464 -> 
  custom:container-muxer-webm: aa71ff27fc2769a1b78a27578f13a17b -> 
  custom:DOTSType/Unity.Entities.CompanionGameObjectUpdateTransformCleanup: 0a4e12c25aaf05e00a4e12c25aaf05e0 -> 
  custom:DOTSType/Tanks.Editor.TransmissionSettingsEditor: 5c05f270edf687155c05f270edf68715 -> 
  custom:DOTSType/Unity.Entities.EndSimulationEntityCommandBufferSystem+Singleton: 6cc3a7136f47def06cc3a7136f47def0 -> 
  custom:DOTSType/Unity.Physics.Authoring.PhysicsDebugDisplaySystem+DrawComponent: fbecd1af1d76e089fbecd1af1d76e089 -> 
  custom:video-decoder-webm-vp8: 9c59270c3fd7afecdb556c50c9e8de78 -> 
  custom:DOTSType/Zenject.GuiRenderer: 77a380f71106289e77a380f71106289e -> 
  custom:DOTSType/Zenject.AnimatorMoveHandlerManager: 48d7fbeaa25297da48d7fbeaa25297da -> 
  custom:DOTSType/UnityEngine.GameObject: aef60e3f2ae5ad9aaef60e3f2ae5ad9a -> 
  custom:SearchIndexIgnoredProperties: e643bd26f0fe6173181afceb89e7c659 -> 
  custom:DOTSAllSystemsVersion: ffb3322ebf2cc81fbcc35437f1236753 -> 
  custom:DOTSType/Unity.Physics.GraphicsIntegration.PhysicsGraphicalInterpolationBuffer: 7baea6e725f3208c7baea6e725f3208c -> 
  custom:AudioImporter_EditorPlatform: d09bf68614088b80899f8185d706f6e7 -> 
  custom:DOTSType/Tanks.Interface.CarnageSettings: 06a0f3af603600f206a0f3af603600f2 -> 
  custom:DOTSType/Zenject.ProjectContextEditor: f68c5f17562ef273f68c5f17562ef273 -> 
  custom:DOTSType/Unity.Entities.Serialization.DotsSerialization+FolderNode: 98c33d003d1b152b98c33d003d1b152b -> 
  custom:DOTSType/Unity.Entities.CompanionReference: 4de8f4179bbe96e74de8f4179bbe96e7 -> 
  custom:DOTSType/UnityEngine.VFX.VisualEffect: dc0e74262f371f63dc0e74262f371f63 -> 
  custom:DOTSType/Unity.Entities.Hybrid.Baking.AdditionalEntitiesBakingData: d81e35bf039925b8d81e35bf039925b8 -> 
  custom:DOTSType/UnityEngine.SpriteRenderer: 61a676ec163f72b161a676ec163f72b1 -> 
  custom:DOTSType/Unity.Entities.Editor.JournalingWrapperEditor: 7820ec03259d9ee57820ec03259d9ee5 -> 
  custom:DOTSType/Tanks.Tank.ProjectileTracker: 101b4b340f8400be101b4b340f8400be -> 
  custom:DOTSType/Unity.Deformations.SkinMatrix: 4b50a0962ac5e60d4b50a0962ac5e60d -> 
  custom:DOTSType/Unity.Scenes.WeakAssetReferenceLoadingData: 451a8b20bc4a35f6451a8b20bc4a35f6 -> 
  custom:DOTSType/Unity.Entities.BurstCompatibleSharedComponentData: 6239fcd2cd3b1c316239fcd2cd3b1c31 -> 
  custom:DOTSType/Unity.Physics.PhysicsCustomTags: 7d9dddf48b181c997d9dddf48b181c99 -> 
  custom:DOTSType/Zenject.SceneDecoratorContext: 47847979bf9052df47847979bf9052df -> 
  custom:DOTSType/Unity.Entities.Editor.ArchetypeWrapperEditor: fcd41c2e8cb6c202fcd41c2e8cb6c202 -> 
  custom:DOTSType/Unity.Physics.PhysicsGravityFactor: 8ab51309e4cdebcc8ab51309e4cdebcc -> 
  custom:DOTSType/Tanks.PlayerInputController: eeac7a82da062014eeac7a82da062014 -> 
  custom:DOTSType/Unity.Entities.SceneTag: 7a384971715860367a38497171586036 -> 
  custom:DOTSType/Unity.Physics.Systems.DummySimulationData: e73bf206ed8976b1e73bf206ed8976b1 -> 
  custom:DOTSType/Unity.Physics.CustomPhysicsProxyDriver: d8e4875a8f47327fd8e4875a8f47327f -> 
  custom:DOTSType/Unity.Entities.Editor.InvalidSelectionEditor: bb0f099005812d55bb0f099005812d55 -> 
  custom:DOTSType/Tanks.Interface.CarnageIndicator: 7a2a70789a91028f7a2a70789a91028f -> 
  custom:DOTSType/Unity.Physics.StepInputSingleton: f5a13022ab227cfff5a13022ab227cff -> 
  custom:DOTSType/Unity.Transforms.LocalToWorld: f07e17bb4e08548ef07e17bb4e08548e -> 
  custom:DOTSType/Unity.Entities.Prefab: 8cefcfc0e3366a618cefcfc0e3366a61 -> 
  custom:DOTSType/Unity.Transforms.PreviousParent: f7f96ed2f665f721f7f96ed2f665f721 -> 
  custom:DOTSType/Unity.Entities.EditorRenderData: 23031dfb0b685e0c23031dfb0b685e0c -> 
  custom:DOTSType/Tanks.TankGameInstaller: ab41efd1a1117644ab41efd1a1117644 -> 
  custom:DOTSType/Tanks.Tests.TestCarnageIndicator: c8904b0627773241c8904b0627773241 -> 
  custom:DOTSType/Unity.Entities.Editor.JournalEntry: fa64f1a8d5097849fa64f1a8d5097849 -> 
  custom:DOTSType/Unity.Scenes.GlobalEntitiesDependency: 272e3c9ba12b159e272e3c9ba12b159e -> 
  custom:audio-decoder-ogg-vorbis: bf7c407c2cedff20999df2af8eb42d56 -> 
  custom:ProjectSettings/EntitiesClientSettings.asset: 57fa4463d8597ee36c3803b5983b6213 -> 
  custom:DOTSType/Unity.Entities.RetainBlobAssets: e3007bd0d4f5ba8be3007bd0d4f5ba8b -> 
  custom:DOTSType/Tanks.TankAudioSystem: e0c4f60227f2a2a8e0c4f60227f2a2a8 -> 
  custom:DOTSType/Unity.Scenes.SceneSystemData: 358f9772a0e70c53358f9772a0e70c53 -> 
  custom:DOTSType/Zenject.SceneDecoratorContextEditor: ca86c2fb23338ef7ca86c2fb23338ef7 -> 
  custom:DOTSType/Unity.Physics.PhysicsWorldIndex: 44b485a5651ecbf844b485a5651ecbf8 -> 
  custom:DOTSType/Unity.Entities.EndInitializationEntityCommandBufferSystem+Singleton: 75800829e25c245f75800829e25c245f -> 
  custom:DOTSType/Unity.Entities.Build.EntitiesClientSettings: 379ca95f1f31bbbc379ca95f1f31bbbc -> 
  custom:DOTSType/Zenject.ProjectContext: 73c2192ee2a3347973c2192ee2a33479 -> 
  custom:DOTSType/Zenject.RunnableContextEditor: 761811f71f3da7bc761811f71f3da7bc -> 
  custom:DOTSType/UnityEngine.AudioSource: aed3a424fdd48d59aed3a424fdd48d59 -> 
  custom:DOTSType/Unity.Scenes.RequestEntityPrefabLoaded: fc4092a08e154a96fc4092a08e154a96 -> 
  custom:DOTSType/Unity.Entities.SystemInstance: bb0dfff8e9a48357bb0dfff8e9a48357 -> 
  custom:DOTSType/Unity.Entities.RemoveUnusedEntityInBake: 0973223cb916c16b0973223cb916c16b -> 
  custom:DOTSType/Unity.Entities.EndVariableRateSimulationEntityCommandBufferSystem+Singleton: 78d2450a82ebc20778d2450a82ebc207 -> 
  custom:DOTSType/Unity.Physics.DummyColliderFakesComponent`1[[Unity.Physics.CylinderCollider, Unity.Physics, Version=0.0.0.0, Culture=neutral, PublicKeyToken=null]]: 2d82e9daa82955bf2d82e9daa82955bf -> 
  custom:audio-encoder-webm-vorbis: bf7c407c2cedff20999df2af8eb42d56 -> 
  custom:DOTSType/Unity.Entities.BeginFixedStepSimulationEntityCommandBufferSystem+Singleton: 5857035820ee1e635857035820ee1e63 -> 
  custom:DOTSType/Unity.Physics.PhysicsJointCompanion: 655fde98af64ce94655fde98af64ce94 -> 
  custom:DOTSType/Unity.Scenes.WeakAssetPrefabLoadRequest: b6d72391c4d3d049b6d72391c4d3d049 -> 
  custom:DOTSType/Tanks.Legacy.LegacyTransmissionSettings: 84b2093787e9240c84b2093787e9240c -> 
  custom:DOTSType/Tanks.Legacy.Editor.LegacyTransmissionSettingsEditor: f063a9f322024a22f063a9f322024a22 -> 
  custom:DOTSType/Zenject.ScriptableObjectInstallerBase: 564d9b68561bb94d564d9b68561bb94d -> 
  custom:DOTSType/Unity.Physics.Editor.CustomPhysicsBodyTagNamesEditor: 5e056a649e13a00c5e056a649e13a00c -> 
  custom:DOTSType/Unity.Physics.PhysicsWorldSingleton: 90bad7c95a54d00590bad7c95a54d005 -> 
  custom:DOTSType/Unity.Entities.BurstCompatibleBufferElement: 9256282cac425e579256282cac425e57 -> 
  custom:DOTSType/Unity.Entities.CompanionLink: 4813070be25c6d6a4813070be25c6d6a -> 
  custom:DOTSType/Unity.Physics.DummyColliderFakesComponent`1[[Unity.Physics.PolygonCollider, Unity.Physics, Version=0.0.0.0, Culture=neutral, PublicKeyToken=null]]: 3f38e3dc511d48d23f38e3dc511d48d2 -> 
  custom:SceneMetaDataFileFormatVersion: 18e216f4893c3ae43d5b4b3a88de92ca -> 
  custom:DOTSType/Unity.Entities.Editor.SystemScheduleWindow: dfecb8af58c97f0adfecb8af58c97f0a -> 
  custom:DOTSType/Unity.Physics.PhysicsColliderKeyEntityPair: e3185876db01deade3185876db01dead -> 
  custom:DOTSType/Zenject.ContextEditor: 0791a612a42c17bc0791a612a42c17bc -> 
  custom:DOTSType/Zenject.AnimatorIkHandlerManager: 6bf1f62125213c446bf1f62125213c44 -> 
  custom:DOTSType/Unity.Transforms.LocalTransform: d07f194ee4791f00d07f194ee4791f00 -> 
  custom:DOTSType/Unity.Physics.PhysicsJoint: e49afdd9ec82159fe49afdd9ec82159f -> 
  custom:DOTSType/Unity.Scenes.PrefabAssetReference: 924b87ecab3719ce924b87ecab3719ce -> 
  custom:DOTSType/UnityEngine.Rigidbody: 90d4f52b90e97d3190d4f52b90e97d31 -> 
  custom:DOTSType/Unity.Transforms.PostTransformMatrix: d5b773053bc4fc92d5b773053bc4fc92 -> 
  custom:DOTSType/Unity.Entities.WorldTime: efd6631e6d47e1c0efd6631e6d47e1c0 -> 
  custom:DOTSType/Unity.Entities.Editor.ComponentsWindow: f3a47022486a5e37f3a47022486a5e37 -> 
  custom:DOTSType/Unity.Entities.Editor.JournalManager: bd6303929aef5048bd6303929aef5048 -> 
  custom:DOTSType/Zenject.SceneKernel: 14c92f57ead5fa5a14c92f57ead5fa5a -> 
  custom:DOTSType/Unity.Scenes.Editor.SubSceneImporter: fbc2a6bb48307f94fbc2a6bb48307f94 -> 
  custom:DOTSType/UnityEngine.Light: 47f771faf20222f647f771faf20222f6 -> 
  custom:DOTSType/Unity.Entities.EndFixedStepSimulationEntityCommandBufferSystem+Singleton: 903138f233c08b6f903138f233c08b6f -> 
  custom:DOTSType/Unity.Entities.Hybrid.Baking.LinkedEntityGroupAuthoring: 463b7158f57f2778463b7158f57f2778 -> 
  custom:DOTSType/Unity.Entities.BeginInitializationEntityCommandBufferSystem+Singleton: 1dafdf6276a3f02d1dafdf6276a3f02d -> 
  custom:DOTSType/Unity.Physics.SimulationSingleton: 2c12c15cc1aaefd42c12c15cc1aaefd4 -> 
  custom:DOTSType/Unity.Transforms.Child: 5a0b111d3c5ef1ef5a0b111d3c5ef1ef -> 
  custom:DOTSType/Unity.Entities.Editor.ComponentWrapperEditor: 8a0108ac83962ca58a0108ac83962ca5 -> 
  custom:video-codec-MediaFoundation-h265: 746d11721c4dcdbdad8f713fa42b33f4 -> 
  custom:DOTSType/Unity.Entities.SceneSectionData: eeed08dab67953cbeeed08dab67953cb -> 
  custom:DOTSType/Tanks.EffectPool: b07fd26d384c1aadb07fd26d384c1aad -> 
  custom:DOTSType/Zenject.Context: 7a9b164638a7c5fb7a9b164638a7c5fb -> 
  custom:DOTSType/Unity.Entities.Editor.EntitiesJournalingWindow: fb6228252c0089dcfb6228252c0089dc -> 
  custom:video-decoder-ogg-theora: a1e56fd34408186e4bbccfd4996cb3dc -> 
  custom:DOTSType/Unity.Scenes.ResolvedSceneHash: 10c2d6fb478167a310c2d6fb478167a3 -> 
  custom:DOTSType/Unity.Scenes.SceneSectionStreamingData: 01ac29b86b18dacf01ac29b86b18dacf -> 
  custom:DOTSType/Zenject.ZenjectStateMachineBehaviourAutoInjecter: bc2fa2415d8a8ef6bc2fa2415d8a8ef6 -> 
  custom:DOTSType/Unity.Entities.AdditionalEntityParent: a24d1678b03f0479a24d1678b03f0479 -> 
  custom:DOTSType/Unity.Entities.Simulate: e0c92315ec24632de0c92315ec24632d -> 
  custom:DOTSType/Unity.Physics.PhysicsVelocity: eae7719776411411eae7719776411411 -> 
  custom:DOTSType/Unity.Entities.Editor.SystemWrapperEditor: 8c892c6354f3a3138c892c6354f3a313 -> 
  custom:DOTSType/Unity.Entities.RetainBlobAssetBatchPtr: 14017b765908ee1d14017b765908ee1d -> 
  custom:DOTSType/Zenject.ZenjectBinding: 0569f6cfa9645a6e0569f6cfa9645a6e -> 
  custom:DOTSType/Tanks.Tests.TestCarnageIndicator+TestCarnageIndicatorEditor: a518ed1603ea4192a518ed1603ea4192 -> 
  custom:DOTSType/Unity.Physics.Authoring.CustomPhysicsProxyAuthoring: 90a4b67ea7c61e0c90a4b67ea7c61e0c -> 
  custom:DOTSType/Unity.Physics.Authoring.PhysicsMeshAuthoringData: 07c891dbd84b5d1c07c891dbd84b5d1c -> 
  custom:DOTSType/Unity.Scenes.LiveConversionPatcher+LiveConvertedSceneCleanup: 97dadd0f05dbc86997dadd0f05dbc869 -> 
  custom:DOTSType/UnityEngine.MeshCollider: 745c145fdcf1939e745c145fdcf1939e -> 
  custom:DOTSType/Unity.Physics.Authoring.ForceUniqueColliderAuthoring: 34be871ed7a74d6234be871ed7a74d62 -> 
  custom:DOTSType/Zenject.GameObjectContext: 694c79f9ded4c948694c79f9ded4c948 -> 
  custom:DOTSType/Unity.Physics.DummyColliderFakesComponent`1[[Unity.Physics.CapsuleCollider, Unity.Physics, Version=0.0.0.0, Culture=neutral, PublicKeyToken=null]]: 840aede77f375b4f840aede77f375b4f -> 
  custom:DOTSType/Unity.Physics.Authoring.StaticOptimizePhysicsBaking: f3a03d29cca9ceabf3a03d29cca9ceab -> 
  custom:DOTSType/Unity.Scenes.DisableLiveConversion: 543070e84ec00e2c543070e84ec00e2c -> 
  custom:DOTSType/Unity.Physics.Authoring.PhysicsCompoundData: 41f933035064165d41f933035064165d -> 
  custom:DOTSType/Tanks.AudioPool: 65d2a3a778887e6e65d2a3a778887e6e -> 
  custom:DOTSType/Unity.Physics.DummyColliderFakesComponent`1[[Unity.Physics.SphereCollider, Unity.Physics, Version=0.0.0.0, Culture=neutral, PublicKeyToken=null]]: 4818ec4955a46c414818ec4955a46c41 -> 
  custom:DOTSType/Unity.Transforms.Parent: 00b45826652a5ec600b45826652a5ec6 -> 
  custom:DOTSType/Unity.Physics.PhysicsCollider: 00548c0f8c0147a000548c0f8c0147a0 -> 
  custom:DOTSType/Unity.Physics.Authoring.PhysicsRootBaked: a150145af5348f6da150145af5348f6d -> 
  custom:DOTSType/Unity.Scenes.ResolveSceneReferenceSystem+AssetDependencyTrackerState: b2d132c8f66d836db2d132c8f66d836d -> 
  custom:DOTSType/Unity.Entities.CompanionLinkTransform: e392322015c13880e392322015c13880 -> 
  custom:DOTSType/Unity.Entities.Serialization.DotsSerialization+RevisionedRawDataNode: 7e711ae70d27259d7e711ae70d27259d -> 
  custom:CustomObjectIndexerAttribute: 9a22284fe3817be447336de3de66b15e -> 
  custom:DOTSType/Tanks.Projectile: 620e548336351b1d620e548336351b1d -> 
  custom:DOTSType/Unity.Physics.GraphicsIntegration.MostRecentFixedTime: 6c4396236e6646a76c4396236e6646a7 -> 
  custom:DOTSType/UnityEngine.ParticleSystem: 28fa60303afd747328fa60303afd7473 -> 
  custom:DOTSType/Unity.Physics.DummyColliderFakesComponent`1[[Unity.Physics.ConvexCollider, Unity.Physics, Version=0.0.0.0, Culture=neutral, PublicKeyToken=null]]: d00615a7bde8681ed00615a7bde8681e -> 
  custom:DOTSType/Unity.Physics.DummyColliderFakesComponent`1[[Unity.Physics.MeshCollider, Unity.Physics, Version=0.0.0.0, Culture=neutral, PublicKeyToken=null]]: 52b224b25d7c5a2552b224b25d7c5a25 -> 
  custom:container-demuxer-webm: 4f35f7cbe854078d1ac9338744f61a02 -> 
  custom:DOTSType/Unity.Entities.PrefabRoot: ea04b60a31090316ea04b60a31090316 -> 
  custom:DOTSType/Unity.Entities.RequestSceneLoaded: 62c081c918aff6ee62c081c918aff6ee -> 
  custom:DOTSType/Unity.Entities.BeginPresentationEntityCommandBufferSystem+Singleton: cbef056a920a5eadcbef056a920a5ead -> 
  custom:DOTSType/Unity.Entities.ChunkHeader: 490bb3205bb29fe6490bb3205bb29fe6 -> 
  custom:DOTSType/Unity.Scenes.IsSectionLoaded: 2e3c12f14f7600232e3c12f14f760023 -> 
  custom:DOTSType/Unity.Entities.Editor.SystemInfo: e869e7d857e70a99e869e7d857e70a99 -> 
  custom:DOTSType/Zenject.MonoInstaller: d4f508a97531178fd4f508a97531178f -> 
  custom:DOTSType/Unity.Entities.WorldTimeQueue: 48ce29752c66702348ce29752c667023 -> 
  custom:DOTSType/Unity.Entities.StaticOptimizeEntity: 346cca765bf51c72346cca765bf51c72 -> 
  custom:DOTSType/Unity.Entities.SectionMetadataSetup: 75ea136fdb0e54ba75ea136fdb0e54ba -> 
  custom:DOTSType/Tanks.ProjectilePool: ae6caa17fe3924ceae6caa17fe3924ce -> 
  custom:DOTSType/Unity.Scenes.SceneSectionReferencedUnityObjects: 2797689ad57679a22797689ad57679a2 -> 
  custom:DOTSType/Unity.Physics.Editor.PhysicsStepAuthoringEditor: b0470546a7982481b0470546a7982481 -> 
  custom:DOTSType/Unity.Physics.GraphicsIntegration.PhysicsRenderEntity: 17b73fa380da9cf517b73fa380da9cf5 -> 
  custom:DOTSType/Unity.Entities.Hybrid.Baking.LinkedEntityGroupBakingData: cd33507256493e18cd33507256493e18 -> 
  custom:DOTSType/UnityEngine.LODGroup: 15ad22bb5260348e15ad22bb5260348e -> 
  custom:DOTSType/Tanks.BaseInputController: 7c3584087687be277c3584087687be27 -> 
  custom:DOTSType/Unity.Entities.Editor.HierarchySelectionContext: eb8c02bbb8571091eb8c02bbb8571091 -> 
  custom:DOTSType/Unity.Physics.DummyColliderFakesComponent`1[[Unity.Physics.CompoundCollider, Unity.Physics, Version=0.0.0.0, Culture=neutral, PublicKeyToken=null]]: f0b0c805df9aab48f0b0c805df9aab48 -> 
  custom:DOTSType/Unity.Physics.Authoring.PhysicsColliderAuthoringData: 237ab57c84eb023d237ab57c84eb023d -> 
  custom:DOTSType/Unity.Entities.Entity: 295b0c964d12026f295b0c964d12026f -> 
  custom:DOTSType/Unity.Physics.DummyColliderFakesComponent`1[[Unity.Physics.TerrainCollider, Unity.Physics, Version=0.0.0.0, Culture=neutral, PublicKeyToken=null]]: 76d2966f42dff4df76d2966f42dff4df -> 
  custom:DOTSType/Unity.Scenes.PublicEntityRef: b380cfe1712d4500b380cfe1712d4500 -> 
  custom:DOTSType/Unity.Entities.Asset: 5205195e4c6bea1c5205195e4c6bea1c -> 
  custom:DOTSType/Unity.Physics.GraphicsIntegration.PhysicsGraphicalSmoothing: 1a649a11034ac6061a649a11034ac606 -> 
  custom:DOTSType/Unity.Physics.Systems.PhysicsAnalyticsSingleton: 261d1a0e3f762c88261d1a0e3f762c88 -> 
  custom:DOTSType/Unity.Physics.PhysicsTemporalCoherenceInfo: dd862a3ef5746267dd862a3ef5746267 -> 
  custom:DOTSType/Tanks.EffectPoolContainer: bf19857e7a596a2bbf19857e7a596a2b -> 
  custom:DOTSType/Unity.Physics.PhysicsStep: 4ca665c06bcf89ca4ca665c06bcf89ca -> 
  custom:DOTSType/UnityEngine.TextMesh: 6784c791d05273aa6784c791d05273aa -> 
  custom:DOTSType/Unity.Entities.CompanionGameObjectActiveCleanup: 4ff09409f1cce51f4ff09409f1cce51f -> 
  custom:DOTSType/Tanks.ReloadIndicator: 83d1d641d15e1d5483d1d641d15e1d54 -> 
  custom:DOTSType/Zenject.RunnableContext: f37beb99d06e39fbf37beb99d06e39fb -> 
  custom:DOTSType/Unity.Physics.Authoring.PhysicsDebugDisplayData: 0cdccf70b9e5e20d0cdccf70b9e5e20d -> 
  custom:DOTSType/Unity.Scenes.AssetObjectManifest: 84d682f40d46c88184d682f40d46c881 -> 
  custom:DOTSType/Unity.Entities.PostLoadCommandBuffer: d658541e4a41540dd658541e4a41540d -> 
  custom:DOTSType/Unity.Entities.Editor.ArchetypeInfo: b8b1bbcc600f6437b8b1bbcc600f6437 -> 
  custom:DOTSType/Tanks.Interface.Speedometer: 158cdf1f7f3d0d9c158cdf1f7f3d0d9c -> 
  custom:DOTSType/Tanks.BattleRam: 87a27f4ae62d951387a27f4ae62d9513 -> 
  custom:DOTSType/UnityEngine.BoxCollider: 8e5b85c4fec088d48e5b85c4fec088d4 -> 
  custom:DOTSType/Unity.Entities.Serialization.ExternalEntityReference: 415f45c8b00c90a4415f45c8b00c90a4 -> 
  custom:DOTSType/Unity.Entities.SceneSectionComponent: 22f65411cbba718222f65411cbba7182 -> 
  custom:DOTSType/Unity.Scenes.PrefabLoadResult: 71615367c37f030371615367c37f0303 -> 
  custom:DOTSType/Unity.Scenes.SceneSectionStreamingSystem+StreamingState: 7014161ec3350ad07014161ec3350ad0 -> 
  custom:DOTSType/Unity.Entities.Editor.UnsupportedEntityEditor: f4c4238e5d78020af4c4238e5d78020a -> 
  custom:DOTSType/Unity.Scenes.ResolvedSectionEntity: e83509e6ef73df7ae83509e6ef73df7a -> 
  custom:DOTSType/Unity.Scenes.DisableSceneResolveAndLoad: 41c98fa73f31b21a41c98fa73f31b21a -> 
  custom:DOTSType/Unity.Entities.LinkedEntityGroup: c1b61ecd5260e852c1b61ecd5260e852 -> 
  custom:DOTSType/Unity.Physics.Authoring.RigidbodyBakingData: 66caf1f3818b52fc66caf1f3818b52fc -> 
  custom:DOTSType/Zenject.ScriptableObjectInstaller: 47201fb43b11147d47201fb43b11147d -> 
  custom:DOTSType/Unity.Physics.Authoring.DetailedStaticMeshCollisionAuthoring: 35a7576e30820a5e35a7576e30820a5e -> 
  custom:DOTSType/Unity.Entities.Editor.UnsupportedGameObjectEditor: 5cff923fd1c387e15cff923fd1c387e1 -> 
  custom:DOTSType/Tanks.CinemachineInputCustomProvider: 53bf68681542a65453bf68681542a654 -> 
  custom:DOTSType/Zenject.SceneContext: 30c70a59093b925c30c70a59093b925c -> 
  custom:DOTSType/UnityEngine.MeshRenderer: 77aa4cb33b84a90377aa4cb33b84a903 -> 
  custom:DOTSType/Unity.Physics.Authoring.BakeStaticRoot: ac81d98288eb78feac81d98288eb78fe -> 
  custom:DOTSType/Unity.Entities.Serialization.DotsSerialization+StringTableNode: db9aacf636d95b56db9aacf636d95b56 -> 
  custom:DOTSType/Zenject.SceneContextEditor: f5ac3d9288ab62bbf5ac3d9288ab62bb -> 
  custom:DOTSType/Unity.Entities.Disabled: ea10d702b0a42592ea10d702b0a42592 -> 
  custom:DOTSType/Unity.Entities.Editor.EntityEditor: 4502e3ccdb7ac0e04502e3ccdb7ac0e0 -> 
  custom:DOTSType/Unity.Physics.Systems.BroadphaseData: cf796e61bbb1c05fcf796e61bbb1c05f -> 
  custom:DOTSType/Unity.Entities.Editor.ArchetypesWindow: bde482c89698b5c7bde482c89698b5c7 -> 
  custom:DOTSType/Unity.Physics.PhysicsMass: dd66b9b7945f3ac7dd66b9b7945f3ac7 -> 
  custom:DOTSType/Unity.Physics.Systems.BuildPhysicsWorldData: 403d401e5c7292c3403d401e5c7292c3 -> 
  custom:DOTSType/Unity.Scenes.SceneBoundingVolume: 3407604aa951263f3407604aa951263f -> 
  custom:video-encoder-webm-vp8: eb34c28f22e8b96e1ab97ce403110664 -> 
  custom:DOTSType/Unity.Physics.Authoring.PhysicsColliderBakedData: 4b51dd6d702fa42d4b51dd6d702fa42d -> 
  custom:DOTSType/UnityEngine.SphereCollider: 82c25a73f4a3118382c25a73f4a31183 -> 
  custom:DOTSType/Unity.Scenes.SubScene: ac4196b7e94e44ecac4196b7e94e44ec -> 
  custom:DOTSType/Unity.Physics.DummyColliderFakesComponent`1[[Unity.Physics.Collider, Unity.Physics, Version=0.0.0.0, Culture=neutral, PublicKeyToken=null]]: 9b1dfcaf09a3b4529b1dfcaf09a3b452 -> 
  custom:DOTSType/Unity.Entities.Editor.HierarchyEntityChangeTracker+UnusedTag: e99f3a5fcb8d8012e99f3a5fcb8d8012 -> 
  custom:DOTSType/Unity.Physics.PhysicsMassOverride: 6fcef11ae9d1bc306fcef11ae9d1bc30 -> 
  custom:DOTSType/Unity.Entities.BlobAssetOwner: c83c63163f833390c83c63163f833390 -> 
  custom:DOTSType/Zenject.CheatSheet+Foo: 818256864703f221818256864703f221 -> 
  custom:DOTSType/Unity.Physics.Authoring.CustomPhysicsBodyTagNames: cf633e3d702fe67dcf633e3d702fe67d -> 
  custom:DOTSType/UnityEngine.CapsuleCollider: be84ea475def5c96be84ea475def5c96 -> 
  custom:DOTSType/Unity.Physics.PhysicsTemporalCoherenceTag: 078e815b3514dfd3078e815b3514dfd3 -> 
  custom:DOTSType/Unity.Entities.Editor.JournalManagerWrapperEditor: cb69e60b3422ccebcb69e60b3422cceb -> 
  custom:DOTSType/Unity.Entities.SceneReference: 93a995b4b28fc25393a995b4b28fc253 -> 
  custom:DOTSType/Unity.Entities.Editor.UnsupportedPrefabEntityEditor: 42b92ebb8c8886cf42b92ebb8c8886cf -> 
  custom:DOTSType/Unity.Entities.Serialization.DotsSerialization+NodeHeader: 2a912a6fdedc77ae2a912a6fdedc77ae -> 
  custom:DOTSType/Zenject.ZenAutoInjecter: 778eb5667a6355bc778eb5667a6355bc -> 
  custom:DOTSType/Unity.Entities.SceneSection: bdba69731fc8f3e7bdba69731fc8f3e7 -> 
  custom:DOTSType/Tanks.Patrol: af24d179ee3e03f0af24d179ee3e03f0 -> 
  custom:DOTSType/Unity.Physics.DummyColliderFakesComponent`1[[Unity.Physics.BoxCollider, Unity.Physics, Version=0.0.0.0, Culture=neutral, PublicKeyToken=null]]: f425b7fd66e06988f425b7fd66e06988 -> 
  custom:DOTSType/Unity.Entities.TransformAuthoring: d03322d6827741e8d03322d6827741e8 -> 
  custom:DOTSType/Zenject.ProjectKernel: efdc3d3e4e17fb07efdc3d3e4e17fb07 -> 
  custom:DOTSType/Tanks.TransmissionSettings: b0a3fa15cf2503fcb0a3fa15cf2503fc -> 
  custom:DOTSType/UnityEngine.ParticleSystemRenderer: 818ef389bd33d482818ef389bd33d482 -> 
  custom:DOTSType/Unity.Entities.BeginSimulationEntityCommandBufferSystem+Singleton: 5406e750b86f24a55406e750b86f24a5 -> 
  custom:DOTSType/Unity.Scenes.Editor.GlobalEntitiesDependencyInspector: 3df09afcbb66d7bb3df09afcbb66d7bb -> 
========================================================================
Received Prepare
Assembly reference Packages/com.unity.entities/Unity.Scenes.Editor/Internals/Properties/Unity.Properties.Internals.asmref has no target assembly definition
Assembly reference Packages/com.unity.entities/Unity.Scenes.Editor/Internals/Properties/Unity.Properties.Internals.asmref has no target assembly definition
Begin MonoManager ReloadAssembly
- Loaded All Assemblies, in  0.906 seconds
Refreshing native plugins compatible for Editor in 10.09 ms, found 5 plugins.
Native extension for WindowsStandalone target not found
Assembly reference Packages/com.unity.entities/Unity.Scenes.Editor/Internals/Properties/Unity.Properties.Internals.asmref has no target assembly definition
TypeManager.Initialize took: 272ms
Mono: successfully reloaded assembly
- Finished resetting the current domain, in  2.761 seconds
Domain Reload Profiling: 3664ms
	BeginReloadAssembly (288ms)
		ExecutionOrderSort (0ms)
		DisableScriptedObjects (12ms)
		BackupInstance (0ms)
		ReleaseScriptingObjects (0ms)
		CreateAndSetChildDomain (107ms)
	RebuildCommonClasses (50ms)
	RebuildNativeTypeToScriptingClass (18ms)
	initialDomainReloadingComplete (52ms)
	LoadAllAssembliesAndSetupDomain (495ms)
		LoadAssemblies (596ms)
		RebuildTransferFunctionScriptingTraits (0ms)
		AnalyzeDomain (22ms)
			TypeCache.Refresh (8ms)
				TypeCache.ScanAssembly (0ms)
			ScanForSourceGeneratedMonoScriptInfo (0ms)
			ResolveRequiredComponents (11ms)
	FinalizeReload (2762ms)
		ReleaseScriptCaches (0ms)
		RebuildScriptCaches (0ms)
		SetupLoadedEditorAssemblies (1835ms)
			LogAssemblyErrors (0ms)
			InitializePlatformSupportModulesInManaged (11ms)
			SetLoadedEditorAssemblies (13ms)
			RefreshPlugins (0ms)
			BeforeProcessingInitializeOnLoad (275ms)
			ProcessInitializeOnLoadAttributes (1177ms)
			ProcessInitializeOnLoadMethodAttributes (346ms)
			AfterProcessingInitializeOnLoad (13ms)
			EditorAssembliesLoaded (1ms)
		ExecutionOrderSort2 (0ms)
		AwakeInstancesAfterBackupRestoration (11ms)
Refreshing native plugins compatible for Editor in 11.18 ms, found 5 plugins.
Preloading 0 native plugins for Editor in 0.00 ms.
Unloading 6859 Unused Serialized files (Serialized files now loaded: 0)
Unloading 95 unused Assets / (123.5 KB). Loaded Objects now: 7345.
Memory consumption went from 221.0 MB to 220.9 MB.
Total: 9.234200 ms (FindLiveObjects: 0.942700 ms CreateObjectMapping: 1.045800 ms MarkObjects: 6.975100 ms  DeleteObjects: 0.268300 ms)

Unloading 0 Unused Serialized files (Serialized files now loaded: 0)
Unloading 0 unused Assets / (169.8 KB). Loaded Objects now: 7345.
Memory consumption went from 220.8 MB to 220.7 MB.
Total: 8.273200 ms (FindLiveObjects: 0.811700 ms CreateObjectMapping: 0.904900 ms MarkObjects: 6.408400 ms  DeleteObjects: 0.146800 ms)

Prepare: number of updated asset objects reloaded= 0
AssetImportParameters requested are different than current active one (requested -> active):
  custom:DOTSType/Zenject.MonoInstallerBase: 95f86c107dc723fe95f86c107dc723fe -> 
  custom:DOTSType/Unity.Entities.EntityGuid: 8e99211435a26d668e99211435a26d66 -> 
  custom:DOTSType/Tanks.TurretController: e7fde51fa66b4c5ee7fde51fa66b4c5e -> 
  custom:DOTSType/Unity.Entities.DefaultWorldInitializationProxy: 3bc53c9cad9070363bc53c9cad907036 -> 
  custom:container-demuxer-ogg: 62fdf1f143b41e24485cea50d1cbac27 -> 
  custom:DOTSType/Zenject.Internal.DefaultSceneContractConfig: a78f29ab0132239ca78f29ab0132239c -> 
  custom:DOTSType/Unity.Physics.EnsureUniqueColliderBlobTag: 3e3264c9c7497b3b3e3264c9c7497b3b -> 
  custom:DOTSType/Unity.Scenes.SceneEntityReference: 646ffd19b744bbdb646ffd19b744bbdb -> 
  custom:DOTSType/Unity.Entities.Hybrid.Baking.BakingOnlyEntityAuthoringBaker+BakingOnlyChildren: 9c3cc3aa8ff875949c3cc3aa8ff87594 -> 
  custom:DOTSType/Unity.Entities.EntityManager+IsolateCopiedEntities: 703c8c39c22b63af703c8c39c22b63af -> 
  custom:DOTSType/Unity.Entities.BeginVariableRateSimulationEntityCommandBufferSystem+Singleton: 40006e500ad5800440006e500ad58004 -> 
  custom:DOTSType/UnityEngine.LightProbeProxyVolume: cd06291433fcac4ccd06291433fcac4c -> 
  custom:EntityBinaryFileFormatVersion: b618570c169a919bbb95b4bd7e4084ba -> 
  custom:DOTSType/Unity.Physics.Authoring.DisplayGizmoColliderEdges+DrawWithGizmos: a6749ec75af14c28a6749ec75af14c28 -> 
  custom:DOTSType/Tanks.SkyRotation: 6a30c8e81d68dcd96a30c8e81d68dcd9 -> 
  custom:DOTSType/Unity.Entities.Editor.ComponentInfo: b6911f4bc3b03db5b6911f4bc3b03db5 -> 
  custom:DOTSType/Unity.Entities.BurstCompatibleComponentData: 1d232e8370167ced1d232e8370167ced -> 
  custom:DOTSType/Unity.Entities.RetainBlobAssetPtr: f51a437fde39ac82f51a437fde39ac82 -> 
  custom:DOTSType/Unity.Physics.Authoring.PhysicsStepAuthoring: 29ca86243fe93d3b29ca86243fe93d3b -> 
  custom:DOTSType/Unity.Entities.BakedEntity: 6cda7616df5335d16cda7616df5335d1 -> 
  custom:DOTSType/Unity.Transforms.Static: a08c19e85cdd5a49a08c19e85cdd5a49 -> 
  custom:DOTSType/Unity.Entities.Editor.InvalidEntityEditor: c09028623072dbb6c09028623072dbb6 -> 
  custom:DOTSType/UnityEngine.Collider: e796157eabb2316ee796157eabb2316e -> 
  custom:framework-win-MediaFoundation: 216162199b28c13a410421893ffa2e32 -> 
  custom:DOTSType/UnityEngine.Transform: 3954159e9eb625f23954159e9eb625f2 -> 
  custom:DOTSType/Unity.Physics.Authoring.PhysicsWorldIndexAuthoring: c35779b88bcbf0f5c35779b88bcbf0f5 -> 
  custom:DOTSType/Unity.Scenes.Editor.GameObjectSceneMetaDataImporter: 35c29e171f7f1b1235c29e171f7f1b12 -> 
  custom:DOTSType/Tanks.Wheel: 8000d516241cf2618000d516241cf261 -> 
  custom:DOTSType/Unity.Entities.Editor.EntitySelectionProxy: 640f096afb1dc192640f096afb1dc192 -> 
  custom:DOTSType/Tanks.Tests.TestInputController: da9d7109e7aa2efada9d7109e7aa2efa -> 
  custom:DOTSType/Unity.Entities.OmitLinkedEntityGroupFromPrefabInstance: d5447758848371b8d5447758848371b8 -> 
  custom:DOTSType/Unity.Entities.Editor.HierarchyWindow: 68a3d7f4e81dfa3968a3d7f4e81dfa39 -> 
  custom:DOTSType/Unity.Entities.CleanupEntity: 91c2e7742ff7a40291c2e7742ff7a402 -> 
  custom:DOTSType/Zenject.MonoKernel: ad622fbf2f55726ead622fbf2f55726e -> 
  custom:DOTSType/Zenject.DefaultGameObjectKernel: 4e750c357d05f8164e750c357d05f816 -> 
  custom:DOTSType/Zenject.GameObjectContextEditor: e47fe5c2e2a879a3e47fe5c2e2a879a3 -> 
  custom:DOTSType/Unity.Scenes.RequestSceneHeader: 539e2df9dd1c5383539e2df9dd1c5383 -> 
  custom:DOTSType/Unity.Entities.BakingOnlyEntity: 6d61bb30b0fe96a06d61bb30b0fe96a0 -> 
  custom:DOTSType/UnityEngine.ReflectionProbe: 74c5d94e403ee5bf74c5d94e403ee5bf -> 
  custom:DOTSType/Unity.Physics.Authoring.PhysicsWorldIndexBakingData: eb7993b47224fdb3eb7993b47224fdb3 -> 
  custom:DOTSType/Tanks.TankController: 5fe8cedbca51d9d55fe8cedbca51d9d5 -> 
  custom:DOTSType/Unity.Scenes.Editor.ClearEntitiesCacheWindow: ff5e4942d7943fe4ff5e4942d7943fe4 -> 
  custom:DOTSType/Unity.Entities.Serialization.DotsSerialization+TypeNamesNode: 481f56363f3115ba481f56363f3115ba -> 
  custom:DOTSType/Unity.Entities.Hybrid.Baking.BakingOnlyEntityAuthoring: b00feda2188a9371b00feda2188a9371 -> 
  custom:DOTSType/Unity.Scenes.ResolvedSectionPath: bf9e38f006f83cb7bf9e38f006f83cb7 -> 
  custom:DOTSType/Unity.Deformations.BlendShapeWeight: d26eabb95dfc9b4dd26eabb95dfc9b4d -> 
  custom:DOTSType/Unity.Scenes.ReferencedUnityObjects: b8073d4731436522b8073d4731436522 -> 
  custom:DOTSType/Unity.Physics.Authoring.PhysicsDebugDisplayAuthoring: 048169f5bbaf7cd0048169f5bbaf7cd0 -> 
  custom:DOTSType/Unity.Scenes.Editor.SubSceneInspector: 6e96e553cf64778e6e96e553cf64778e -> 
  custom:DOTSType/Unity.Physics.GraphicsIntegration.SmoothRigidBodiesGraphicalMotion+RigidBodySmoothingWorldIndex: 988440dd19a406ed988440dd19a406ed -> 
  custom:DOTSType/Unity.Physics.PhysicsConstrainedBodyPair: 37ca29e9e58c191137ca29e9e58c1911 -> 
  custom:DOTSType/Unity.Physics.ColliderBlobCleanupData: 18f3eb94199c5e3618f3eb94199c5e36 -> 
  custom:DOTSType/Unity.Physics.PhysicsDamping: 579a7188c5fb1464579a7188c5fb1464 -> 
  custom:container-muxer-webm: aa71ff27fc2769a1b78a27578f13a17b -> 
  custom:DOTSType/Unity.Entities.CompanionGameObjectUpdateTransformCleanup: 0a4e12c25aaf05e00a4e12c25aaf05e0 -> 
  custom:DOTSType/Tanks.Editor.TransmissionSettingsEditor: 5c05f270edf687155c05f270edf68715 -> 
  custom:DOTSType/Unity.Entities.EndSimulationEntityCommandBufferSystem+Singleton: 6cc3a7136f47def06cc3a7136f47def0 -> 
  custom:DOTSType/Unity.Physics.Authoring.PhysicsDebugDisplaySystem+DrawComponent: fbecd1af1d76e089fbecd1af1d76e089 -> 
  custom:video-decoder-webm-vp8: 9c59270c3fd7afecdb556c50c9e8de78 -> 
  custom:DOTSType/Zenject.GuiRenderer: 77a380f71106289e77a380f71106289e -> 
  custom:DOTSType/Zenject.AnimatorMoveHandlerManager: 48d7fbeaa25297da48d7fbeaa25297da -> 
  custom:DOTSType/UnityEngine.GameObject: aef60e3f2ae5ad9aaef60e3f2ae5ad9a -> 
  custom:SearchIndexIgnoredProperties: e643bd26f0fe6173181afceb89e7c659 -> 
  custom:DOTSAllSystemsVersion: ffb3322ebf2cc81fbcc35437f1236753 -> 
  custom:DOTSType/Unity.Physics.GraphicsIntegration.PhysicsGraphicalInterpolationBuffer: 7baea6e725f3208c7baea6e725f3208c -> 
  custom:AudioImporter_EditorPlatform: d09bf68614088b80899f8185d706f6e7 -> 
  custom:DOTSType/Tanks.Interface.CarnageSettings: 06a0f3af603600f206a0f3af603600f2 -> 
  custom:DOTSType/Zenject.ProjectContextEditor: f68c5f17562ef273f68c5f17562ef273 -> 
  custom:DOTSType/Unity.Entities.Serialization.DotsSerialization+FolderNode: 98c33d003d1b152b98c33d003d1b152b -> 
  custom:DOTSType/Unity.Entities.CompanionReference: 4de8f4179bbe96e74de8f4179bbe96e7 -> 
  custom:DOTSType/UnityEngine.VFX.VisualEffect: dc0e74262f371f63dc0e74262f371f63 -> 
  custom:DOTSType/Unity.Entities.Hybrid.Baking.AdditionalEntitiesBakingData: d81e35bf039925b8d81e35bf039925b8 -> 
  custom:DOTSType/UnityEngine.SpriteRenderer: 61a676ec163f72b161a676ec163f72b1 -> 
  custom:DOTSType/Unity.Entities.Editor.JournalingWrapperEditor: 7820ec03259d9ee57820ec03259d9ee5 -> 
  custom:DOTSType/Tanks.Tank.ProjectileTracker: 101b4b340f8400be101b4b340f8400be -> 
  custom:DOTSType/Unity.Deformations.SkinMatrix: 4b50a0962ac5e60d4b50a0962ac5e60d -> 
  custom:DOTSType/Unity.Scenes.WeakAssetReferenceLoadingData: 451a8b20bc4a35f6451a8b20bc4a35f6 -> 
  custom:DOTSType/Unity.Entities.BurstCompatibleSharedComponentData: 6239fcd2cd3b1c316239fcd2cd3b1c31 -> 
  custom:DOTSType/Unity.Physics.PhysicsCustomTags: 7d9dddf48b181c997d9dddf48b181c99 -> 
  custom:DOTSType/Zenject.SceneDecoratorContext: 47847979bf9052df47847979bf9052df -> 
  custom:DOTSType/Unity.Entities.Editor.ArchetypeWrapperEditor: fcd41c2e8cb6c202fcd41c2e8cb6c202 -> 
  custom:DOTSType/Unity.Physics.PhysicsGravityFactor: 8ab51309e4cdebcc8ab51309e4cdebcc -> 
  custom:DOTSType/Tanks.PlayerInputController: eeac7a82da062014eeac7a82da062014 -> 
  custom:DOTSType/Unity.Entities.SceneTag: 7a384971715860367a38497171586036 -> 
  custom:DOTSType/Unity.Physics.Systems.DummySimulationData: e73bf206ed8976b1e73bf206ed8976b1 -> 
  custom:DOTSType/Unity.Physics.CustomPhysicsProxyDriver: d8e4875a8f47327fd8e4875a8f47327f -> 
  custom:DOTSType/Unity.Entities.Editor.InvalidSelectionEditor: bb0f099005812d55bb0f099005812d55 -> 
  custom:DOTSType/Tanks.Interface.CarnageIndicator: 7a2a70789a91028f7a2a70789a91028f -> 
  custom:DOTSType/Unity.Physics.StepInputSingleton: f5a13022ab227cfff5a13022ab227cff -> 
  custom:DOTSType/Unity.Transforms.LocalToWorld: f07e17bb4e08548ef07e17bb4e08548e -> 
  custom:DOTSType/Unity.Entities.Prefab: 8cefcfc0e3366a618cefcfc0e3366a61 -> 
  custom:DOTSType/Unity.Transforms.PreviousParent: f7f96ed2f665f721f7f96ed2f665f721 -> 
  custom:DOTSType/Unity.Entities.EditorRenderData: 23031dfb0b685e0c23031dfb0b685e0c -> 
  custom:DOTSType/Tanks.TankGameInstaller: ab41efd1a1117644ab41efd1a1117644 -> 
  custom:DOTSType/Tanks.Tests.TestCarnageIndicator: c8904b0627773241c8904b0627773241 -> 
  custom:DOTSType/Unity.Entities.Editor.JournalEntry: fa64f1a8d5097849fa64f1a8d5097849 -> 
  custom:DOTSType/Unity.Scenes.GlobalEntitiesDependency: 272e3c9ba12b159e272e3c9ba12b159e -> 
  custom:audio-decoder-ogg-vorbis: bf7c407c2cedff20999df2af8eb42d56 -> 
  custom:ProjectSettings/EntitiesClientSettings.asset: 57fa4463d8597ee36c3803b5983b6213 -> 
  custom:DOTSType/Unity.Entities.RetainBlobAssets: e3007bd0d4f5ba8be3007bd0d4f5ba8b -> 
  custom:DOTSType/Tanks.TankAudioSystem: e0c4f60227f2a2a8e0c4f60227f2a2a8 -> 
  custom:DOTSType/Unity.Scenes.SceneSystemData: 358f9772a0e70c53358f9772a0e70c53 -> 
  custom:DOTSType/Zenject.SceneDecoratorContextEditor: ca86c2fb23338ef7ca86c2fb23338ef7 -> 
  custom:DOTSType/Unity.Physics.PhysicsWorldIndex: 44b485a5651ecbf844b485a5651ecbf8 -> 
  custom:DOTSType/Unity.Entities.EndInitializationEntityCommandBufferSystem+Singleton: 75800829e25c245f75800829e25c245f -> 
  custom:DOTSType/Unity.Entities.Build.EntitiesClientSettings: 379ca95f1f31bbbc379ca95f1f31bbbc -> 
  custom:DOTSType/Zenject.ProjectContext: 73c2192ee2a3347973c2192ee2a33479 -> 
  custom:DOTSType/Zenject.RunnableContextEditor: 761811f71f3da7bc761811f71f3da7bc -> 
  custom:DOTSType/UnityEngine.AudioSource: aed3a424fdd48d59aed3a424fdd48d59 -> 
  custom:DOTSType/Unity.Scenes.RequestEntityPrefabLoaded: fc4092a08e154a96fc4092a08e154a96 -> 
  custom:DOTSType/Unity.Entities.SystemInstance: bb0dfff8e9a48357bb0dfff8e9a48357 -> 
  custom:DOTSType/Unity.Entities.RemoveUnusedEntityInBake: 0973223cb916c16b0973223cb916c16b -> 
  custom:DOTSType/Unity.Entities.EndVariableRateSimulationEntityCommandBufferSystem+Singleton: 78d2450a82ebc20778d2450a82ebc207 -> 
  custom:DOTSType/Unity.Physics.DummyColliderFakesComponent`1[[Unity.Physics.CylinderCollider, Unity.Physics, Version=0.0.0.0, Culture=neutral, PublicKeyToken=null]]: 2d82e9daa82955bf2d82e9daa82955bf -> 
  custom:audio-encoder-webm-vorbis: bf7c407c2cedff20999df2af8eb42d56 -> 
  custom:DOTSType/Unity.Entities.BeginFixedStepSimulationEntityCommandBufferSystem+Singleton: 5857035820ee1e635857035820ee1e63 -> 
  custom:DOTSType/Unity.Physics.PhysicsJointCompanion: 655fde98af64ce94655fde98af64ce94 -> 
  custom:DOTSType/Unity.Scenes.WeakAssetPrefabLoadRequest: b6d72391c4d3d049b6d72391c4d3d049 -> 
  custom:DOTSType/Tanks.Legacy.LegacyTransmissionSettings: 84b2093787e9240c84b2093787e9240c -> 
  custom:DOTSType/Tanks.Legacy.Editor.LegacyTransmissionSettingsEditor: f063a9f322024a22f063a9f322024a22 -> 
  custom:DOTSType/Zenject.ScriptableObjectInstallerBase: 564d9b68561bb94d564d9b68561bb94d -> 
  custom:DOTSType/Unity.Physics.Editor.CustomPhysicsBodyTagNamesEditor: 5e056a649e13a00c5e056a649e13a00c -> 
  custom:DOTSType/Unity.Physics.PhysicsWorldSingleton: 90bad7c95a54d00590bad7c95a54d005 -> 
  custom:DOTSType/Unity.Entities.BurstCompatibleBufferElement: 9256282cac425e579256282cac425e57 -> 
  custom:DOTSType/Unity.Entities.CompanionLink: 4813070be25c6d6a4813070be25c6d6a -> 
  custom:DOTSType/Unity.Physics.DummyColliderFakesComponent`1[[Unity.Physics.PolygonCollider, Unity.Physics, Version=0.0.0.0, Culture=neutral, PublicKeyToken=null]]: 3f38e3dc511d48d23f38e3dc511d48d2 -> 
  custom:SceneMetaDataFileFormatVersion: 18e216f4893c3ae43d5b4b3a88de92ca -> 
  custom:DOTSType/Unity.Entities.Editor.SystemScheduleWindow: dfecb8af58c97f0adfecb8af58c97f0a -> 
  custom:DOTSType/Unity.Physics.PhysicsColliderKeyEntityPair: e3185876db01deade3185876db01dead -> 
  custom:DOTSType/Zenject.ContextEditor: 0791a612a42c17bc0791a612a42c17bc -> 
  custom:DOTSType/Zenject.AnimatorIkHandlerManager: 6bf1f62125213c446bf1f62125213c44 -> 
  custom:DOTSType/Unity.Transforms.LocalTransform: d07f194ee4791f00d07f194ee4791f00 -> 
  custom:DOTSType/Unity.Physics.PhysicsJoint: e49afdd9ec82159fe49afdd9ec82159f -> 
  custom:DOTSType/Unity.Scenes.PrefabAssetReference: 924b87ecab3719ce924b87ecab3719ce -> 
  custom:DOTSType/UnityEngine.Rigidbody: 90d4f52b90e97d3190d4f52b90e97d31 -> 
  custom:DOTSType/Unity.Transforms.PostTransformMatrix: d5b773053bc4fc92d5b773053bc4fc92 -> 
  custom:DOTSType/Unity.Entities.WorldTime: efd6631e6d47e1c0efd6631e6d47e1c0 -> 
  custom:DOTSType/Unity.Entities.Editor.ComponentsWindow: f3a47022486a5e37f3a47022486a5e37 -> 
  custom:DOTSType/Unity.Entities.Editor.JournalManager: bd6303929aef5048bd6303929aef5048 -> 
  custom:DOTSType/Zenject.SceneKernel: 14c92f57ead5fa5a14c92f57ead5fa5a -> 
  custom:DOTSType/Unity.Scenes.Editor.SubSceneImporter: fbc2a6bb48307f94fbc2a6bb48307f94 -> 
  custom:DOTSType/UnityEngine.Light: 47f771faf20222f647f771faf20222f6 -> 
  custom:DOTSType/Unity.Entities.EndFixedStepSimulationEntityCommandBufferSystem+Singleton: 903138f233c08b6f903138f233c08b6f -> 
  custom:DOTSType/Unity.Entities.Hybrid.Baking.LinkedEntityGroupAuthoring: 463b7158f57f2778463b7158f57f2778 -> 
  custom:DOTSType/Unity.Entities.BeginInitializationEntityCommandBufferSystem+Singleton: 1dafdf6276a3f02d1dafdf6276a3f02d -> 
  custom:DOTSType/Unity.Physics.SimulationSingleton: 2c12c15cc1aaefd42c12c15cc1aaefd4 -> 
  custom:DOTSType/Unity.Transforms.Child: 5a0b111d3c5ef1ef5a0b111d3c5ef1ef -> 
  custom:DOTSType/Unity.Entities.Editor.ComponentWrapperEditor: 8a0108ac83962ca58a0108ac83962ca5 -> 
  custom:video-codec-MediaFoundation-h265: 746d11721c4dcdbdad8f713fa42b33f4 -> 
  custom:DOTSType/Unity.Entities.SceneSectionData: eeed08dab67953cbeeed08dab67953cb -> 
  custom:DOTSType/Tanks.EffectPool: b07fd26d384c1aadb07fd26d384c1aad -> 
  custom:DOTSType/Zenject.Context: 7a9b164638a7c5fb7a9b164638a7c5fb -> 
  custom:DOTSType/Unity.Entities.Editor.EntitiesJournalingWindow: fb6228252c0089dcfb6228252c0089dc -> 
  custom:video-decoder-ogg-theora: a1e56fd34408186e4bbccfd4996cb3dc -> 
  custom:DOTSType/Unity.Scenes.ResolvedSceneHash: 10c2d6fb478167a310c2d6fb478167a3 -> 
  custom:DOTSType/Unity.Scenes.SceneSectionStreamingData: 01ac29b86b18dacf01ac29b86b18dacf -> 
  custom:DOTSType/Zenject.ZenjectStateMachineBehaviourAutoInjecter: bc2fa2415d8a8ef6bc2fa2415d8a8ef6 -> 
  custom:DOTSType/Unity.Entities.AdditionalEntityParent: a24d1678b03f0479a24d1678b03f0479 -> 
  custom:DOTSType/Unity.Entities.Simulate: e0c92315ec24632de0c92315ec24632d -> 
  custom:DOTSType/Unity.Physics.PhysicsVelocity: eae7719776411411eae7719776411411 -> 
  custom:DOTSType/Unity.Entities.Editor.SystemWrapperEditor: 8c892c6354f3a3138c892c6354f3a313 -> 
  custom:DOTSType/Unity.Entities.RetainBlobAssetBatchPtr: 14017b765908ee1d14017b765908ee1d -> 
  custom:DOTSType/Zenject.ZenjectBinding: 0569f6cfa9645a6e0569f6cfa9645a6e -> 
  custom:DOTSType/Tanks.Tests.TestCarnageIndicator+TestCarnageIndicatorEditor: a518ed1603ea4192a518ed1603ea4192 -> 
  custom:DOTSType/Unity.Physics.Authoring.CustomPhysicsProxyAuthoring: 90a4b67ea7c61e0c90a4b67ea7c61e0c -> 
  custom:DOTSType/Unity.Physics.Authoring.PhysicsMeshAuthoringData: 07c891dbd84b5d1c07c891dbd84b5d1c -> 
  custom:DOTSType/Unity.Scenes.LiveConversionPatcher+LiveConvertedSceneCleanup: 97dadd0f05dbc86997dadd0f05dbc869 -> 
  custom:DOTSType/UnityEngine.MeshCollider: 745c145fdcf1939e745c145fdcf1939e -> 
  custom:DOTSType/Unity.Physics.Authoring.ForceUniqueColliderAuthoring: 34be871ed7a74d6234be871ed7a74d62 -> 
  custom:DOTSType/Zenject.GameObjectContext: 694c79f9ded4c948694c79f9ded4c948 -> 
  custom:DOTSType/Unity.Physics.DummyColliderFakesComponent`1[[Unity.Physics.CapsuleCollider, Unity.Physics, Version=0.0.0.0, Culture=neutral, PublicKeyToken=null]]: 840aede77f375b4f840aede77f375b4f -> 
  custom:DOTSType/Unity.Physics.Authoring.StaticOptimizePhysicsBaking: f3a03d29cca9ceabf3a03d29cca9ceab -> 
  custom:DOTSType/Unity.Scenes.DisableLiveConversion: 543070e84ec00e2c543070e84ec00e2c -> 
  custom:DOTSType/Unity.Physics.Authoring.PhysicsCompoundData: 41f933035064165d41f933035064165d -> 
  custom:DOTSType/Tanks.AudioPool: 65d2a3a778887e6e65d2a3a778887e6e -> 
  custom:DOTSType/Unity.Physics.DummyColliderFakesComponent`1[[Unity.Physics.SphereCollider, Unity.Physics, Version=0.0.0.0, Culture=neutral, PublicKeyToken=null]]: 4818ec4955a46c414818ec4955a46c41 -> 
  custom:DOTSType/Unity.Transforms.Parent: 00b45826652a5ec600b45826652a5ec6 -> 
  custom:DOTSType/Unity.Physics.PhysicsCollider: 00548c0f8c0147a000548c0f8c0147a0 -> 
  custom:DOTSType/Unity.Physics.Authoring.PhysicsRootBaked: a150145af5348f6da150145af5348f6d -> 
  custom:DOTSType/Unity.Scenes.ResolveSceneReferenceSystem+AssetDependencyTrackerState: b2d132c8f66d836db2d132c8f66d836d -> 
  custom:DOTSType/Unity.Entities.CompanionLinkTransform: e392322015c13880e392322015c13880 -> 
  custom:DOTSType/Unity.Entities.Serialization.DotsSerialization+RevisionedRawDataNode: 7e711ae70d27259d7e711ae70d27259d -> 
  custom:CustomObjectIndexerAttribute: 9a22284fe3817be447336de3de66b15e -> 
  custom:DOTSType/Tanks.Projectile: 620e548336351b1d620e548336351b1d -> 
  custom:DOTSType/Unity.Physics.GraphicsIntegration.MostRecentFixedTime: 6c4396236e6646a76c4396236e6646a7 -> 
  custom:DOTSType/UnityEngine.ParticleSystem: 28fa60303afd747328fa60303afd7473 -> 
  custom:DOTSType/Unity.Physics.DummyColliderFakesComponent`1[[Unity.Physics.ConvexCollider, Unity.Physics, Version=0.0.0.0, Culture=neutral, PublicKeyToken=null]]: d00615a7bde8681ed00615a7bde8681e -> 
  custom:DOTSType/Unity.Physics.DummyColliderFakesComponent`1[[Unity.Physics.MeshCollider, Unity.Physics, Version=0.0.0.0, Culture=neutral, PublicKeyToken=null]]: 52b224b25d7c5a2552b224b25d7c5a25 -> 
  custom:container-demuxer-webm: 4f35f7cbe854078d1ac9338744f61a02 -> 
  custom:DOTSType/Unity.Entities.PrefabRoot: ea04b60a31090316ea04b60a31090316 -> 
  custom:DOTSType/Unity.Entities.RequestSceneLoaded: 62c081c918aff6ee62c081c918aff6ee -> 
  custom:DOTSType/Unity.Entities.BeginPresentationEntityCommandBufferSystem+Singleton: cbef056a920a5eadcbef056a920a5ead -> 
  custom:DOTSType/Unity.Entities.ChunkHeader: 490bb3205bb29fe6490bb3205bb29fe6 -> 
  custom:DOTSType/Unity.Scenes.IsSectionLoaded: 2e3c12f14f7600232e3c12f14f760023 -> 
  custom:DOTSType/Unity.Entities.Editor.SystemInfo: e869e7d857e70a99e869e7d857e70a99 -> 
  custom:DOTSType/Zenject.MonoInstaller: d4f508a97531178fd4f508a97531178f -> 
  custom:DOTSType/Unity.Entities.WorldTimeQueue: 48ce29752c66702348ce29752c667023 -> 
  custom:DOTSType/Unity.Entities.StaticOptimizeEntity: 346cca765bf51c72346cca765bf51c72 -> 
  custom:DOTSType/Unity.Entities.SectionMetadataSetup: 75ea136fdb0e54ba75ea136fdb0e54ba -> 
  custom:DOTSType/Tanks.ProjectilePool: ae6caa17fe3924ceae6caa17fe3924ce -> 
  custom:DOTSType/Unity.Scenes.SceneSectionReferencedUnityObjects: 2797689ad57679a22797689ad57679a2 -> 
  custom:DOTSType/Unity.Physics.Editor.PhysicsStepAuthoringEditor: b0470546a7982481b0470546a7982481 -> 
  custom:DOTSType/Unity.Physics.GraphicsIntegration.PhysicsRenderEntity: 17b73fa380da9cf517b73fa380da9cf5 -> 
  custom:DOTSType/Unity.Entities.Hybrid.Baking.LinkedEntityGroupBakingData: cd33507256493e18cd33507256493e18 -> 
  custom:DOTSType/UnityEngine.LODGroup: 15ad22bb5260348e15ad22bb5260348e -> 
  custom:DOTSType/Tanks.BaseInputController: 7c3584087687be277c3584087687be27 -> 
  custom:DOTSType/Unity.Entities.Editor.HierarchySelectionContext: eb8c02bbb8571091eb8c02bbb8571091 -> 
  custom:DOTSType/Unity.Physics.DummyColliderFakesComponent`1[[Unity.Physics.CompoundCollider, Unity.Physics, Version=0.0.0.0, Culture=neutral, PublicKeyToken=null]]: f0b0c805df9aab48f0b0c805df9aab48 -> 
  custom:DOTSType/Unity.Physics.Authoring.PhysicsColliderAuthoringData: 237ab57c84eb023d237ab57c84eb023d -> 
  custom:DOTSType/Unity.Entities.Entity: 295b0c964d12026f295b0c964d12026f -> 
  custom:DOTSType/Unity.Physics.DummyColliderFakesComponent`1[[Unity.Physics.TerrainCollider, Unity.Physics, Version=0.0.0.0, Culture=neutral, PublicKeyToken=null]]: 76d2966f42dff4df76d2966f42dff4df -> 
  custom:DOTSType/Unity.Scenes.PublicEntityRef: b380cfe1712d4500b380cfe1712d4500 -> 
  custom:DOTSType/Unity.Entities.Asset: 5205195e4c6bea1c5205195e4c6bea1c -> 
  custom:DOTSType/Unity.Physics.GraphicsIntegration.PhysicsGraphicalSmoothing: 1a649a11034ac6061a649a11034ac606 -> 
  custom:DOTSType/Unity.Physics.Systems.PhysicsAnalyticsSingleton: 261d1a0e3f762c88261d1a0e3f762c88 -> 
  custom:DOTSType/Unity.Physics.PhysicsTemporalCoherenceInfo: dd862a3ef5746267dd862a3ef5746267 -> 
  custom:DOTSType/Tanks.EffectPoolContainer: bf19857e7a596a2bbf19857e7a596a2b -> 
  custom:DOTSType/Unity.Physics.PhysicsStep: 4ca665c06bcf89ca4ca665c06bcf89ca -> 
  custom:DOTSType/UnityEngine.TextMesh: 6784c791d05273aa6784c791d05273aa -> 
  custom:DOTSType/Unity.Entities.CompanionGameObjectActiveCleanup: 4ff09409f1cce51f4ff09409f1cce51f -> 
  custom:DOTSType/Tanks.ReloadIndicator: 83d1d641d15e1d5483d1d641d15e1d54 -> 
  custom:DOTSType/Zenject.RunnableContext: f37beb99d06e39fbf37beb99d06e39fb -> 
  custom:DOTSType/Unity.Physics.Authoring.PhysicsDebugDisplayData: 0cdccf70b9e5e20d0cdccf70b9e5e20d -> 
  custom:DOTSType/Unity.Scenes.AssetObjectManifest: 84d682f40d46c88184d682f40d46c881 -> 
  custom:DOTSType/Unity.Entities.PostLoadCommandBuffer: d658541e4a41540dd658541e4a41540d -> 
  custom:DOTSType/Unity.Entities.Editor.ArchetypeInfo: b8b1bbcc600f6437b8b1bbcc600f6437 -> 
  custom:DOTSType/Tanks.Interface.Speedometer: 158cdf1f7f3d0d9c158cdf1f7f3d0d9c -> 
  custom:DOTSType/Tanks.BattleRam: 87a27f4ae62d951387a27f4ae62d9513 -> 
  custom:DOTSType/UnityEngine.BoxCollider: 8e5b85c4fec088d48e5b85c4fec088d4 -> 
  custom:DOTSType/Unity.Entities.Serialization.ExternalEntityReference: 415f45c8b00c90a4415f45c8b00c90a4 -> 
  custom:DOTSType/Unity.Entities.SceneSectionComponent: 22f65411cbba718222f65411cbba7182 -> 
  custom:DOTSType/Unity.Scenes.PrefabLoadResult: 71615367c37f030371615367c37f0303 -> 
  custom:DOTSType/Unity.Scenes.SceneSectionStreamingSystem+StreamingState: 7014161ec3350ad07014161ec3350ad0 -> 
  custom:DOTSType/Unity.Entities.Editor.UnsupportedEntityEditor: f4c4238e5d78020af4c4238e5d78020a -> 
  custom:DOTSType/Unity.Scenes.ResolvedSectionEntity: e83509e6ef73df7ae83509e6ef73df7a -> 
  custom:DOTSType/Unity.Scenes.DisableSceneResolveAndLoad: 41c98fa73f31b21a41c98fa73f31b21a -> 
  custom:DOTSType/Unity.Entities.LinkedEntityGroup: c1b61ecd5260e852c1b61ecd5260e852 -> 
  custom:DOTSType/Unity.Physics.Authoring.RigidbodyBakingData: 66caf1f3818b52fc66caf1f3818b52fc -> 
  custom:DOTSType/Zenject.ScriptableObjectInstaller: 47201fb43b11147d47201fb43b11147d -> 
  custom:DOTSType/Unity.Physics.Authoring.DetailedStaticMeshCollisionAuthoring: 35a7576e30820a5e35a7576e30820a5e -> 
  custom:DOTSType/Unity.Entities.Editor.UnsupportedGameObjectEditor: 5cff923fd1c387e15cff923fd1c387e1 -> 
  custom:DOTSType/Tanks.CinemachineInputCustomProvider: 53bf68681542a65453bf68681542a654 -> 
  custom:DOTSType/Zenject.SceneContext: 30c70a59093b925c30c70a59093b925c -> 
  custom:DOTSType/UnityEngine.MeshRenderer: 77aa4cb33b84a90377aa4cb33b84a903 -> 
  custom:DOTSType/Unity.Physics.Authoring.BakeStaticRoot: ac81d98288eb78feac81d98288eb78fe -> 
  custom:DOTSType/Unity.Entities.Serialization.DotsSerialization+StringTableNode: db9aacf636d95b56db9aacf636d95b56 -> 
  custom:DOTSType/Zenject.SceneContextEditor: f5ac3d9288ab62bbf5ac3d9288ab62bb -> 
  custom:DOTSType/Unity.Entities.Disabled: ea10d702b0a42592ea10d702b0a42592 -> 
  custom:DOTSType/Unity.Entities.Editor.EntityEditor: 4502e3ccdb7ac0e04502e3ccdb7ac0e0 -> 
  custom:DOTSType/Unity.Physics.Systems.BroadphaseData: cf796e61bbb1c05fcf796e61bbb1c05f -> 
  custom:DOTSType/Unity.Entities.Editor.ArchetypesWindow: bde482c89698b5c7bde482c89698b5c7 -> 
  custom:DOTSType/Unity.Physics.PhysicsMass: dd66b9b7945f3ac7dd66b9b7945f3ac7 -> 
  custom:DOTSType/Unity.Physics.Systems.BuildPhysicsWorldData: 403d401e5c7292c3403d401e5c7292c3 -> 
  custom:DOTSType/Unity.Scenes.SceneBoundingVolume: 3407604aa951263f3407604aa951263f -> 
  custom:video-encoder-webm-vp8: eb34c28f22e8b96e1ab97ce403110664 -> 
  custom:DOTSType/Unity.Physics.Authoring.PhysicsColliderBakedData: 4b51dd6d702fa42d4b51dd6d702fa42d -> 
  custom:DOTSType/UnityEngine.SphereCollider: 82c25a73f4a3118382c25a73f4a31183 -> 
  custom:DOTSType/Unity.Scenes.SubScene: ac4196b7e94e44ecac4196b7e94e44ec -> 
  custom:DOTSType/Unity.Physics.DummyColliderFakesComponent`1[[Unity.Physics.Collider, Unity.Physics, Version=0.0.0.0, Culture=neutral, PublicKeyToken=null]]: 9b1dfcaf09a3b4529b1dfcaf09a3b452 -> 
  custom:DOTSType/Unity.Entities.Editor.HierarchyEntityChangeTracker+UnusedTag: e99f3a5fcb8d8012e99f3a5fcb8d8012 -> 
  custom:DOTSType/Unity.Physics.PhysicsMassOverride: 6fcef11ae9d1bc306fcef11ae9d1bc30 -> 
  custom:DOTSType/Unity.Entities.BlobAssetOwner: c83c63163f833390c83c63163f833390 -> 
  custom:DOTSType/Zenject.CheatSheet+Foo: 818256864703f221818256864703f221 -> 
  custom:DOTSType/Unity.Physics.Authoring.CustomPhysicsBodyTagNames: cf633e3d702fe67dcf633e3d702fe67d -> 
  custom:DOTSType/UnityEngine.CapsuleCollider: be84ea475def5c96be84ea475def5c96 -> 
  custom:DOTSType/Unity.Physics.PhysicsTemporalCoherenceTag: 078e815b3514dfd3078e815b3514dfd3 -> 
  custom:DOTSType/Unity.Entities.Editor.JournalManagerWrapperEditor: cb69e60b3422ccebcb69e60b3422cceb -> 
  custom:DOTSType/Unity.Entities.SceneReference: 93a995b4b28fc25393a995b4b28fc253 -> 
  custom:DOTSType/Unity.Entities.Editor.UnsupportedPrefabEntityEditor: 42b92ebb8c8886cf42b92ebb8c8886cf -> 
  custom:DOTSType/Unity.Entities.Serialization.DotsSerialization+NodeHeader: 2a912a6fdedc77ae2a912a6fdedc77ae -> 
  custom:DOTSType/Zenject.ZenAutoInjecter: 778eb5667a6355bc778eb5667a6355bc -> 
  custom:DOTSType/Unity.Entities.SceneSection: bdba69731fc8f3e7bdba69731fc8f3e7 -> 
  custom:DOTSType/Tanks.Patrol: af24d179ee3e03f0af24d179ee3e03f0 -> 
  custom:DOTSType/Unity.Physics.DummyColliderFakesComponent`1[[Unity.Physics.BoxCollider, Unity.Physics, Version=0.0.0.0, Culture=neutral, PublicKeyToken=null]]: f425b7fd66e06988f425b7fd66e06988 -> 
  custom:DOTSType/Unity.Entities.TransformAuthoring: d03322d6827741e8d03322d6827741e8 -> 
  custom:DOTSType/Zenject.ProjectKernel: efdc3d3e4e17fb07efdc3d3e4e17fb07 -> 
  custom:DOTSType/Tanks.TransmissionSettings: b0a3fa15cf2503fcb0a3fa15cf2503fc -> 
  custom:DOTSType/UnityEngine.ParticleSystemRenderer: 818ef389bd33d482818ef389bd33d482 -> 
  custom:DOTSType/Unity.Entities.BeginSimulationEntityCommandBufferSystem+Singleton: 5406e750b86f24a55406e750b86f24a5 -> 
  custom:DOTSType/Unity.Scenes.Editor.GlobalEntitiesDependencyInspector: 3df09afcbb66d7bb3df09afcbb66d7bb -> 
========================================================================
Received Prepare
Assembly reference Packages/com.unity.entities/Unity.Scenes.Editor/Internals/Properties/Unity.Properties.Internals.asmref has no target assembly definition
Assembly reference Packages/com.unity.entities/Unity.Scenes.Editor/Internals/Properties/Unity.Properties.Internals.asmref has no target assembly definition
Begin MonoManager ReloadAssembly
- Loaded All Assemblies, in  0.910 seconds
Refreshing native plugins compatible for Editor in 11.84 ms, found 5 plugins.
Native extension for WindowsStandalone target not found
Assembly reference Packages/com.unity.entities/Unity.Scenes.Editor/Internals/Properties/Unity.Properties.Internals.asmref has no target assembly definition
TypeManager.Initialize took: 240ms
Mono: successfully reloaded assembly
- Finished resetting the current domain, in  2.681 seconds
Domain Reload Profiling: 3587ms
	BeginReloadAssembly (278ms)
		ExecutionOrderSort (0ms)
		DisableScriptedObjects (8ms)
		BackupInstance (0ms)
		ReleaseScriptingObjects (0ms)
		CreateAndSetChildDomain (95ms)
	RebuildCommonClasses (57ms)
	RebuildNativeTypeToScriptingClass (21ms)
	initialDomainReloadingComplete (49ms)
	LoadAllAssembliesAndSetupDomain (501ms)
		LoadAssemblies (596ms)
		RebuildTransferFunctionScriptingTraits (0ms)
		AnalyzeDomain (37ms)
			TypeCache.Refresh (13ms)
				TypeCache.ScanAssembly (0ms)
			ScanForSourceGeneratedMonoScriptInfo (0ms)
			ResolveRequiredComponents (18ms)
	FinalizeReload (2681ms)
		ReleaseScriptCaches (0ms)
		RebuildScriptCaches (0ms)
		SetupLoadedEditorAssemblies (1767ms)
			LogAssemblyErrors (0ms)
			InitializePlatformSupportModulesInManaged (12ms)
			SetLoadedEditorAssemblies (12ms)
			RefreshPlugins (0ms)
			BeforeProcessingInitializeOnLoad (311ms)
			ProcessInitializeOnLoadAttributes (1111ms)
			ProcessInitializeOnLoadMethodAttributes (310ms)
			AfterProcessingInitializeOnLoad (10ms)
			EditorAssembliesLoaded (1ms)
		ExecutionOrderSort2 (0ms)
		AwakeInstancesAfterBackupRestoration (8ms)
Refreshing native plugins compatible for Editor in 10.19 ms, found 5 plugins.
Preloading 0 native plugins for Editor in 0.00 ms.
Unloading 6859 Unused Serialized files (Serialized files now loaded: 0)
Unloading 95 unused Assets / (123.5 KB). Loaded Objects now: 7346.
Memory consumption went from 221.0 MB to 220.9 MB.
Total: 8.076000 ms (FindLiveObjects: 0.732100 ms CreateObjectMapping: 0.406700 ms MarkObjects: 6.768100 ms  DeleteObjects: 0.167500 ms)

Unloading 0 Unused Serialized files (Serialized files now loaded: 0)
Unloading 0 unused Assets / (154.5 KB). Loaded Objects now: 7346.
Memory consumption went from 220.8 MB to 220.7 MB.
Total: 6.470200 ms (FindLiveObjects: 0.685400 ms CreateObjectMapping: 0.641700 ms MarkObjects: 5.026500 ms  DeleteObjects: 0.115600 ms)

Prepare: number of updated asset objects reloaded= 0
AssetImportParameters requested are different than current active one (requested -> active):
  custom:DOTSType/Zenject.MonoInstallerBase: 95f86c107dc723fe95f86c107dc723fe -> 
  custom:DOTSType/Unity.Entities.EntityGuid: 8e99211435a26d668e99211435a26d66 -> 
  custom:DOTSType/Tanks.TurretController: e7fde51fa66b4c5ee7fde51fa66b4c5e -> 
  custom:DOTSType/Unity.Entities.DefaultWorldInitializationProxy: 3bc53c9cad9070363bc53c9cad907036 -> 
  custom:container-demuxer-ogg: 62fdf1f143b41e24485cea50d1cbac27 -> 
  custom:DOTSType/Zenject.Internal.DefaultSceneContractConfig: a78f29ab0132239ca78f29ab0132239c -> 
  custom:DOTSType/Unity.Physics.EnsureUniqueColliderBlobTag: 3e3264c9c7497b3b3e3264c9c7497b3b -> 
  custom:DOTSType/Unity.Scenes.SceneEntityReference: 646ffd19b744bbdb646ffd19b744bbdb -> 
  custom:DOTSType/Unity.Entities.Hybrid.Baking.BakingOnlyEntityAuthoringBaker+BakingOnlyChildren: 9c3cc3aa8ff875949c3cc3aa8ff87594 -> 
  custom:DOTSType/Unity.Entities.EntityManager+IsolateCopiedEntities: 703c8c39c22b63af703c8c39c22b63af -> 
  custom:DOTSType/Unity.Entities.BeginVariableRateSimulationEntityCommandBufferSystem+Singleton: 40006e500ad5800440006e500ad58004 -> 
  custom:DOTSType/UnityEngine.LightProbeProxyVolume: cd06291433fcac4ccd06291433fcac4c -> 
  custom:EntityBinaryFileFormatVersion: b618570c169a919bbb95b4bd7e4084ba -> 
  custom:DOTSType/Unity.Physics.Authoring.DisplayGizmoColliderEdges+DrawWithGizmos: a6749ec75af14c28a6749ec75af14c28 -> 
  custom:DOTSType/Tanks.SkyRotation: 6a30c8e81d68dcd96a30c8e81d68dcd9 -> 
  custom:DOTSType/Unity.Entities.Editor.ComponentInfo: b6911f4bc3b03db5b6911f4bc3b03db5 -> 
  custom:DOTSType/Unity.Entities.BurstCompatibleComponentData: 1d232e8370167ced1d232e8370167ced -> 
  custom:DOTSType/Unity.Entities.RetainBlobAssetPtr: f51a437fde39ac82f51a437fde39ac82 -> 
  custom:DOTSType/Unity.Physics.Authoring.PhysicsStepAuthoring: 29ca86243fe93d3b29ca86243fe93d3b -> 
  custom:DOTSType/Unity.Entities.BakedEntity: 6cda7616df5335d16cda7616df5335d1 -> 
  custom:DOTSType/Unity.Transforms.Static: a08c19e85cdd5a49a08c19e85cdd5a49 -> 
  custom:DOTSType/Unity.Entities.Editor.InvalidEntityEditor: c09028623072dbb6c09028623072dbb6 -> 
  custom:DOTSType/UnityEngine.Collider: e796157eabb2316ee796157eabb2316e -> 
  custom:framework-win-MediaFoundation: 216162199b28c13a410421893ffa2e32 -> 
  custom:DOTSType/UnityEngine.Transform: 3954159e9eb625f23954159e9eb625f2 -> 
  custom:DOTSType/Unity.Physics.Authoring.PhysicsWorldIndexAuthoring: c35779b88bcbf0f5c35779b88bcbf0f5 -> 
  custom:DOTSType/Unity.Scenes.Editor.GameObjectSceneMetaDataImporter: 35c29e171f7f1b1235c29e171f7f1b12 -> 
  custom:DOTSType/Tanks.Wheel: 8000d516241cf2618000d516241cf261 -> 
  custom:DOTSType/Unity.Entities.Editor.EntitySelectionProxy: 640f096afb1dc192640f096afb1dc192 -> 
  custom:DOTSType/Tanks.Tests.TestInputController: da9d7109e7aa2efada9d7109e7aa2efa -> 
  custom:DOTSType/Unity.Entities.OmitLinkedEntityGroupFromPrefabInstance: d5447758848371b8d5447758848371b8 -> 
  custom:DOTSType/Unity.Entities.Editor.HierarchyWindow: 68a3d7f4e81dfa3968a3d7f4e81dfa39 -> 
  custom:DOTSType/Unity.Entities.CleanupEntity: 91c2e7742ff7a40291c2e7742ff7a402 -> 
  custom:DOTSType/Zenject.MonoKernel: ad622fbf2f55726ead622fbf2f55726e -> 
  custom:DOTSType/Zenject.DefaultGameObjectKernel: 4e750c357d05f8164e750c357d05f816 -> 
  custom:DOTSType/Zenject.GameObjectContextEditor: e47fe5c2e2a879a3e47fe5c2e2a879a3 -> 
  custom:DOTSType/Unity.Scenes.RequestSceneHeader: 539e2df9dd1c5383539e2df9dd1c5383 -> 
  custom:DOTSType/Unity.Entities.BakingOnlyEntity: 6d61bb30b0fe96a06d61bb30b0fe96a0 -> 
  custom:DOTSType/UnityEngine.ReflectionProbe: 74c5d94e403ee5bf74c5d94e403ee5bf -> 
  custom:DOTSType/Unity.Physics.Authoring.PhysicsWorldIndexBakingData: eb7993b47224fdb3eb7993b47224fdb3 -> 
  custom:DOTSType/Tanks.TankController: 5fe8cedbca51d9d55fe8cedbca51d9d5 -> 
  custom:DOTSType/Unity.Scenes.Editor.ClearEntitiesCacheWindow: ff5e4942d7943fe4ff5e4942d7943fe4 -> 
  custom:DOTSType/Unity.Entities.Serialization.DotsSerialization+TypeNamesNode: 481f56363f3115ba481f56363f3115ba -> 
  custom:DOTSType/Unity.Entities.Hybrid.Baking.BakingOnlyEntityAuthoring: b00feda2188a9371b00feda2188a9371 -> 
  custom:DOTSType/Unity.Scenes.ResolvedSectionPath: bf9e38f006f83cb7bf9e38f006f83cb7 -> 
  custom:DOTSType/Unity.Deformations.BlendShapeWeight: d26eabb95dfc9b4dd26eabb95dfc9b4d -> 
  custom:DOTSType/Unity.Scenes.ReferencedUnityObjects: b8073d4731436522b8073d4731436522 -> 
  custom:DOTSType/Unity.Physics.Authoring.PhysicsDebugDisplayAuthoring: 048169f5bbaf7cd0048169f5bbaf7cd0 -> 
  custom:DOTSType/Unity.Scenes.Editor.SubSceneInspector: 6e96e553cf64778e6e96e553cf64778e -> 
  custom:DOTSType/Unity.Physics.GraphicsIntegration.SmoothRigidBodiesGraphicalMotion+RigidBodySmoothingWorldIndex: 988440dd19a406ed988440dd19a406ed -> 
  custom:DOTSType/Unity.Physics.PhysicsConstrainedBodyPair: 37ca29e9e58c191137ca29e9e58c1911 -> 
  custom:DOTSType/Unity.Physics.ColliderBlobCleanupData: 18f3eb94199c5e3618f3eb94199c5e36 -> 
  custom:DOTSType/Unity.Physics.PhysicsDamping: 579a7188c5fb1464579a7188c5fb1464 -> 
  custom:container-muxer-webm: aa71ff27fc2769a1b78a27578f13a17b -> 
  custom:DOTSType/Unity.Entities.CompanionGameObjectUpdateTransformCleanup: 0a4e12c25aaf05e00a4e12c25aaf05e0 -> 
  custom:DOTSType/Tanks.Editor.TransmissionSettingsEditor: 5c05f270edf687155c05f270edf68715 -> 
  custom:DOTSType/Unity.Entities.EndSimulationEntityCommandBufferSystem+Singleton: 6cc3a7136f47def06cc3a7136f47def0 -> 
  custom:DOTSType/Unity.Physics.Authoring.PhysicsDebugDisplaySystem+DrawComponent: fbecd1af1d76e089fbecd1af1d76e089 -> 
  custom:video-decoder-webm-vp8: 9c59270c3fd7afecdb556c50c9e8de78 -> 
  custom:DOTSType/Zenject.GuiRenderer: 77a380f71106289e77a380f71106289e -> 
  custom:DOTSType/Zenject.AnimatorMoveHandlerManager: 48d7fbeaa25297da48d7fbeaa25297da -> 
  custom:DOTSType/UnityEngine.GameObject: aef60e3f2ae5ad9aaef60e3f2ae5ad9a -> 
  custom:SearchIndexIgnoredProperties: e643bd26f0fe6173181afceb89e7c659 -> 
  custom:DOTSAllSystemsVersion: ffb3322ebf2cc81fbcc35437f1236753 -> 
  custom:DOTSType/Unity.Physics.GraphicsIntegration.PhysicsGraphicalInterpolationBuffer: 7baea6e725f3208c7baea6e725f3208c -> 
  custom:AudioImporter_EditorPlatform: d09bf68614088b80899f8185d706f6e7 -> 
  custom:DOTSType/Tanks.Interface.CarnageSettings: 06a0f3af603600f206a0f3af603600f2 -> 
  custom:DOTSType/Zenject.ProjectContextEditor: f68c5f17562ef273f68c5f17562ef273 -> 
  custom:DOTSType/Unity.Entities.Serialization.DotsSerialization+FolderNode: 98c33d003d1b152b98c33d003d1b152b -> 
  custom:DOTSType/Unity.Entities.CompanionReference: 4de8f4179bbe96e74de8f4179bbe96e7 -> 
  custom:DOTSType/UnityEngine.VFX.VisualEffect: dc0e74262f371f63dc0e74262f371f63 -> 
  custom:DOTSType/Unity.Entities.Hybrid.Baking.AdditionalEntitiesBakingData: d81e35bf039925b8d81e35bf039925b8 -> 
  custom:DOTSType/UnityEngine.SpriteRenderer: 61a676ec163f72b161a676ec163f72b1 -> 
  custom:DOTSType/Unity.Entities.Editor.JournalingWrapperEditor: 7820ec03259d9ee57820ec03259d9ee5 -> 
  custom:DOTSType/Tanks.Tank.ProjectileTracker: 101b4b340f8400be101b4b340f8400be -> 
  custom:DOTSType/Unity.Deformations.SkinMatrix: 4b50a0962ac5e60d4b50a0962ac5e60d -> 
  custom:DOTSType/Unity.Scenes.WeakAssetReferenceLoadingData: 451a8b20bc4a35f6451a8b20bc4a35f6 -> 
  custom:DOTSType/Unity.Entities.BurstCompatibleSharedComponentData: 6239fcd2cd3b1c316239fcd2cd3b1c31 -> 
  custom:DOTSType/Unity.Physics.PhysicsCustomTags: 7d9dddf48b181c997d9dddf48b181c99 -> 
  custom:DOTSType/Zenject.SceneDecoratorContext: 47847979bf9052df47847979bf9052df -> 
  custom:DOTSType/Unity.Entities.Editor.ArchetypeWrapperEditor: fcd41c2e8cb6c202fcd41c2e8cb6c202 -> 
  custom:DOTSType/Unity.Physics.PhysicsGravityFactor: 8ab51309e4cdebcc8ab51309e4cdebcc -> 
  custom:DOTSType/Tanks.PlayerInputController: eeac7a82da062014eeac7a82da062014 -> 
  custom:DOTSType/Unity.Entities.SceneTag: 7a384971715860367a38497171586036 -> 
  custom:DOTSType/Unity.Physics.Systems.DummySimulationData: e73bf206ed8976b1e73bf206ed8976b1 -> 
  custom:DOTSType/Unity.Physics.CustomPhysicsProxyDriver: d8e4875a8f47327fd8e4875a8f47327f -> 
  custom:DOTSType/Unity.Entities.Editor.InvalidSelectionEditor: bb0f099005812d55bb0f099005812d55 -> 
  custom:DOTSType/Tanks.Interface.CarnageIndicator: 7a2a70789a91028f7a2a70789a91028f -> 
  custom:DOTSType/Unity.Physics.StepInputSingleton: f5a13022ab227cfff5a13022ab227cff -> 
  custom:DOTSType/Unity.Transforms.LocalToWorld: f07e17bb4e08548ef07e17bb4e08548e -> 
  custom:DOTSType/Unity.Entities.Prefab: 8cefcfc0e3366a618cefcfc0e3366a61 -> 
  custom:DOTSType/Unity.Transforms.PreviousParent: f7f96ed2f665f721f7f96ed2f665f721 -> 
  custom:DOTSType/Unity.Entities.EditorRenderData: 23031dfb0b685e0c23031dfb0b685e0c -> 
  custom:DOTSType/Tanks.TankGameInstaller: ab41efd1a1117644ab41efd1a1117644 -> 
  custom:DOTSType/Tanks.Tests.TestCarnageIndicator: c8904b0627773241c8904b0627773241 -> 
  custom:DOTSType/Unity.Entities.Editor.JournalEntry: fa64f1a8d5097849fa64f1a8d5097849 -> 
  custom:DOTSType/Unity.Scenes.GlobalEntitiesDependency: 272e3c9ba12b159e272e3c9ba12b159e -> 
  custom:audio-decoder-ogg-vorbis: bf7c407c2cedff20999df2af8eb42d56 -> 
  custom:ProjectSettings/EntitiesClientSettings.asset: 57fa4463d8597ee36c3803b5983b6213 -> 
  custom:DOTSType/Unity.Entities.RetainBlobAssets: e3007bd0d4f5ba8be3007bd0d4f5ba8b -> 
  custom:DOTSType/Tanks.TankAudioSystem: e0c4f60227f2a2a8e0c4f60227f2a2a8 -> 
  custom:DOTSType/Unity.Scenes.SceneSystemData: 358f9772a0e70c53358f9772a0e70c53 -> 
  custom:DOTSType/Zenject.SceneDecoratorContextEditor: ca86c2fb23338ef7ca86c2fb23338ef7 -> 
  custom:DOTSType/Unity.Physics.PhysicsWorldIndex: 44b485a5651ecbf844b485a5651ecbf8 -> 
  custom:DOTSType/Unity.Entities.EndInitializationEntityCommandBufferSystem+Singleton: 75800829e25c245f75800829e25c245f -> 
  custom:DOTSType/Unity.Entities.Build.EntitiesClientSettings: 379ca95f1f31bbbc379ca95f1f31bbbc -> 
  custom:DOTSType/Zenject.ProjectContext: 73c2192ee2a3347973c2192ee2a33479 -> 
  custom:DOTSType/Zenject.RunnableContextEditor: 761811f71f3da7bc761811f71f3da7bc -> 
  custom:DOTSType/UnityEngine.AudioSource: aed3a424fdd48d59aed3a424fdd48d59 -> 
  custom:DOTSType/Unity.Scenes.RequestEntityPrefabLoaded: fc4092a08e154a96fc4092a08e154a96 -> 
  custom:DOTSType/Unity.Entities.SystemInstance: bb0dfff8e9a48357bb0dfff8e9a48357 -> 
  custom:DOTSType/Unity.Entities.RemoveUnusedEntityInBake: 0973223cb916c16b0973223cb916c16b -> 
  custom:DOTSType/Unity.Entities.EndVariableRateSimulationEntityCommandBufferSystem+Singleton: 78d2450a82ebc20778d2450a82ebc207 -> 
  custom:DOTSType/Unity.Physics.DummyColliderFakesComponent`1[[Unity.Physics.CylinderCollider, Unity.Physics, Version=0.0.0.0, Culture=neutral, PublicKeyToken=null]]: 2d82e9daa82955bf2d82e9daa82955bf -> 
  custom:audio-encoder-webm-vorbis: bf7c407c2cedff20999df2af8eb42d56 -> 
  custom:DOTSType/Unity.Entities.BeginFixedStepSimulationEntityCommandBufferSystem+Singleton: 5857035820ee1e635857035820ee1e63 -> 
  custom:DOTSType/Unity.Physics.PhysicsJointCompanion: 655fde98af64ce94655fde98af64ce94 -> 
  custom:DOTSType/Unity.Scenes.WeakAssetPrefabLoadRequest: b6d72391c4d3d049b6d72391c4d3d049 -> 
  custom:DOTSType/Tanks.Legacy.LegacyTransmissionSettings: 84b2093787e9240c84b2093787e9240c -> 
  custom:DOTSType/Tanks.Legacy.Editor.LegacyTransmissionSettingsEditor: f063a9f322024a22f063a9f322024a22 -> 
  custom:DOTSType/Zenject.ScriptableObjectInstallerBase: 564d9b68561bb94d564d9b68561bb94d -> 
  custom:DOTSType/Unity.Physics.Editor.CustomPhysicsBodyTagNamesEditor: 5e056a649e13a00c5e056a649e13a00c -> 
  custom:DOTSType/Unity.Physics.PhysicsWorldSingleton: 90bad7c95a54d00590bad7c95a54d005 -> 
  custom:DOTSType/Unity.Entities.BurstCompatibleBufferElement: 9256282cac425e579256282cac425e57 -> 
  custom:DOTSType/Unity.Entities.CompanionLink: 4813070be25c6d6a4813070be25c6d6a -> 
  custom:DOTSType/Unity.Physics.DummyColliderFakesComponent`1[[Unity.Physics.PolygonCollider, Unity.Physics, Version=0.0.0.0, Culture=neutral, PublicKeyToken=null]]: 3f38e3dc511d48d23f38e3dc511d48d2 -> 
  custom:SceneMetaDataFileFormatVersion: 18e216f4893c3ae43d5b4b3a88de92ca -> 
  custom:DOTSType/Unity.Entities.Editor.SystemScheduleWindow: dfecb8af58c97f0adfecb8af58c97f0a -> 
  custom:DOTSType/Unity.Physics.PhysicsColliderKeyEntityPair: e3185876db01deade3185876db01dead -> 
  custom:DOTSType/Zenject.ContextEditor: 0791a612a42c17bc0791a612a42c17bc -> 
  custom:DOTSType/Zenject.AnimatorIkHandlerManager: 6bf1f62125213c446bf1f62125213c44 -> 
  custom:DOTSType/Unity.Transforms.LocalTransform: d07f194ee4791f00d07f194ee4791f00 -> 
  custom:DOTSType/Unity.Physics.PhysicsJoint: e49afdd9ec82159fe49afdd9ec82159f -> 
  custom:DOTSType/Unity.Scenes.PrefabAssetReference: 924b87ecab3719ce924b87ecab3719ce -> 
  custom:DOTSType/UnityEngine.Rigidbody: 90d4f52b90e97d3190d4f52b90e97d31 -> 
  custom:DOTSType/Unity.Transforms.PostTransformMatrix: d5b773053bc4fc92d5b773053bc4fc92 -> 
  custom:DOTSType/Unity.Entities.WorldTime: efd6631e6d47e1c0efd6631e6d47e1c0 -> 
  custom:DOTSType/Unity.Entities.Editor.ComponentsWindow: f3a47022486a5e37f3a47022486a5e37 -> 
  custom:DOTSType/Unity.Entities.Editor.JournalManager: bd6303929aef5048bd6303929aef5048 -> 
  custom:DOTSType/Zenject.SceneKernel: 14c92f57ead5fa5a14c92f57ead5fa5a -> 
  custom:DOTSType/Unity.Scenes.Editor.SubSceneImporter: fbc2a6bb48307f94fbc2a6bb48307f94 -> 
  custom:DOTSType/UnityEngine.Light: 47f771faf20222f647f771faf20222f6 -> 
  custom:DOTSType/Unity.Entities.EndFixedStepSimulationEntityCommandBufferSystem+Singleton: 903138f233c08b6f903138f233c08b6f -> 
  custom:DOTSType/Unity.Entities.Hybrid.Baking.LinkedEntityGroupAuthoring: 463b7158f57f2778463b7158f57f2778 -> 
  custom:DOTSType/Unity.Entities.BeginInitializationEntityCommandBufferSystem+Singleton: 1dafdf6276a3f02d1dafdf6276a3f02d -> 
  custom:DOTSType/Unity.Physics.SimulationSingleton: 2c12c15cc1aaefd42c12c15cc1aaefd4 -> 
  custom:DOTSType/Unity.Transforms.Child: 5a0b111d3c5ef1ef5a0b111d3c5ef1ef -> 
  custom:DOTSType/Unity.Entities.Editor.ComponentWrapperEditor: 8a0108ac83962ca58a0108ac83962ca5 -> 
  custom:video-codec-MediaFoundation-h265: 746d11721c4dcdbdad8f713fa42b33f4 -> 
  custom:DOTSType/Unity.Entities.SceneSectionData: eeed08dab67953cbeeed08dab67953cb -> 
  custom:DOTSType/Tanks.EffectPool: b07fd26d384c1aadb07fd26d384c1aad -> 
  custom:DOTSType/Zenject.Context: 7a9b164638a7c5fb7a9b164638a7c5fb -> 
  custom:DOTSType/Unity.Entities.Editor.EntitiesJournalingWindow: fb6228252c0089dcfb6228252c0089dc -> 
  custom:video-decoder-ogg-theora: a1e56fd34408186e4bbccfd4996cb3dc -> 
  custom:DOTSType/Unity.Scenes.ResolvedSceneHash: 10c2d6fb478167a310c2d6fb478167a3 -> 
  custom:DOTSType/Unity.Scenes.SceneSectionStreamingData: 01ac29b86b18dacf01ac29b86b18dacf -> 
  custom:DOTSType/Zenject.ZenjectStateMachineBehaviourAutoInjecter: bc2fa2415d8a8ef6bc2fa2415d8a8ef6 -> 
  custom:DOTSType/Unity.Entities.AdditionalEntityParent: a24d1678b03f0479a24d1678b03f0479 -> 
  custom:DOTSType/Unity.Entities.Simulate: e0c92315ec24632de0c92315ec24632d -> 
  custom:DOTSType/Unity.Physics.PhysicsVelocity: eae7719776411411eae7719776411411 -> 
  custom:DOTSType/Unity.Entities.Editor.SystemWrapperEditor: 8c892c6354f3a3138c892c6354f3a313 -> 
  custom:DOTSType/Unity.Entities.RetainBlobAssetBatchPtr: 14017b765908ee1d14017b765908ee1d -> 
  custom:DOTSType/Zenject.ZenjectBinding: 0569f6cfa9645a6e0569f6cfa9645a6e -> 
  custom:DOTSType/Tanks.Tests.TestCarnageIndicator+TestCarnageIndicatorEditor: a518ed1603ea4192a518ed1603ea4192 -> 
  custom:DOTSType/Unity.Physics.Authoring.CustomPhysicsProxyAuthoring: 90a4b67ea7c61e0c90a4b67ea7c61e0c -> 
  custom:DOTSType/Unity.Physics.Authoring.PhysicsMeshAuthoringData: 07c891dbd84b5d1c07c891dbd84b5d1c -> 
  custom:DOTSType/Unity.Scenes.LiveConversionPatcher+LiveConvertedSceneCleanup: 97dadd0f05dbc86997dadd0f05dbc869 -> 
  custom:DOTSType/UnityEngine.MeshCollider: 745c145fdcf1939e745c145fdcf1939e -> 
  custom:DOTSType/Unity.Physics.Authoring.ForceUniqueColliderAuthoring: 34be871ed7a74d6234be871ed7a74d62 -> 
  custom:DOTSType/Zenject.GameObjectContext: 694c79f9ded4c948694c79f9ded4c948 -> 
  custom:DOTSType/Unity.Physics.DummyColliderFakesComponent`1[[Unity.Physics.CapsuleCollider, Unity.Physics, Version=0.0.0.0, Culture=neutral, PublicKeyToken=null]]: 840aede77f375b4f840aede77f375b4f -> 
  custom:DOTSType/Unity.Physics.Authoring.StaticOptimizePhysicsBaking: f3a03d29cca9ceabf3a03d29cca9ceab -> 
  custom:DOTSType/Unity.Scenes.DisableLiveConversion: 543070e84ec00e2c543070e84ec00e2c -> 
  custom:DOTSType/Unity.Physics.Authoring.PhysicsCompoundData: 41f933035064165d41f933035064165d -> 
  custom:DOTSType/Tanks.AudioPool: 65d2a3a778887e6e65d2a3a778887e6e -> 
  custom:DOTSType/Unity.Physics.DummyColliderFakesComponent`1[[Unity.Physics.SphereCollider, Unity.Physics, Version=0.0.0.0, Culture=neutral, PublicKeyToken=null]]: 4818ec4955a46c414818ec4955a46c41 -> 
  custom:DOTSType/Unity.Transforms.Parent: 00b45826652a5ec600b45826652a5ec6 -> 
  custom:DOTSType/Unity.Physics.PhysicsCollider: 00548c0f8c0147a000548c0f8c0147a0 -> 
  custom:DOTSType/Unity.Physics.Authoring.PhysicsRootBaked: a150145af5348f6da150145af5348f6d -> 
  custom:DOTSType/Unity.Scenes.ResolveSceneReferenceSystem+AssetDependencyTrackerState: b2d132c8f66d836db2d132c8f66d836d -> 
  custom:DOTSType/Unity.Entities.CompanionLinkTransform: e392322015c13880e392322015c13880 -> 
  custom:DOTSType/Unity.Entities.Serialization.DotsSerialization+RevisionedRawDataNode: 7e711ae70d27259d7e711ae70d27259d -> 
  custom:CustomObjectIndexerAttribute: 9a22284fe3817be447336de3de66b15e -> 
  custom:DOTSType/Tanks.Projectile: 620e548336351b1d620e548336351b1d -> 
  custom:DOTSType/Unity.Physics.GraphicsIntegration.MostRecentFixedTime: 6c4396236e6646a76c4396236e6646a7 -> 
  custom:DOTSType/UnityEngine.ParticleSystem: 28fa60303afd747328fa60303afd7473 -> 
  custom:DOTSType/Unity.Physics.DummyColliderFakesComponent`1[[Unity.Physics.ConvexCollider, Unity.Physics, Version=0.0.0.0, Culture=neutral, PublicKeyToken=null]]: d00615a7bde8681ed00615a7bde8681e -> 
  custom:DOTSType/Unity.Physics.DummyColliderFakesComponent`1[[Unity.Physics.MeshCollider, Unity.Physics, Version=0.0.0.0, Culture=neutral, PublicKeyToken=null]]: 52b224b25d7c5a2552b224b25d7c5a25 -> 
  custom:container-demuxer-webm: 4f35f7cbe854078d1ac9338744f61a02 -> 
  custom:DOTSType/Unity.Entities.PrefabRoot: ea04b60a31090316ea04b60a31090316 -> 
  custom:DOTSType/Unity.Entities.RequestSceneLoaded: 62c081c918aff6ee62c081c918aff6ee -> 
  custom:DOTSType/Unity.Entities.BeginPresentationEntityCommandBufferSystem+Singleton: cbef056a920a5eadcbef056a920a5ead -> 
  custom:DOTSType/Unity.Entities.ChunkHeader: 490bb3205bb29fe6490bb3205bb29fe6 -> 
  custom:DOTSType/Unity.Scenes.IsSectionLoaded: 2e3c12f14f7600232e3c12f14f760023 -> 
  custom:DOTSType/Unity.Entities.Editor.SystemInfo: e869e7d857e70a99e869e7d857e70a99 -> 
  custom:DOTSType/Zenject.MonoInstaller: d4f508a97531178fd4f508a97531178f -> 
  custom:DOTSType/Unity.Entities.WorldTimeQueue: 48ce29752c66702348ce29752c667023 -> 
  custom:DOTSType/Unity.Entities.StaticOptimizeEntity: 346cca765bf51c72346cca765bf51c72 -> 
  custom:DOTSType/Unity.Entities.SectionMetadataSetup: 75ea136fdb0e54ba75ea136fdb0e54ba -> 
  custom:DOTSType/Tanks.ProjectilePool: ae6caa17fe3924ceae6caa17fe3924ce -> 
  custom:DOTSType/Unity.Scenes.SceneSectionReferencedUnityObjects: 2797689ad57679a22797689ad57679a2 -> 
  custom:DOTSType/Unity.Physics.Editor.PhysicsStepAuthoringEditor: b0470546a7982481b0470546a7982481 -> 
  custom:DOTSType/Unity.Physics.GraphicsIntegration.PhysicsRenderEntity: 17b73fa380da9cf517b73fa380da9cf5 -> 
  custom:DOTSType/Unity.Entities.Hybrid.Baking.LinkedEntityGroupBakingData: cd33507256493e18cd33507256493e18 -> 
  custom:DOTSType/UnityEngine.LODGroup: 15ad22bb5260348e15ad22bb5260348e -> 
  custom:DOTSType/Tanks.BaseInputController: 7c3584087687be277c3584087687be27 -> 
  custom:DOTSType/Unity.Entities.Editor.HierarchySelectionContext: eb8c02bbb8571091eb8c02bbb8571091 -> 
  custom:DOTSType/Unity.Physics.DummyColliderFakesComponent`1[[Unity.Physics.CompoundCollider, Unity.Physics, Version=0.0.0.0, Culture=neutral, PublicKeyToken=null]]: f0b0c805df9aab48f0b0c805df9aab48 -> 
  custom:DOTSType/Unity.Physics.Authoring.PhysicsColliderAuthoringData: 237ab57c84eb023d237ab57c84eb023d -> 
  custom:DOTSType/Unity.Entities.Entity: 295b0c964d12026f295b0c964d12026f -> 
  custom:DOTSType/Unity.Physics.DummyColliderFakesComponent`1[[Unity.Physics.TerrainCollider, Unity.Physics, Version=0.0.0.0, Culture=neutral, PublicKeyToken=null]]: 76d2966f42dff4df76d2966f42dff4df -> 
  custom:DOTSType/Unity.Scenes.PublicEntityRef: b380cfe1712d4500b380cfe1712d4500 -> 
  custom:DOTSType/Unity.Entities.Asset: 5205195e4c6bea1c5205195e4c6bea1c -> 
  custom:DOTSType/Unity.Physics.GraphicsIntegration.PhysicsGraphicalSmoothing: 1a649a11034ac6061a649a11034ac606 -> 
  custom:DOTSType/Unity.Physics.Systems.PhysicsAnalyticsSingleton: 261d1a0e3f762c88261d1a0e3f762c88 -> 
  custom:DOTSType/Unity.Physics.PhysicsTemporalCoherenceInfo: dd862a3ef5746267dd862a3ef5746267 -> 
  custom:DOTSType/Tanks.EffectPoolContainer: bf19857e7a596a2bbf19857e7a596a2b -> 
  custom:DOTSType/Unity.Physics.PhysicsStep: 4ca665c06bcf89ca4ca665c06bcf89ca -> 
  custom:DOTSType/UnityEngine.TextMesh: 6784c791d05273aa6784c791d05273aa -> 
  custom:DOTSType/Unity.Entities.CompanionGameObjectActiveCleanup: 4ff09409f1cce51f4ff09409f1cce51f -> 
  custom:DOTSType/Tanks.ReloadIndicator: 83d1d641d15e1d5483d1d641d15e1d54 -> 
  custom:DOTSType/Zenject.RunnableContext: f37beb99d06e39fbf37beb99d06e39fb -> 
  custom:DOTSType/Unity.Physics.Authoring.PhysicsDebugDisplayData: 0cdccf70b9e5e20d0cdccf70b9e5e20d -> 
  custom:DOTSType/Unity.Scenes.AssetObjectManifest: 84d682f40d46c88184d682f40d46c881 -> 
  custom:DOTSType/Unity.Entities.PostLoadCommandBuffer: d658541e4a41540dd658541e4a41540d -> 
  custom:DOTSType/Unity.Entities.Editor.ArchetypeInfo: b8b1bbcc600f6437b8b1bbcc600f6437 -> 
  custom:DOTSType/Tanks.Interface.Speedometer: 158cdf1f7f3d0d9c158cdf1f7f3d0d9c -> 
  custom:DOTSType/Tanks.BattleRam: 87a27f4ae62d951387a27f4ae62d9513 -> 
  custom:DOTSType/UnityEngine.BoxCollider: 8e5b85c4fec088d48e5b85c4fec088d4 -> 
  custom:DOTSType/Unity.Entities.Serialization.ExternalEntityReference: 415f45c8b00c90a4415f45c8b00c90a4 -> 
  custom:DOTSType/Unity.Entities.SceneSectionComponent: 22f65411cbba718222f65411cbba7182 -> 
  custom:DOTSType/Unity.Scenes.PrefabLoadResult: 71615367c37f030371615367c37f0303 -> 
  custom:DOTSType/Unity.Scenes.SceneSectionStreamingSystem+StreamingState: 7014161ec3350ad07014161ec3350ad0 -> 
  custom:DOTSType/Unity.Entities.Editor.UnsupportedEntityEditor: f4c4238e5d78020af4c4238e5d78020a -> 
  custom:DOTSType/Unity.Scenes.ResolvedSectionEntity: e83509e6ef73df7ae83509e6ef73df7a -> 
  custom:DOTSType/Unity.Scenes.DisableSceneResolveAndLoad: 41c98fa73f31b21a41c98fa73f31b21a -> 
  custom:DOTSType/Unity.Entities.LinkedEntityGroup: c1b61ecd5260e852c1b61ecd5260e852 -> 
  custom:DOTSType/Unity.Physics.Authoring.RigidbodyBakingData: 66caf1f3818b52fc66caf1f3818b52fc -> 
  custom:DOTSType/Zenject.ScriptableObjectInstaller: 47201fb43b11147d47201fb43b11147d -> 
  custom:DOTSType/Unity.Physics.Authoring.DetailedStaticMeshCollisionAuthoring: 35a7576e30820a5e35a7576e30820a5e -> 
  custom:DOTSType/Unity.Entities.Editor.UnsupportedGameObjectEditor: 5cff923fd1c387e15cff923fd1c387e1 -> 
  custom:DOTSType/Tanks.CinemachineInputCustomProvider: 53bf68681542a65453bf68681542a654 -> 
  custom:DOTSType/Zenject.SceneContext: 30c70a59093b925c30c70a59093b925c -> 
  custom:DOTSType/UnityEngine.MeshRenderer: 77aa4cb33b84a90377aa4cb33b84a903 -> 
  custom:DOTSType/Unity.Physics.Authoring.BakeStaticRoot: ac81d98288eb78feac81d98288eb78fe -> 
  custom:DOTSType/Unity.Entities.Serialization.DotsSerialization+StringTableNode: db9aacf636d95b56db9aacf636d95b56 -> 
  custom:DOTSType/Zenject.SceneContextEditor: f5ac3d9288ab62bbf5ac3d9288ab62bb -> 
  custom:DOTSType/Unity.Entities.Disabled: ea10d702b0a42592ea10d702b0a42592 -> 
  custom:DOTSType/Unity.Entities.Editor.EntityEditor: 4502e3ccdb7ac0e04502e3ccdb7ac0e0 -> 
  custom:DOTSType/Unity.Physics.Systems.BroadphaseData: cf796e61bbb1c05fcf796e61bbb1c05f -> 
  custom:DOTSType/Unity.Entities.Editor.ArchetypesWindow: bde482c89698b5c7bde482c89698b5c7 -> 
  custom:DOTSType/Unity.Physics.PhysicsMass: dd66b9b7945f3ac7dd66b9b7945f3ac7 -> 
  custom:DOTSType/Unity.Physics.Systems.BuildPhysicsWorldData: 403d401e5c7292c3403d401e5c7292c3 -> 
  custom:DOTSType/Unity.Scenes.SceneBoundingVolume: 3407604aa951263f3407604aa951263f -> 
  custom:video-encoder-webm-vp8: eb34c28f22e8b96e1ab97ce403110664 -> 
  custom:DOTSType/Unity.Physics.Authoring.PhysicsColliderBakedData: 4b51dd6d702fa42d4b51dd6d702fa42d -> 
  custom:DOTSType/UnityEngine.SphereCollider: 82c25a73f4a3118382c25a73f4a31183 -> 
  custom:DOTSType/Unity.Scenes.SubScene: ac4196b7e94e44ecac4196b7e94e44ec -> 
  custom:DOTSType/Unity.Physics.DummyColliderFakesComponent`1[[Unity.Physics.Collider, Unity.Physics, Version=0.0.0.0, Culture=neutral, PublicKeyToken=null]]: 9b1dfcaf09a3b4529b1dfcaf09a3b452 -> 
  custom:DOTSType/Unity.Entities.Editor.HierarchyEntityChangeTracker+UnusedTag: e99f3a5fcb8d8012e99f3a5fcb8d8012 -> 
  custom:DOTSType/Unity.Physics.PhysicsMassOverride: 6fcef11ae9d1bc306fcef11ae9d1bc30 -> 
  custom:DOTSType/Unity.Entities.BlobAssetOwner: c83c63163f833390c83c63163f833390 -> 
  custom:DOTSType/Zenject.CheatSheet+Foo: 818256864703f221818256864703f221 -> 
  custom:DOTSType/Unity.Physics.Authoring.CustomPhysicsBodyTagNames: cf633e3d702fe67dcf633e3d702fe67d -> 
  custom:DOTSType/UnityEngine.CapsuleCollider: be84ea475def5c96be84ea475def5c96 -> 
  custom:DOTSType/Unity.Physics.PhysicsTemporalCoherenceTag: 078e815b3514dfd3078e815b3514dfd3 -> 
  custom:DOTSType/Unity.Entities.Editor.JournalManagerWrapperEditor: cb69e60b3422ccebcb69e60b3422cceb -> 
  custom:DOTSType/Unity.Entities.SceneReference: 93a995b4b28fc25393a995b4b28fc253 -> 
  custom:DOTSType/Unity.Entities.Editor.UnsupportedPrefabEntityEditor: 42b92ebb8c8886cf42b92ebb8c8886cf -> 
  custom:DOTSType/Unity.Entities.Serialization.DotsSerialization+NodeHeader: 2a912a6fdedc77ae2a912a6fdedc77ae -> 
  custom:DOTSType/Zenject.ZenAutoInjecter: 778eb5667a6355bc778eb5667a6355bc -> 
  custom:DOTSType/Unity.Entities.SceneSection: bdba69731fc8f3e7bdba69731fc8f3e7 -> 
  custom:DOTSType/Tanks.Patrol: af24d179ee3e03f0af24d179ee3e03f0 -> 
  custom:DOTSType/Unity.Physics.DummyColliderFakesComponent`1[[Unity.Physics.BoxCollider, Unity.Physics, Version=0.0.0.0, Culture=neutral, PublicKeyToken=null]]: f425b7fd66e06988f425b7fd66e06988 -> 
  custom:DOTSType/Unity.Entities.TransformAuthoring: d03322d6827741e8d03322d6827741e8 -> 
  custom:DOTSType/Zenject.ProjectKernel: efdc3d3e4e17fb07efdc3d3e4e17fb07 -> 
  custom:DOTSType/Tanks.TransmissionSettings: b0a3fa15cf2503fcb0a3fa15cf2503fc -> 
  custom:DOTSType/UnityEngine.ParticleSystemRenderer: 818ef389bd33d482818ef389bd33d482 -> 
  custom:DOTSType/Unity.Entities.BeginSimulationEntityCommandBufferSystem+Singleton: 5406e750b86f24a55406e750b86f24a5 -> 
  custom:DOTSType/Unity.Scenes.Editor.GlobalEntitiesDependencyInspector: 3df09afcbb66d7bb3df09afcbb66d7bb -> 
========================================================================
Received Prepare
Assembly reference Packages/com.unity.entities/Unity.Scenes.Editor/Internals/Properties/Unity.Properties.Internals.asmref has no target assembly definition
Assembly reference Packages/com.unity.entities/Unity.Scenes.Editor/Internals/Properties/Unity.Properties.Internals.asmref has no target assembly definition
Begin MonoManager ReloadAssembly
- Loaded All Assemblies, in  0.935 seconds
Refreshing native plugins compatible for Editor in 13.34 ms, found 5 plugins.
Native extension for WindowsStandalone target not found
Assembly reference Packages/com.unity.entities/Unity.Scenes.Editor/Internals/Properties/Unity.Properties.Internals.asmref has no target assembly definition
TypeManager.Initialize took: 340ms
Mono: successfully reloaded assembly
- Finished resetting the current domain, in  3.223 seconds
Domain Reload Profiling: 4155ms
	BeginReloadAssembly (263ms)
		ExecutionOrderSort (0ms)
		DisableScriptedObjects (8ms)
		BackupInstance (0ms)
		ReleaseScriptingObjects (0ms)
		CreateAndSetChildDomain (94ms)
	RebuildCommonClasses (51ms)
	RebuildNativeTypeToScriptingClass (16ms)
	initialDomainReloadingComplete (52ms)
	LoadAllAssembliesAndSetupDomain (549ms)
		LoadAssemblies (641ms)
		RebuildTransferFunctionScriptingTraits (0ms)
		AnalyzeDomain (29ms)
			TypeCache.Refresh (11ms)
				TypeCache.ScanAssembly (0ms)
			ScanForSourceGeneratedMonoScriptInfo (0ms)
			ResolveRequiredComponents (15ms)
	FinalizeReload (3224ms)
		ReleaseScriptCaches (0ms)
		RebuildScriptCaches (0ms)
		SetupLoadedEditorAssemblies (2141ms)
			LogAssemblyErrors (0ms)
			InitializePlatformSupportModulesInManaged (13ms)
			SetLoadedEditorAssemblies (13ms)
			RefreshPlugins (0ms)
			BeforeProcessingInitializeOnLoad (289ms)
			ProcessInitializeOnLoadAttributes (1379ms)
			ProcessInitializeOnLoadMethodAttributes (436ms)
			AfterProcessingInitializeOnLoad (10ms)
			EditorAssembliesLoaded (1ms)
		ExecutionOrderSort2 (0ms)
		AwakeInstancesAfterBackupRestoration (10ms)
Refreshing native plugins compatible for Editor in 10.13 ms, found 5 plugins.
Preloading 0 native plugins for Editor in 0.00 ms.
Unloading 6859 Unused Serialized files (Serialized files now loaded: 0)
Unloading 95 unused Assets / (123.6 KB). Loaded Objects now: 7347.
Memory consumption went from 221.0 MB to 220.9 MB.
Total: 6.322300 ms (FindLiveObjects: 0.747300 ms CreateObjectMapping: 0.500700 ms MarkObjects: 4.907900 ms  DeleteObjects: 0.165100 ms)

Unloading 0 Unused Serialized files (Serialized files now loaded: 0)
Unloading 0 unused Assets / (145.5 KB). Loaded Objects now: 7347.
Memory consumption went from 220.8 MB to 220.7 MB.
Total: 6.581300 ms (FindLiveObjects: 0.772800 ms CreateObjectMapping: 0.722700 ms MarkObjects: 4.987200 ms  DeleteObjects: 0.097200 ms)

Prepare: number of updated asset objects reloaded= 0
AssetImportParameters requested are different than current active one (requested -> active):
  custom:DOTSType/Zenject.MonoInstallerBase: 95f86c107dc723fe95f86c107dc723fe -> 
  custom:DOTSType/Unity.Entities.EntityGuid: 8e99211435a26d668e99211435a26d66 -> 
  custom:DOTSType/Tanks.TurretController: e7fde51fa66b4c5ee7fde51fa66b4c5e -> 
  custom:DOTSType/Unity.Entities.DefaultWorldInitializationProxy: 3bc53c9cad9070363bc53c9cad907036 -> 
  custom:container-demuxer-ogg: 62fdf1f143b41e24485cea50d1cbac27 -> 
  custom:DOTSType/Zenject.Internal.DefaultSceneContractConfig: a78f29ab0132239ca78f29ab0132239c -> 
  custom:DOTSType/Unity.Physics.EnsureUniqueColliderBlobTag: 3e3264c9c7497b3b3e3264c9c7497b3b -> 
  custom:DOTSType/Unity.Scenes.SceneEntityReference: 646ffd19b744bbdb646ffd19b744bbdb -> 
  custom:DOTSType/Unity.Entities.Hybrid.Baking.BakingOnlyEntityAuthoringBaker+BakingOnlyChildren: 9c3cc3aa8ff875949c3cc3aa8ff87594 -> 
  custom:DOTSType/Unity.Entities.EntityManager+IsolateCopiedEntities: 703c8c39c22b63af703c8c39c22b63af -> 
  custom:DOTSType/Unity.Entities.BeginVariableRateSimulationEntityCommandBufferSystem+Singleton: 40006e500ad5800440006e500ad58004 -> 
  custom:DOTSType/UnityEngine.LightProbeProxyVolume: cd06291433fcac4ccd06291433fcac4c -> 
  custom:EntityBinaryFileFormatVersion: b618570c169a919bbb95b4bd7e4084ba -> 
  custom:DOTSType/Unity.Physics.Authoring.DisplayGizmoColliderEdges+DrawWithGizmos: a6749ec75af14c28a6749ec75af14c28 -> 
  custom:DOTSType/Tanks.SkyRotation: 6a30c8e81d68dcd96a30c8e81d68dcd9 -> 
  custom:DOTSType/Unity.Entities.Editor.ComponentInfo: b6911f4bc3b03db5b6911f4bc3b03db5 -> 
  custom:DOTSType/Unity.Entities.BurstCompatibleComponentData: 1d232e8370167ced1d232e8370167ced -> 
  custom:DOTSType/Unity.Entities.RetainBlobAssetPtr: f51a437fde39ac82f51a437fde39ac82 -> 
  custom:DOTSType/Unity.Physics.Authoring.PhysicsStepAuthoring: 29ca86243fe93d3b29ca86243fe93d3b -> 
  custom:DOTSType/Unity.Entities.BakedEntity: 6cda7616df5335d16cda7616df5335d1 -> 
  custom:DOTSType/Unity.Transforms.Static: a08c19e85cdd5a49a08c19e85cdd5a49 -> 
  custom:DOTSType/Unity.Entities.Editor.InvalidEntityEditor: c09028623072dbb6c09028623072dbb6 -> 
  custom:DOTSType/UnityEngine.Collider: e796157eabb2316ee796157eabb2316e -> 
  custom:framework-win-MediaFoundation: 216162199b28c13a410421893ffa2e32 -> 
  custom:DOTSType/UnityEngine.Transform: 3954159e9eb625f23954159e9eb625f2 -> 
  custom:DOTSType/Unity.Physics.Authoring.PhysicsWorldIndexAuthoring: c35779b88bcbf0f5c35779b88bcbf0f5 -> 
  custom:DOTSType/Unity.Scenes.Editor.GameObjectSceneMetaDataImporter: 35c29e171f7f1b1235c29e171f7f1b12 -> 
  custom:DOTSType/Tanks.Wheel: 8000d516241cf2618000d516241cf261 -> 
  custom:DOTSType/Unity.Entities.Editor.EntitySelectionProxy: 640f096afb1dc192640f096afb1dc192 -> 
  custom:DOTSType/Tanks.Tests.TestInputController: da9d7109e7aa2efada9d7109e7aa2efa -> 
  custom:DOTSType/Unity.Entities.OmitLinkedEntityGroupFromPrefabInstance: d5447758848371b8d5447758848371b8 -> 
  custom:DOTSType/Unity.Entities.Editor.HierarchyWindow: 68a3d7f4e81dfa3968a3d7f4e81dfa39 -> 
  custom:DOTSType/Unity.Entities.CleanupEntity: 91c2e7742ff7a40291c2e7742ff7a402 -> 
  custom:DOTSType/Zenject.MonoKernel: ad622fbf2f55726ead622fbf2f55726e -> 
  custom:DOTSType/Zenject.DefaultGameObjectKernel: 4e750c357d05f8164e750c357d05f816 -> 
  custom:DOTSType/Zenject.GameObjectContextEditor: e47fe5c2e2a879a3e47fe5c2e2a879a3 -> 
  custom:DOTSType/Unity.Scenes.RequestSceneHeader: 539e2df9dd1c5383539e2df9dd1c5383 -> 
  custom:DOTSType/Unity.Entities.BakingOnlyEntity: 6d61bb30b0fe96a06d61bb30b0fe96a0 -> 
  custom:DOTSType/UnityEngine.ReflectionProbe: 74c5d94e403ee5bf74c5d94e403ee5bf -> 
  custom:DOTSType/Unity.Physics.Authoring.PhysicsWorldIndexBakingData: eb7993b47224fdb3eb7993b47224fdb3 -> 
  custom:DOTSType/Tanks.TankController: 5fe8cedbca51d9d55fe8cedbca51d9d5 -> 
  custom:DOTSType/Unity.Scenes.Editor.ClearEntitiesCacheWindow: ff5e4942d7943fe4ff5e4942d7943fe4 -> 
  custom:DOTSType/Unity.Entities.Serialization.DotsSerialization+TypeNamesNode: 481f56363f3115ba481f56363f3115ba -> 
  custom:DOTSType/Unity.Entities.Hybrid.Baking.BakingOnlyEntityAuthoring: b00feda2188a9371b00feda2188a9371 -> 
  custom:DOTSType/Unity.Scenes.ResolvedSectionPath: bf9e38f006f83cb7bf9e38f006f83cb7 -> 
  custom:DOTSType/Unity.Deformations.BlendShapeWeight: d26eabb95dfc9b4dd26eabb95dfc9b4d -> 
  custom:DOTSType/Unity.Scenes.ReferencedUnityObjects: b8073d4731436522b8073d4731436522 -> 
  custom:DOTSType/Unity.Physics.Authoring.PhysicsDebugDisplayAuthoring: 048169f5bbaf7cd0048169f5bbaf7cd0 -> 
  custom:DOTSType/Unity.Scenes.Editor.SubSceneInspector: 6e96e553cf64778e6e96e553cf64778e -> 
  custom:DOTSType/Unity.Physics.GraphicsIntegration.SmoothRigidBodiesGraphicalMotion+RigidBodySmoothingWorldIndex: 988440dd19a406ed988440dd19a406ed -> 
  custom:DOTSType/Unity.Physics.PhysicsConstrainedBodyPair: 37ca29e9e58c191137ca29e9e58c1911 -> 
  custom:DOTSType/Unity.Physics.ColliderBlobCleanupData: 18f3eb94199c5e3618f3eb94199c5e36 -> 
  custom:DOTSType/Unity.Physics.PhysicsDamping: 579a7188c5fb1464579a7188c5fb1464 -> 
  custom:container-muxer-webm: aa71ff27fc2769a1b78a27578f13a17b -> 
  custom:DOTSType/Unity.Entities.CompanionGameObjectUpdateTransformCleanup: 0a4e12c25aaf05e00a4e12c25aaf05e0 -> 
  custom:DOTSType/Tanks.Editor.TransmissionSettingsEditor: 5c05f270edf687155c05f270edf68715 -> 
  custom:DOTSType/Unity.Entities.EndSimulationEntityCommandBufferSystem+Singleton: 6cc3a7136f47def06cc3a7136f47def0 -> 
  custom:DOTSType/Unity.Physics.Authoring.PhysicsDebugDisplaySystem+DrawComponent: fbecd1af1d76e089fbecd1af1d76e089 -> 
  custom:video-decoder-webm-vp8: 9c59270c3fd7afecdb556c50c9e8de78 -> 
  custom:DOTSType/Zenject.GuiRenderer: 77a380f71106289e77a380f71106289e -> 
  custom:DOTSType/Zenject.AnimatorMoveHandlerManager: 48d7fbeaa25297da48d7fbeaa25297da -> 
  custom:DOTSType/UnityEngine.GameObject: aef60e3f2ae5ad9aaef60e3f2ae5ad9a -> 
  custom:SearchIndexIgnoredProperties: e643bd26f0fe6173181afceb89e7c659 -> 
  custom:DOTSAllSystemsVersion: ffb3322ebf2cc81fbcc35437f1236753 -> 
  custom:DOTSType/Unity.Physics.GraphicsIntegration.PhysicsGraphicalInterpolationBuffer: 7baea6e725f3208c7baea6e725f3208c -> 
  custom:AudioImporter_EditorPlatform: d09bf68614088b80899f8185d706f6e7 -> 
  custom:DOTSType/Tanks.Interface.CarnageSettings: 06a0f3af603600f206a0f3af603600f2 -> 
  custom:DOTSType/Zenject.ProjectContextEditor: f68c5f17562ef273f68c5f17562ef273 -> 
  custom:DOTSType/Unity.Entities.Serialization.DotsSerialization+FolderNode: 98c33d003d1b152b98c33d003d1b152b -> 
  custom:DOTSType/Unity.Entities.CompanionReference: 4de8f4179bbe96e74de8f4179bbe96e7 -> 
  custom:DOTSType/UnityEngine.VFX.VisualEffect: dc0e74262f371f63dc0e74262f371f63 -> 
  custom:DOTSType/Unity.Entities.Hybrid.Baking.AdditionalEntitiesBakingData: d81e35bf039925b8d81e35bf039925b8 -> 
  custom:DOTSType/UnityEngine.SpriteRenderer: 61a676ec163f72b161a676ec163f72b1 -> 
  custom:DOTSType/Unity.Entities.Editor.JournalingWrapperEditor: 7820ec03259d9ee57820ec03259d9ee5 -> 
  custom:DOTSType/Tanks.Tank.ProjectileTracker: 101b4b340f8400be101b4b340f8400be -> 
  custom:DOTSType/Unity.Deformations.SkinMatrix: 4b50a0962ac5e60d4b50a0962ac5e60d -> 
  custom:DOTSType/Unity.Scenes.WeakAssetReferenceLoadingData: 451a8b20bc4a35f6451a8b20bc4a35f6 -> 
  custom:DOTSType/Unity.Entities.BurstCompatibleSharedComponentData: 6239fcd2cd3b1c316239fcd2cd3b1c31 -> 
  custom:DOTSType/Unity.Physics.PhysicsCustomTags: 7d9dddf48b181c997d9dddf48b181c99 -> 
  custom:DOTSType/Zenject.SceneDecoratorContext: 47847979bf9052df47847979bf9052df -> 
  custom:DOTSType/Unity.Entities.Editor.ArchetypeWrapperEditor: fcd41c2e8cb6c202fcd41c2e8cb6c202 -> 
  custom:DOTSType/Unity.Physics.PhysicsGravityFactor: 8ab51309e4cdebcc8ab51309e4cdebcc -> 
  custom:DOTSType/Tanks.PlayerInputController: eeac7a82da062014eeac7a82da062014 -> 
  custom:DOTSType/Unity.Entities.SceneTag: 7a384971715860367a38497171586036 -> 
  custom:DOTSType/Unity.Physics.Systems.DummySimulationData: e73bf206ed8976b1e73bf206ed8976b1 -> 
  custom:DOTSType/Unity.Physics.CustomPhysicsProxyDriver: d8e4875a8f47327fd8e4875a8f47327f -> 
  custom:DOTSType/Unity.Entities.Editor.InvalidSelectionEditor: bb0f099005812d55bb0f099005812d55 -> 
  custom:DOTSType/Tanks.Interface.CarnageIndicator: 7a2a70789a91028f7a2a70789a91028f -> 
  custom:DOTSType/Unity.Physics.StepInputSingleton: f5a13022ab227cfff5a13022ab227cff -> 
  custom:DOTSType/Unity.Transforms.LocalToWorld: f07e17bb4e08548ef07e17bb4e08548e -> 
  custom:DOTSType/Unity.Entities.Prefab: 8cefcfc0e3366a618cefcfc0e3366a61 -> 
  custom:DOTSType/Unity.Transforms.PreviousParent: f7f96ed2f665f721f7f96ed2f665f721 -> 
  custom:DOTSType/Unity.Entities.EditorRenderData: 23031dfb0b685e0c23031dfb0b685e0c -> 
  custom:DOTSType/Tanks.TankGameInstaller: ab41efd1a1117644ab41efd1a1117644 -> 
  custom:DOTSType/Tanks.Tests.TestCarnageIndicator: c8904b0627773241c8904b0627773241 -> 
  custom:DOTSType/Unity.Entities.Editor.JournalEntry: fa64f1a8d5097849fa64f1a8d5097849 -> 
  custom:DOTSType/Unity.Scenes.GlobalEntitiesDependency: 272e3c9ba12b159e272e3c9ba12b159e -> 
  custom:audio-decoder-ogg-vorbis: bf7c407c2cedff20999df2af8eb42d56 -> 
  custom:ProjectSettings/EntitiesClientSettings.asset: 57fa4463d8597ee36c3803b5983b6213 -> 
  custom:DOTSType/Unity.Entities.RetainBlobAssets: e3007bd0d4f5ba8be3007bd0d4f5ba8b -> 
  custom:DOTSType/Tanks.TankAudioSystem: e0c4f60227f2a2a8e0c4f60227f2a2a8 -> 
  custom:DOTSType/Unity.Scenes.SceneSystemData: 358f9772a0e70c53358f9772a0e70c53 -> 
  custom:DOTSType/Zenject.SceneDecoratorContextEditor: ca86c2fb23338ef7ca86c2fb23338ef7 -> 
  custom:DOTSType/Unity.Physics.PhysicsWorldIndex: 44b485a5651ecbf844b485a5651ecbf8 -> 
  custom:DOTSType/Unity.Entities.EndInitializationEntityCommandBufferSystem+Singleton: 75800829e25c245f75800829e25c245f -> 
  custom:DOTSType/Unity.Entities.Build.EntitiesClientSettings: 379ca95f1f31bbbc379ca95f1f31bbbc -> 
  custom:DOTSType/Zenject.ProjectContext: 73c2192ee2a3347973c2192ee2a33479 -> 
  custom:DOTSType/Zenject.RunnableContextEditor: 761811f71f3da7bc761811f71f3da7bc -> 
  custom:DOTSType/UnityEngine.AudioSource: aed3a424fdd48d59aed3a424fdd48d59 -> 
  custom:DOTSType/Unity.Scenes.RequestEntityPrefabLoaded: fc4092a08e154a96fc4092a08e154a96 -> 
  custom:DOTSType/Unity.Entities.SystemInstance: bb0dfff8e9a48357bb0dfff8e9a48357 -> 
  custom:DOTSType/Unity.Entities.RemoveUnusedEntityInBake: 0973223cb916c16b0973223cb916c16b -> 
  custom:DOTSType/Unity.Entities.EndVariableRateSimulationEntityCommandBufferSystem+Singleton: 78d2450a82ebc20778d2450a82ebc207 -> 
  custom:DOTSType/Unity.Physics.DummyColliderFakesComponent`1[[Unity.Physics.CylinderCollider, Unity.Physics, Version=0.0.0.0, Culture=neutral, PublicKeyToken=null]]: 2d82e9daa82955bf2d82e9daa82955bf -> 
  custom:audio-encoder-webm-vorbis: bf7c407c2cedff20999df2af8eb42d56 -> 
  custom:DOTSType/Unity.Entities.BeginFixedStepSimulationEntityCommandBufferSystem+Singleton: 5857035820ee1e635857035820ee1e63 -> 
  custom:DOTSType/Unity.Physics.PhysicsJointCompanion: 655fde98af64ce94655fde98af64ce94 -> 
  custom:DOTSType/Unity.Scenes.WeakAssetPrefabLoadRequest: b6d72391c4d3d049b6d72391c4d3d049 -> 
  custom:DOTSType/Tanks.Legacy.LegacyTransmissionSettings: 84b2093787e9240c84b2093787e9240c -> 
  custom:DOTSType/Tanks.Legacy.Editor.LegacyTransmissionSettingsEditor: f063a9f322024a22f063a9f322024a22 -> 
  custom:DOTSType/Zenject.ScriptableObjectInstallerBase: 564d9b68561bb94d564d9b68561bb94d -> 
  custom:DOTSType/Unity.Physics.Editor.CustomPhysicsBodyTagNamesEditor: 5e056a649e13a00c5e056a649e13a00c -> 
  custom:DOTSType/Unity.Physics.PhysicsWorldSingleton: 90bad7c95a54d00590bad7c95a54d005 -> 
  custom:DOTSType/Unity.Entities.BurstCompatibleBufferElement: 9256282cac425e579256282cac425e57 -> 
  custom:DOTSType/Unity.Entities.CompanionLink: 4813070be25c6d6a4813070be25c6d6a -> 
  custom:DOTSType/Unity.Physics.DummyColliderFakesComponent`1[[Unity.Physics.PolygonCollider, Unity.Physics, Version=0.0.0.0, Culture=neutral, PublicKeyToken=null]]: 3f38e3dc511d48d23f38e3dc511d48d2 -> 
  custom:SceneMetaDataFileFormatVersion: 18e216f4893c3ae43d5b4b3a88de92ca -> 
  custom:DOTSType/Unity.Entities.Editor.SystemScheduleWindow: dfecb8af58c97f0adfecb8af58c97f0a -> 
  custom:DOTSType/Unity.Physics.PhysicsColliderKeyEntityPair: e3185876db01deade3185876db01dead -> 
  custom:DOTSType/Zenject.ContextEditor: 0791a612a42c17bc0791a612a42c17bc -> 
  custom:DOTSType/Zenject.AnimatorIkHandlerManager: 6bf1f62125213c446bf1f62125213c44 -> 
  custom:DOTSType/Unity.Transforms.LocalTransform: d07f194ee4791f00d07f194ee4791f00 -> 
  custom:DOTSType/Unity.Physics.PhysicsJoint: e49afdd9ec82159fe49afdd9ec82159f -> 
  custom:DOTSType/Unity.Scenes.PrefabAssetReference: 924b87ecab3719ce924b87ecab3719ce -> 
  custom:DOTSType/UnityEngine.Rigidbody: 90d4f52b90e97d3190d4f52b90e97d31 -> 
  custom:DOTSType/Unity.Transforms.PostTransformMatrix: d5b773053bc4fc92d5b773053bc4fc92 -> 
  custom:DOTSType/Unity.Entities.WorldTime: efd6631e6d47e1c0efd6631e6d47e1c0 -> 
  custom:DOTSType/Unity.Entities.Editor.ComponentsWindow: f3a47022486a5e37f3a47022486a5e37 -> 
  custom:DOTSType/Unity.Entities.Editor.JournalManager: bd6303929aef5048bd6303929aef5048 -> 
  custom:DOTSType/Zenject.SceneKernel: 14c92f57ead5fa5a14c92f57ead5fa5a -> 
  custom:DOTSType/Unity.Scenes.Editor.SubSceneImporter: fbc2a6bb48307f94fbc2a6bb48307f94 -> 
  custom:DOTSType/UnityEngine.Light: 47f771faf20222f647f771faf20222f6 -> 
  custom:DOTSType/Unity.Entities.EndFixedStepSimulationEntityCommandBufferSystem+Singleton: 903138f233c08b6f903138f233c08b6f -> 
  custom:DOTSType/Unity.Entities.Hybrid.Baking.LinkedEntityGroupAuthoring: 463b7158f57f2778463b7158f57f2778 -> 
  custom:DOTSType/Unity.Entities.BeginInitializationEntityCommandBufferSystem+Singleton: 1dafdf6276a3f02d1dafdf6276a3f02d -> 
  custom:DOTSType/Unity.Physics.SimulationSingleton: 2c12c15cc1aaefd42c12c15cc1aaefd4 -> 
  custom:DOTSType/Unity.Transforms.Child: 5a0b111d3c5ef1ef5a0b111d3c5ef1ef -> 
  custom:DOTSType/Unity.Entities.Editor.ComponentWrapperEditor: 8a0108ac83962ca58a0108ac83962ca5 -> 
  custom:video-codec-MediaFoundation-h265: 746d11721c4dcdbdad8f713fa42b33f4 -> 
  custom:DOTSType/Unity.Entities.SceneSectionData: eeed08dab67953cbeeed08dab67953cb -> 
  custom:DOTSType/Tanks.EffectPool: b07fd26d384c1aadb07fd26d384c1aad -> 
  custom:DOTSType/Zenject.Context: 7a9b164638a7c5fb7a9b164638a7c5fb -> 
  custom:DOTSType/Unity.Entities.Editor.EntitiesJournalingWindow: fb6228252c0089dcfb6228252c0089dc -> 
  custom:video-decoder-ogg-theora: a1e56fd34408186e4bbccfd4996cb3dc -> 
  custom:DOTSType/Unity.Scenes.ResolvedSceneHash: 10c2d6fb478167a310c2d6fb478167a3 -> 
  custom:DOTSType/Unity.Scenes.SceneSectionStreamingData: 01ac29b86b18dacf01ac29b86b18dacf -> 
  custom:DOTSType/Zenject.ZenjectStateMachineBehaviourAutoInjecter: bc2fa2415d8a8ef6bc2fa2415d8a8ef6 -> 
  custom:DOTSType/Unity.Entities.AdditionalEntityParent: a24d1678b03f0479a24d1678b03f0479 -> 
  custom:DOTSType/Unity.Entities.Simulate: e0c92315ec24632de0c92315ec24632d -> 
  custom:DOTSType/Unity.Physics.PhysicsVelocity: eae7719776411411eae7719776411411 -> 
  custom:DOTSType/Unity.Entities.Editor.SystemWrapperEditor: 8c892c6354f3a3138c892c6354f3a313 -> 
  custom:DOTSType/Unity.Entities.RetainBlobAssetBatchPtr: 14017b765908ee1d14017b765908ee1d -> 
  custom:DOTSType/Zenject.ZenjectBinding: 0569f6cfa9645a6e0569f6cfa9645a6e -> 
  custom:DOTSType/Tanks.Tests.TestCarnageIndicator+TestCarnageIndicatorEditor: a518ed1603ea4192a518ed1603ea4192 -> 
  custom:DOTSType/Unity.Physics.Authoring.CustomPhysicsProxyAuthoring: 90a4b67ea7c61e0c90a4b67ea7c61e0c -> 
  custom:DOTSType/Unity.Physics.Authoring.PhysicsMeshAuthoringData: 07c891dbd84b5d1c07c891dbd84b5d1c -> 
  custom:DOTSType/Unity.Scenes.LiveConversionPatcher+LiveConvertedSceneCleanup: 97dadd0f05dbc86997dadd0f05dbc869 -> 
  custom:DOTSType/UnityEngine.MeshCollider: 745c145fdcf1939e745c145fdcf1939e -> 
  custom:DOTSType/Unity.Physics.Authoring.ForceUniqueColliderAuthoring: 34be871ed7a74d6234be871ed7a74d62 -> 
  custom:DOTSType/Zenject.GameObjectContext: 694c79f9ded4c948694c79f9ded4c948 -> 
  custom:DOTSType/Unity.Physics.DummyColliderFakesComponent`1[[Unity.Physics.CapsuleCollider, Unity.Physics, Version=0.0.0.0, Culture=neutral, PublicKeyToken=null]]: 840aede77f375b4f840aede77f375b4f -> 
  custom:DOTSType/Unity.Physics.Authoring.StaticOptimizePhysicsBaking: f3a03d29cca9ceabf3a03d29cca9ceab -> 
  custom:DOTSType/Unity.Scenes.DisableLiveConversion: 543070e84ec00e2c543070e84ec00e2c -> 
  custom:DOTSType/Unity.Physics.Authoring.PhysicsCompoundData: 41f933035064165d41f933035064165d -> 
  custom:DOTSType/Tanks.AudioPool: 65d2a3a778887e6e65d2a3a778887e6e -> 
  custom:DOTSType/Unity.Physics.DummyColliderFakesComponent`1[[Unity.Physics.SphereCollider, Unity.Physics, Version=0.0.0.0, Culture=neutral, PublicKeyToken=null]]: 4818ec4955a46c414818ec4955a46c41 -> 
  custom:DOTSType/Unity.Transforms.Parent: 00b45826652a5ec600b45826652a5ec6 -> 
  custom:DOTSType/Unity.Physics.PhysicsCollider: 00548c0f8c0147a000548c0f8c0147a0 -> 
  custom:DOTSType/Unity.Physics.Authoring.PhysicsRootBaked: a150145af5348f6da150145af5348f6d -> 
  custom:DOTSType/Unity.Scenes.ResolveSceneReferenceSystem+AssetDependencyTrackerState: b2d132c8f66d836db2d132c8f66d836d -> 
  custom:DOTSType/Unity.Entities.CompanionLinkTransform: e392322015c13880e392322015c13880 -> 
  custom:DOTSType/Unity.Entities.Serialization.DotsSerialization+RevisionedRawDataNode: 7e711ae70d27259d7e711ae70d27259d -> 
  custom:CustomObjectIndexerAttribute: 9a22284fe3817be447336de3de66b15e -> 
  custom:DOTSType/Tanks.Projectile: 620e548336351b1d620e548336351b1d -> 
  custom:DOTSType/Unity.Physics.GraphicsIntegration.MostRecentFixedTime: 6c4396236e6646a76c4396236e6646a7 -> 
  custom:DOTSType/UnityEngine.ParticleSystem: 28fa60303afd747328fa60303afd7473 -> 
  custom:DOTSType/Unity.Physics.DummyColliderFakesComponent`1[[Unity.Physics.ConvexCollider, Unity.Physics, Version=0.0.0.0, Culture=neutral, PublicKeyToken=null]]: d00615a7bde8681ed00615a7bde8681e -> 
  custom:DOTSType/Unity.Physics.DummyColliderFakesComponent`1[[Unity.Physics.MeshCollider, Unity.Physics, Version=0.0.0.0, Culture=neutral, PublicKeyToken=null]]: 52b224b25d7c5a2552b224b25d7c5a25 -> 
  custom:container-demuxer-webm: 4f35f7cbe854078d1ac9338744f61a02 -> 
  custom:DOTSType/Unity.Entities.PrefabRoot: ea04b60a31090316ea04b60a31090316 -> 
  custom:DOTSType/Unity.Entities.RequestSceneLoaded: 62c081c918aff6ee62c081c918aff6ee -> 
  custom:DOTSType/Unity.Entities.BeginPresentationEntityCommandBufferSystem+Singleton: cbef056a920a5eadcbef056a920a5ead -> 
  custom:DOTSType/Unity.Entities.ChunkHeader: 490bb3205bb29fe6490bb3205bb29fe6 -> 
  custom:DOTSType/Unity.Scenes.IsSectionLoaded: 2e3c12f14f7600232e3c12f14f760023 -> 
  custom:DOTSType/Unity.Entities.Editor.SystemInfo: e869e7d857e70a99e869e7d857e70a99 -> 
  custom:DOTSType/Zenject.MonoInstaller: d4f508a97531178fd4f508a97531178f -> 
  custom:DOTSType/Unity.Entities.WorldTimeQueue: 48ce29752c66702348ce29752c667023 -> 
  custom:DOTSType/Unity.Entities.StaticOptimizeEntity: 346cca765bf51c72346cca765bf51c72 -> 
  custom:DOTSType/Unity.Entities.SectionMetadataSetup: 75ea136fdb0e54ba75ea136fdb0e54ba -> 
  custom:DOTSType/Tanks.ProjectilePool: ae6caa17fe3924ceae6caa17fe3924ce -> 
  custom:DOTSType/Unity.Scenes.SceneSectionReferencedUnityObjects: 2797689ad57679a22797689ad57679a2 -> 
  custom:DOTSType/Unity.Physics.Editor.PhysicsStepAuthoringEditor: b0470546a7982481b0470546a7982481 -> 
  custom:DOTSType/Unity.Physics.GraphicsIntegration.PhysicsRenderEntity: 17b73fa380da9cf517b73fa380da9cf5 -> 
  custom:DOTSType/Unity.Entities.Hybrid.Baking.LinkedEntityGroupBakingData: cd33507256493e18cd33507256493e18 -> 
  custom:DOTSType/UnityEngine.LODGroup: 15ad22bb5260348e15ad22bb5260348e -> 
  custom:DOTSType/Tanks.BaseInputController: 7c3584087687be277c3584087687be27 -> 
  custom:DOTSType/Unity.Entities.Editor.HierarchySelectionContext: eb8c02bbb8571091eb8c02bbb8571091 -> 
  custom:DOTSType/Unity.Physics.DummyColliderFakesComponent`1[[Unity.Physics.CompoundCollider, Unity.Physics, Version=0.0.0.0, Culture=neutral, PublicKeyToken=null]]: f0b0c805df9aab48f0b0c805df9aab48 -> 
  custom:DOTSType/Unity.Physics.Authoring.PhysicsColliderAuthoringData: 237ab57c84eb023d237ab57c84eb023d -> 
  custom:DOTSType/Unity.Entities.Entity: 295b0c964d12026f295b0c964d12026f -> 
  custom:DOTSType/Unity.Physics.DummyColliderFakesComponent`1[[Unity.Physics.TerrainCollider, Unity.Physics, Version=0.0.0.0, Culture=neutral, PublicKeyToken=null]]: 76d2966f42dff4df76d2966f42dff4df -> 
  custom:DOTSType/Unity.Scenes.PublicEntityRef: b380cfe1712d4500b380cfe1712d4500 -> 
  custom:DOTSType/Unity.Entities.Asset: 5205195e4c6bea1c5205195e4c6bea1c -> 
  custom:DOTSType/Unity.Physics.GraphicsIntegration.PhysicsGraphicalSmoothing: 1a649a11034ac6061a649a11034ac606 -> 
  custom:DOTSType/Unity.Physics.Systems.PhysicsAnalyticsSingleton: 261d1a0e3f762c88261d1a0e3f762c88 -> 
  custom:DOTSType/Unity.Physics.PhysicsTemporalCoherenceInfo: dd862a3ef5746267dd862a3ef5746267 -> 
  custom:DOTSType/Tanks.EffectPoolContainer: bf19857e7a596a2bbf19857e7a596a2b -> 
  custom:DOTSType/Unity.Physics.PhysicsStep: 4ca665c06bcf89ca4ca665c06bcf89ca -> 
  custom:DOTSType/UnityEngine.TextMesh: 6784c791d05273aa6784c791d05273aa -> 
  custom:DOTSType/Unity.Entities.CompanionGameObjectActiveCleanup: 4ff09409f1cce51f4ff09409f1cce51f -> 
  custom:DOTSType/Tanks.ReloadIndicator: 83d1d641d15e1d5483d1d641d15e1d54 -> 
  custom:DOTSType/Zenject.RunnableContext: f37beb99d06e39fbf37beb99d06e39fb -> 
  custom:DOTSType/Unity.Physics.Authoring.PhysicsDebugDisplayData: 0cdccf70b9e5e20d0cdccf70b9e5e20d -> 
  custom:DOTSType/Unity.Scenes.AssetObjectManifest: 84d682f40d46c88184d682f40d46c881 -> 
  custom:DOTSType/Unity.Entities.PostLoadCommandBuffer: d658541e4a41540dd658541e4a41540d -> 
  custom:DOTSType/Unity.Entities.Editor.ArchetypeInfo: b8b1bbcc600f6437b8b1bbcc600f6437 -> 
  custom:DOTSType/Tanks.Interface.Speedometer: 158cdf1f7f3d0d9c158cdf1f7f3d0d9c -> 
  custom:DOTSType/Tanks.BattleRam: 87a27f4ae62d951387a27f4ae62d9513 -> 
  custom:DOTSType/UnityEngine.BoxCollider: 8e5b85c4fec088d48e5b85c4fec088d4 -> 
  custom:DOTSType/Unity.Entities.Serialization.ExternalEntityReference: 415f45c8b00c90a4415f45c8b00c90a4 -> 
  custom:DOTSType/Unity.Entities.SceneSectionComponent: 22f65411cbba718222f65411cbba7182 -> 
  custom:DOTSType/Unity.Scenes.PrefabLoadResult: 71615367c37f030371615367c37f0303 -> 
  custom:DOTSType/Unity.Scenes.SceneSectionStreamingSystem+StreamingState: 7014161ec3350ad07014161ec3350ad0 -> 
  custom:DOTSType/Unity.Entities.Editor.UnsupportedEntityEditor: f4c4238e5d78020af4c4238e5d78020a -> 
  custom:DOTSType/Unity.Scenes.ResolvedSectionEntity: e83509e6ef73df7ae83509e6ef73df7a -> 
  custom:DOTSType/Unity.Scenes.DisableSceneResolveAndLoad: 41c98fa73f31b21a41c98fa73f31b21a -> 
  custom:DOTSType/Unity.Entities.LinkedEntityGroup: c1b61ecd5260e852c1b61ecd5260e852 -> 
  custom:DOTSType/Unity.Physics.Authoring.RigidbodyBakingData: 66caf1f3818b52fc66caf1f3818b52fc -> 
  custom:DOTSType/Zenject.ScriptableObjectInstaller: 47201fb43b11147d47201fb43b11147d -> 
  custom:DOTSType/Unity.Physics.Authoring.DetailedStaticMeshCollisionAuthoring: 35a7576e30820a5e35a7576e30820a5e -> 
  custom:DOTSType/Unity.Entities.Editor.UnsupportedGameObjectEditor: 5cff923fd1c387e15cff923fd1c387e1 -> 
  custom:DOTSType/Tanks.CinemachineInputCustomProvider: 53bf68681542a65453bf68681542a654 -> 
  custom:DOTSType/Zenject.SceneContext: 30c70a59093b925c30c70a59093b925c -> 
  custom:DOTSType/UnityEngine.MeshRenderer: 77aa4cb33b84a90377aa4cb33b84a903 -> 
  custom:DOTSType/Unity.Physics.Authoring.BakeStaticRoot: ac81d98288eb78feac81d98288eb78fe -> 
  custom:DOTSType/Unity.Entities.Serialization.DotsSerialization+StringTableNode: db9aacf636d95b56db9aacf636d95b56 -> 
  custom:DOTSType/Zenject.SceneContextEditor: f5ac3d9288ab62bbf5ac3d9288ab62bb -> 
  custom:DOTSType/Unity.Entities.Disabled: ea10d702b0a42592ea10d702b0a42592 -> 
  custom:DOTSType/Unity.Entities.Editor.EntityEditor: 4502e3ccdb7ac0e04502e3ccdb7ac0e0 -> 
  custom:DOTSType/Unity.Physics.Systems.BroadphaseData: cf796e61bbb1c05fcf796e61bbb1c05f -> 
  custom:DOTSType/Unity.Entities.Editor.ArchetypesWindow: bde482c89698b5c7bde482c89698b5c7 -> 
  custom:DOTSType/Unity.Physics.PhysicsMass: dd66b9b7945f3ac7dd66b9b7945f3ac7 -> 
  custom:DOTSType/Unity.Physics.Systems.BuildPhysicsWorldData: 403d401e5c7292c3403d401e5c7292c3 -> 
  custom:DOTSType/Unity.Scenes.SceneBoundingVolume: 3407604aa951263f3407604aa951263f -> 
  custom:video-encoder-webm-vp8: eb34c28f22e8b96e1ab97ce403110664 -> 
  custom:DOTSType/Unity.Physics.Authoring.PhysicsColliderBakedData: 4b51dd6d702fa42d4b51dd6d702fa42d -> 
  custom:DOTSType/UnityEngine.SphereCollider: 82c25a73f4a3118382c25a73f4a31183 -> 
  custom:DOTSType/Unity.Scenes.SubScene: ac4196b7e94e44ecac4196b7e94e44ec -> 
  custom:DOTSType/Unity.Physics.DummyColliderFakesComponent`1[[Unity.Physics.Collider, Unity.Physics, Version=0.0.0.0, Culture=neutral, PublicKeyToken=null]]: 9b1dfcaf09a3b4529b1dfcaf09a3b452 -> 
  custom:DOTSType/Unity.Entities.Editor.HierarchyEntityChangeTracker+UnusedTag: e99f3a5fcb8d8012e99f3a5fcb8d8012 -> 
  custom:DOTSType/Unity.Physics.PhysicsMassOverride: 6fcef11ae9d1bc306fcef11ae9d1bc30 -> 
  custom:DOTSType/Unity.Entities.BlobAssetOwner: c83c63163f833390c83c63163f833390 -> 
  custom:DOTSType/Zenject.CheatSheet+Foo: 818256864703f221818256864703f221 -> 
  custom:DOTSType/Unity.Physics.Authoring.CustomPhysicsBodyTagNames: cf633e3d702fe67dcf633e3d702fe67d -> 
  custom:DOTSType/UnityEngine.CapsuleCollider: be84ea475def5c96be84ea475def5c96 -> 
  custom:DOTSType/Unity.Physics.PhysicsTemporalCoherenceTag: 078e815b3514dfd3078e815b3514dfd3 -> 
  custom:DOTSType/Unity.Entities.Editor.JournalManagerWrapperEditor: cb69e60b3422ccebcb69e60b3422cceb -> 
  custom:DOTSType/Unity.Entities.SceneReference: 93a995b4b28fc25393a995b4b28fc253 -> 
  custom:DOTSType/Unity.Entities.Editor.UnsupportedPrefabEntityEditor: 42b92ebb8c8886cf42b92ebb8c8886cf -> 
  custom:DOTSType/Unity.Entities.Serialization.DotsSerialization+NodeHeader: 2a912a6fdedc77ae2a912a6fdedc77ae -> 
  custom:DOTSType/Zenject.ZenAutoInjecter: 778eb5667a6355bc778eb5667a6355bc -> 
  custom:DOTSType/Unity.Entities.SceneSection: bdba69731fc8f3e7bdba69731fc8f3e7 -> 
  custom:DOTSType/Tanks.Patrol: af24d179ee3e03f0af24d179ee3e03f0 -> 
  custom:DOTSType/Unity.Physics.DummyColliderFakesComponent`1[[Unity.Physics.BoxCollider, Unity.Physics, Version=0.0.0.0, Culture=neutral, PublicKeyToken=null]]: f425b7fd66e06988f425b7fd66e06988 -> 
  custom:DOTSType/Unity.Entities.TransformAuthoring: d03322d6827741e8d03322d6827741e8 -> 
  custom:DOTSType/Zenject.ProjectKernel: efdc3d3e4e17fb07efdc3d3e4e17fb07 -> 
  custom:DOTSType/Tanks.TransmissionSettings: b0a3fa15cf2503fcb0a3fa15cf2503fc -> 
  custom:DOTSType/UnityEngine.ParticleSystemRenderer: 818ef389bd33d482818ef389bd33d482 -> 
  custom:DOTSType/Unity.Entities.BeginSimulationEntityCommandBufferSystem+Singleton: 5406e750b86f24a55406e750b86f24a5 -> 
  custom:DOTSType/Unity.Scenes.Editor.GlobalEntitiesDependencyInspector: 3df09afcbb66d7bb3df09afcbb66d7bb -> 
========================================================================
Received Prepare
Assembly reference Packages/com.unity.entities/Unity.Scenes.Editor/Internals/Properties/Unity.Properties.Internals.asmref has no target assembly definition
Assembly reference Packages/com.unity.entities/Unity.Scenes.Editor/Internals/Properties/Unity.Properties.Internals.asmref has no target assembly definition
Begin MonoManager ReloadAssembly
- Loaded All Assemblies, in  0.920 seconds
Refreshing native plugins compatible for Editor in 8.65 ms, found 5 plugins.
Native extension for WindowsStandalone target not found
Assembly reference Packages/com.unity.entities/Unity.Scenes.Editor/Internals/Properties/Unity.Properties.Internals.asmref has no target assembly definition
TypeManager.Initialize took: 349ms
Mono: successfully reloaded assembly
- Finished resetting the current domain, in  3.012 seconds
Domain Reload Profiling: 3929ms
	BeginReloadAssembly (263ms)
		ExecutionOrderSort (0ms)
		DisableScriptedObjects (8ms)
		BackupInstance (0ms)
		ReleaseScriptingObjects (0ms)
		CreateAndSetChildDomain (94ms)
	RebuildCommonClasses (57ms)
	RebuildNativeTypeToScriptingClass (15ms)
	initialDomainReloadingComplete (53ms)
	LoadAllAssembliesAndSetupDomain (528ms)
		LoadAssemblies (624ms)
		RebuildTransferFunctionScriptingTraits (0ms)
		AnalyzeDomain (24ms)
			TypeCache.Refresh (10ms)
				TypeCache.ScanAssembly (0ms)
			ScanForSourceGeneratedMonoScriptInfo (0ms)
			ResolveRequiredComponents (12ms)
	FinalizeReload (3013ms)
		ReleaseScriptCaches (0ms)
		RebuildScriptCaches (0ms)
		SetupLoadedEditorAssemblies (2075ms)
			LogAssemblyErrors (0ms)
			InitializePlatformSupportModulesInManaged (13ms)
			SetLoadedEditorAssemblies (15ms)
			RefreshPlugins (0ms)
			BeforeProcessingInitializeOnLoad (298ms)
			ProcessInitializeOnLoadAttributes (1359ms)
			ProcessInitializeOnLoadMethodAttributes (379ms)
			AfterProcessingInitializeOnLoad (11ms)
			EditorAssembliesLoaded (1ms)
		ExecutionOrderSort2 (0ms)
		AwakeInstancesAfterBackupRestoration (11ms)
Refreshing native plugins compatible for Editor in 14.95 ms, found 5 plugins.
Preloading 0 native plugins for Editor in 0.00 ms.
Unloading 6859 Unused Serialized files (Serialized files now loaded: 0)
Unloading 95 unused Assets / (123.6 KB). Loaded Objects now: 7348.
Memory consumption went from 221.0 MB to 220.9 MB.
Total: 8.897300 ms (FindLiveObjects: 0.807600 ms CreateObjectMapping: 1.068200 ms MarkObjects: 6.843700 ms  DeleteObjects: 0.176200 ms)

Unloading 0 Unused Serialized files (Serialized files now loaded: 0)
Unloading 0 unused Assets / (98.5 KB). Loaded Objects now: 7348.
Memory consumption went from 220.8 MB to 220.7 MB.
Total: 9.377600 ms (FindLiveObjects: 0.822700 ms CreateObjectMapping: 1.074500 ms MarkObjects: 7.352500 ms  DeleteObjects: 0.126400 ms)

Prepare: number of updated asset objects reloaded= 0
AssetImportParameters requested are different than current active one (requested -> active):
  custom:DOTSType/Zenject.MonoInstallerBase: 95f86c107dc723fe95f86c107dc723fe -> 
  custom:DOTSType/Unity.Entities.EntityGuid: 8e99211435a26d668e99211435a26d66 -> 
  custom:DOTSType/Tanks.TurretController: e7fde51fa66b4c5ee7fde51fa66b4c5e -> 
  custom:DOTSType/Unity.Entities.DefaultWorldInitializationProxy: 3bc53c9cad9070363bc53c9cad907036 -> 
  custom:container-demuxer-ogg: 62fdf1f143b41e24485cea50d1cbac27 -> 
  custom:DOTSType/Zenject.Internal.DefaultSceneContractConfig: a78f29ab0132239ca78f29ab0132239c -> 
  custom:DOTSType/Unity.Physics.EnsureUniqueColliderBlobTag: 3e3264c9c7497b3b3e3264c9c7497b3b -> 
  custom:DOTSType/Unity.Scenes.SceneEntityReference: 646ffd19b744bbdb646ffd19b744bbdb -> 
  custom:DOTSType/Unity.Entities.Hybrid.Baking.BakingOnlyEntityAuthoringBaker+BakingOnlyChildren: 9c3cc3aa8ff875949c3cc3aa8ff87594 -> 
  custom:DOTSType/Unity.Entities.EntityManager+IsolateCopiedEntities: 703c8c39c22b63af703c8c39c22b63af -> 
  custom:DOTSType/Unity.Entities.BeginVariableRateSimulationEntityCommandBufferSystem+Singleton: 40006e500ad5800440006e500ad58004 -> 
  custom:DOTSType/UnityEngine.LightProbeProxyVolume: cd06291433fcac4ccd06291433fcac4c -> 
  custom:EntityBinaryFileFormatVersion: b618570c169a919bbb95b4bd7e4084ba -> 
  custom:DOTSType/Unity.Physics.Authoring.DisplayGizmoColliderEdges+DrawWithGizmos: a6749ec75af14c28a6749ec75af14c28 -> 
  custom:DOTSType/Tanks.SkyRotation: 6a30c8e81d68dcd96a30c8e81d68dcd9 -> 
  custom:DOTSType/Unity.Entities.Editor.ComponentInfo: b6911f4bc3b03db5b6911f4bc3b03db5 -> 
  custom:DOTSType/Unity.Entities.BurstCompatibleComponentData: 1d232e8370167ced1d232e8370167ced -> 
  custom:DOTSType/Unity.Entities.RetainBlobAssetPtr: f51a437fde39ac82f51a437fde39ac82 -> 
  custom:DOTSType/Unity.Physics.Authoring.PhysicsStepAuthoring: 29ca86243fe93d3b29ca86243fe93d3b -> 
  custom:DOTSType/Unity.Entities.BakedEntity: 6cda7616df5335d16cda7616df5335d1 -> 
  custom:DOTSType/Unity.Transforms.Static: a08c19e85cdd5a49a08c19e85cdd5a49 -> 
  custom:DOTSType/Unity.Entities.Editor.InvalidEntityEditor: c09028623072dbb6c09028623072dbb6 -> 
  custom:DOTSType/UnityEngine.Collider: e796157eabb2316ee796157eabb2316e -> 
  custom:framework-win-MediaFoundation: 216162199b28c13a410421893ffa2e32 -> 
  custom:DOTSType/UnityEngine.Transform: 3954159e9eb625f23954159e9eb625f2 -> 
  custom:DOTSType/Unity.Physics.Authoring.PhysicsWorldIndexAuthoring: c35779b88bcbf0f5c35779b88bcbf0f5 -> 
  custom:DOTSType/Unity.Scenes.Editor.GameObjectSceneMetaDataImporter: 35c29e171f7f1b1235c29e171f7f1b12 -> 
  custom:DOTSType/Tanks.Wheel: 8000d516241cf2618000d516241cf261 -> 
  custom:DOTSType/Unity.Entities.Editor.EntitySelectionProxy: 640f096afb1dc192640f096afb1dc192 -> 
  custom:DOTSType/Tanks.Tests.TestInputController: da9d7109e7aa2efada9d7109e7aa2efa -> 
  custom:DOTSType/Unity.Entities.OmitLinkedEntityGroupFromPrefabInstance: d5447758848371b8d5447758848371b8 -> 
  custom:DOTSType/Unity.Entities.Editor.HierarchyWindow: 68a3d7f4e81dfa3968a3d7f4e81dfa39 -> 
  custom:DOTSType/Unity.Entities.CleanupEntity: 91c2e7742ff7a40291c2e7742ff7a402 -> 
  custom:DOTSType/Zenject.MonoKernel: ad622fbf2f55726ead622fbf2f55726e -> 
  custom:DOTSType/Zenject.DefaultGameObjectKernel: 4e750c357d05f8164e750c357d05f816 -> 
  custom:DOTSType/Zenject.GameObjectContextEditor: e47fe5c2e2a879a3e47fe5c2e2a879a3 -> 
  custom:DOTSType/Unity.Scenes.RequestSceneHeader: 539e2df9dd1c5383539e2df9dd1c5383 -> 
  custom:DOTSType/Unity.Entities.BakingOnlyEntity: 6d61bb30b0fe96a06d61bb30b0fe96a0 -> 
  custom:DOTSType/UnityEngine.ReflectionProbe: 74c5d94e403ee5bf74c5d94e403ee5bf -> 
  custom:DOTSType/Unity.Physics.Authoring.PhysicsWorldIndexBakingData: eb7993b47224fdb3eb7993b47224fdb3 -> 
  custom:DOTSType/Tanks.TankController: 5fe8cedbca51d9d55fe8cedbca51d9d5 -> 
  custom:DOTSType/Unity.Scenes.Editor.ClearEntitiesCacheWindow: ff5e4942d7943fe4ff5e4942d7943fe4 -> 
  custom:DOTSType/Unity.Entities.Serialization.DotsSerialization+TypeNamesNode: 481f56363f3115ba481f56363f3115ba -> 
  custom:DOTSType/Unity.Entities.Hybrid.Baking.BakingOnlyEntityAuthoring: b00feda2188a9371b00feda2188a9371 -> 
  custom:DOTSType/Unity.Scenes.ResolvedSectionPath: bf9e38f006f83cb7bf9e38f006f83cb7 -> 
  custom:DOTSType/Unity.Deformations.BlendShapeWeight: d26eabb95dfc9b4dd26eabb95dfc9b4d -> 
  custom:DOTSType/Unity.Scenes.ReferencedUnityObjects: b8073d4731436522b8073d4731436522 -> 
  custom:DOTSType/Unity.Physics.Authoring.PhysicsDebugDisplayAuthoring: 048169f5bbaf7cd0048169f5bbaf7cd0 -> 
  custom:DOTSType/Unity.Scenes.Editor.SubSceneInspector: 6e96e553cf64778e6e96e553cf64778e -> 
  custom:DOTSType/Unity.Physics.GraphicsIntegration.SmoothRigidBodiesGraphicalMotion+RigidBodySmoothingWorldIndex: 988440dd19a406ed988440dd19a406ed -> 
  custom:DOTSType/Unity.Physics.PhysicsConstrainedBodyPair: 37ca29e9e58c191137ca29e9e58c1911 -> 
  custom:DOTSType/Unity.Physics.ColliderBlobCleanupData: 18f3eb94199c5e3618f3eb94199c5e36 -> 
  custom:DOTSType/Unity.Physics.PhysicsDamping: 579a7188c5fb1464579a7188c5fb1464 -> 
  custom:container-muxer-webm: aa71ff27fc2769a1b78a27578f13a17b -> 
  custom:DOTSType/Unity.Entities.CompanionGameObjectUpdateTransformCleanup: 0a4e12c25aaf05e00a4e12c25aaf05e0 -> 
  custom:DOTSType/Tanks.Editor.TransmissionSettingsEditor: 5c05f270edf687155c05f270edf68715 -> 
  custom:DOTSType/Unity.Entities.EndSimulationEntityCommandBufferSystem+Singleton: 6cc3a7136f47def06cc3a7136f47def0 -> 
  custom:DOTSType/Unity.Physics.Authoring.PhysicsDebugDisplaySystem+DrawComponent: fbecd1af1d76e089fbecd1af1d76e089 -> 
  custom:video-decoder-webm-vp8: 9c59270c3fd7afecdb556c50c9e8de78 -> 
  custom:DOTSType/Zenject.GuiRenderer: 77a380f71106289e77a380f71106289e -> 
  custom:DOTSType/Zenject.AnimatorMoveHandlerManager: 48d7fbeaa25297da48d7fbeaa25297da -> 
  custom:DOTSType/UnityEngine.GameObject: aef60e3f2ae5ad9aaef60e3f2ae5ad9a -> 
  custom:SearchIndexIgnoredProperties: e643bd26f0fe6173181afceb89e7c659 -> 
  custom:DOTSAllSystemsVersion: ffb3322ebf2cc81fbcc35437f1236753 -> 
  custom:DOTSType/Unity.Physics.GraphicsIntegration.PhysicsGraphicalInterpolationBuffer: 7baea6e725f3208c7baea6e725f3208c -> 
  custom:AudioImporter_EditorPlatform: d09bf68614088b80899f8185d706f6e7 -> 
  custom:DOTSType/Tanks.Interface.CarnageSettings: 06a0f3af603600f206a0f3af603600f2 -> 
  custom:DOTSType/Zenject.ProjectContextEditor: f68c5f17562ef273f68c5f17562ef273 -> 
  custom:DOTSType/Unity.Entities.Serialization.DotsSerialization+FolderNode: 98c33d003d1b152b98c33d003d1b152b -> 
  custom:DOTSType/Unity.Entities.CompanionReference: 4de8f4179bbe96e74de8f4179bbe96e7 -> 
  custom:DOTSType/UnityEngine.VFX.VisualEffect: dc0e74262f371f63dc0e74262f371f63 -> 
  custom:DOTSType/Unity.Entities.Hybrid.Baking.AdditionalEntitiesBakingData: d81e35bf039925b8d81e35bf039925b8 -> 
  custom:DOTSType/UnityEngine.SpriteRenderer: 61a676ec163f72b161a676ec163f72b1 -> 
  custom:DOTSType/Unity.Entities.Editor.JournalingWrapperEditor: 7820ec03259d9ee57820ec03259d9ee5 -> 
  custom:DOTSType/Tanks.Tank.ProjectileTracker: 101b4b340f8400be101b4b340f8400be -> 
  custom:DOTSType/Unity.Deformations.SkinMatrix: 4b50a0962ac5e60d4b50a0962ac5e60d -> 
  custom:DOTSType/Unity.Scenes.WeakAssetReferenceLoadingData: 451a8b20bc4a35f6451a8b20bc4a35f6 -> 
  custom:DOTSType/Unity.Entities.BurstCompatibleSharedComponentData: 6239fcd2cd3b1c316239fcd2cd3b1c31 -> 
  custom:DOTSType/Unity.Physics.PhysicsCustomTags: 7d9dddf48b181c997d9dddf48b181c99 -> 
  custom:DOTSType/Zenject.SceneDecoratorContext: 47847979bf9052df47847979bf9052df -> 
  custom:DOTSType/Unity.Entities.Editor.ArchetypeWrapperEditor: fcd41c2e8cb6c202fcd41c2e8cb6c202 -> 
  custom:DOTSType/Unity.Physics.PhysicsGravityFactor: 8ab51309e4cdebcc8ab51309e4cdebcc -> 
  custom:DOTSType/Tanks.PlayerInputController: eeac7a82da062014eeac7a82da062014 -> 
  custom:DOTSType/Unity.Entities.SceneTag: 7a384971715860367a38497171586036 -> 
  custom:DOTSType/Unity.Physics.Systems.DummySimulationData: e73bf206ed8976b1e73bf206ed8976b1 -> 
  custom:DOTSType/Unity.Physics.CustomPhysicsProxyDriver: d8e4875a8f47327fd8e4875a8f47327f -> 
  custom:DOTSType/Unity.Entities.Editor.InvalidSelectionEditor: bb0f099005812d55bb0f099005812d55 -> 
  custom:DOTSType/Tanks.Interface.CarnageIndicator: 7a2a70789a91028f7a2a70789a91028f -> 
  custom:DOTSType/Unity.Physics.StepInputSingleton: f5a13022ab227cfff5a13022ab227cff -> 
  custom:DOTSType/Unity.Transforms.LocalToWorld: f07e17bb4e08548ef07e17bb4e08548e -> 
  custom:DOTSType/Unity.Entities.Prefab: 8cefcfc0e3366a618cefcfc0e3366a61 -> 
  custom:DOTSType/Unity.Transforms.PreviousParent: f7f96ed2f665f721f7f96ed2f665f721 -> 
  custom:DOTSType/Unity.Entities.EditorRenderData: 23031dfb0b685e0c23031dfb0b685e0c -> 
  custom:DOTSType/Tanks.TankGameInstaller: ab41efd1a1117644ab41efd1a1117644 -> 
  custom:DOTSType/Tanks.Tests.TestCarnageIndicator: c8904b0627773241c8904b0627773241 -> 
  custom:DOTSType/Unity.Entities.Editor.JournalEntry: fa64f1a8d5097849fa64f1a8d5097849 -> 
  custom:DOTSType/Unity.Scenes.GlobalEntitiesDependency: 272e3c9ba12b159e272e3c9ba12b159e -> 
  custom:audio-decoder-ogg-vorbis: bf7c407c2cedff20999df2af8eb42d56 -> 
  custom:ProjectSettings/EntitiesClientSettings.asset: 57fa4463d8597ee36c3803b5983b6213 -> 
  custom:DOTSType/Unity.Entities.RetainBlobAssets: e3007bd0d4f5ba8be3007bd0d4f5ba8b -> 
  custom:DOTSType/Tanks.TankAudioSystem: e0c4f60227f2a2a8e0c4f60227f2a2a8 -> 
  custom:DOTSType/Unity.Scenes.SceneSystemData: 358f9772a0e70c53358f9772a0e70c53 -> 
  custom:DOTSType/Zenject.SceneDecoratorContextEditor: ca86c2fb23338ef7ca86c2fb23338ef7 -> 
  custom:DOTSType/Unity.Physics.PhysicsWorldIndex: 44b485a5651ecbf844b485a5651ecbf8 -> 
  custom:DOTSType/Unity.Entities.EndInitializationEntityCommandBufferSystem+Singleton: 75800829e25c245f75800829e25c245f -> 
  custom:DOTSType/Unity.Entities.Build.EntitiesClientSettings: 379ca95f1f31bbbc379ca95f1f31bbbc -> 
  custom:DOTSType/Zenject.ProjectContext: 73c2192ee2a3347973c2192ee2a33479 -> 
  custom:DOTSType/Zenject.RunnableContextEditor: 761811f71f3da7bc761811f71f3da7bc -> 
  custom:DOTSType/UnityEngine.AudioSource: aed3a424fdd48d59aed3a424fdd48d59 -> 
  custom:DOTSType/Unity.Scenes.RequestEntityPrefabLoaded: fc4092a08e154a96fc4092a08e154a96 -> 
  custom:DOTSType/Unity.Entities.SystemInstance: bb0dfff8e9a48357bb0dfff8e9a48357 -> 
  custom:DOTSType/Unity.Entities.RemoveUnusedEntityInBake: 0973223cb916c16b0973223cb916c16b -> 
  custom:DOTSType/Unity.Entities.EndVariableRateSimulationEntityCommandBufferSystem+Singleton: 78d2450a82ebc20778d2450a82ebc207 -> 
  custom:DOTSType/Unity.Physics.DummyColliderFakesComponent`1[[Unity.Physics.CylinderCollider, Unity.Physics, Version=0.0.0.0, Culture=neutral, PublicKeyToken=null]]: 2d82e9daa82955bf2d82e9daa82955bf -> 
  custom:audio-encoder-webm-vorbis: bf7c407c2cedff20999df2af8eb42d56 -> 
  custom:DOTSType/Unity.Entities.BeginFixedStepSimulationEntityCommandBufferSystem+Singleton: 5857035820ee1e635857035820ee1e63 -> 
  custom:DOTSType/Unity.Physics.PhysicsJointCompanion: 655fde98af64ce94655fde98af64ce94 -> 
  custom:DOTSType/Unity.Scenes.WeakAssetPrefabLoadRequest: b6d72391c4d3d049b6d72391c4d3d049 -> 
  custom:DOTSType/Tanks.Legacy.LegacyTransmissionSettings: 84b2093787e9240c84b2093787e9240c -> 
  custom:DOTSType/Tanks.Legacy.Editor.LegacyTransmissionSettingsEditor: f063a9f322024a22f063a9f322024a22 -> 
  custom:DOTSType/Zenject.ScriptableObjectInstallerBase: 564d9b68561bb94d564d9b68561bb94d -> 
  custom:DOTSType/Unity.Physics.Editor.CustomPhysicsBodyTagNamesEditor: 5e056a649e13a00c5e056a649e13a00c -> 
  custom:DOTSType/Unity.Physics.PhysicsWorldSingleton: 90bad7c95a54d00590bad7c95a54d005 -> 
  custom:DOTSType/Unity.Entities.BurstCompatibleBufferElement: 9256282cac425e579256282cac425e57 -> 
  custom:DOTSType/Unity.Entities.CompanionLink: 4813070be25c6d6a4813070be25c6d6a -> 
  custom:DOTSType/Unity.Physics.DummyColliderFakesComponent`1[[Unity.Physics.PolygonCollider, Unity.Physics, Version=0.0.0.0, Culture=neutral, PublicKeyToken=null]]: 3f38e3dc511d48d23f38e3dc511d48d2 -> 
  custom:SceneMetaDataFileFormatVersion: 18e216f4893c3ae43d5b4b3a88de92ca -> 
  custom:DOTSType/Unity.Entities.Editor.SystemScheduleWindow: dfecb8af58c97f0adfecb8af58c97f0a -> 
  custom:DOTSType/Unity.Physics.PhysicsColliderKeyEntityPair: e3185876db01deade3185876db01dead -> 
  custom:DOTSType/Zenject.ContextEditor: 0791a612a42c17bc0791a612a42c17bc -> 
  custom:DOTSType/Zenject.AnimatorIkHandlerManager: 6bf1f62125213c446bf1f62125213c44 -> 
  custom:DOTSType/Unity.Transforms.LocalTransform: d07f194ee4791f00d07f194ee4791f00 -> 
  custom:DOTSType/Unity.Physics.PhysicsJoint: e49afdd9ec82159fe49afdd9ec82159f -> 
  custom:DOTSType/Unity.Scenes.PrefabAssetReference: 924b87ecab3719ce924b87ecab3719ce -> 
  custom:DOTSType/UnityEngine.Rigidbody: 90d4f52b90e97d3190d4f52b90e97d31 -> 
  custom:DOTSType/Unity.Transforms.PostTransformMatrix: d5b773053bc4fc92d5b773053bc4fc92 -> 
  custom:DOTSType/Unity.Entities.WorldTime: efd6631e6d47e1c0efd6631e6d47e1c0 -> 
  custom:DOTSType/Unity.Entities.Editor.ComponentsWindow: f3a47022486a5e37f3a47022486a5e37 -> 
  custom:DOTSType/Unity.Entities.Editor.JournalManager: bd6303929aef5048bd6303929aef5048 -> 
  custom:DOTSType/Zenject.SceneKernel: 14c92f57ead5fa5a14c92f57ead5fa5a -> 
  custom:DOTSType/Unity.Scenes.Editor.SubSceneImporter: fbc2a6bb48307f94fbc2a6bb48307f94 -> 
  custom:DOTSType/UnityEngine.Light: 47f771faf20222f647f771faf20222f6 -> 
  custom:DOTSType/Unity.Entities.EndFixedStepSimulationEntityCommandBufferSystem+Singleton: 903138f233c08b6f903138f233c08b6f -> 
  custom:DOTSType/Unity.Entities.Hybrid.Baking.LinkedEntityGroupAuthoring: 463b7158f57f2778463b7158f57f2778 -> 
  custom:DOTSType/Unity.Entities.BeginInitializationEntityCommandBufferSystem+Singleton: 1dafdf6276a3f02d1dafdf6276a3f02d -> 
  custom:DOTSType/Unity.Physics.SimulationSingleton: 2c12c15cc1aaefd42c12c15cc1aaefd4 -> 
  custom:DOTSType/Unity.Transforms.Child: 5a0b111d3c5ef1ef5a0b111d3c5ef1ef -> 
  custom:DOTSType/Unity.Entities.Editor.ComponentWrapperEditor: 8a0108ac83962ca58a0108ac83962ca5 -> 
  custom:video-codec-MediaFoundation-h265: 746d11721c4dcdbdad8f713fa42b33f4 -> 
  custom:DOTSType/Unity.Entities.SceneSectionData: eeed08dab67953cbeeed08dab67953cb -> 
  custom:DOTSType/Tanks.EffectPool: b07fd26d384c1aadb07fd26d384c1aad -> 
  custom:DOTSType/Zenject.Context: 7a9b164638a7c5fb7a9b164638a7c5fb -> 
  custom:DOTSType/Unity.Entities.Editor.EntitiesJournalingWindow: fb6228252c0089dcfb6228252c0089dc -> 
  custom:video-decoder-ogg-theora: a1e56fd34408186e4bbccfd4996cb3dc -> 
  custom:DOTSType/Unity.Scenes.ResolvedSceneHash: 10c2d6fb478167a310c2d6fb478167a3 -> 
  custom:DOTSType/Unity.Scenes.SceneSectionStreamingData: 01ac29b86b18dacf01ac29b86b18dacf -> 
  custom:DOTSType/Zenject.ZenjectStateMachineBehaviourAutoInjecter: bc2fa2415d8a8ef6bc2fa2415d8a8ef6 -> 
  custom:DOTSType/Unity.Entities.AdditionalEntityParent: a24d1678b03f0479a24d1678b03f0479 -> 
  custom:DOTSType/Unity.Entities.Simulate: e0c92315ec24632de0c92315ec24632d -> 
  custom:DOTSType/Unity.Physics.PhysicsVelocity: eae7719776411411eae7719776411411 -> 
  custom:DOTSType/Unity.Entities.Editor.SystemWrapperEditor: 8c892c6354f3a3138c892c6354f3a313 -> 
  custom:DOTSType/Unity.Entities.RetainBlobAssetBatchPtr: 14017b765908ee1d14017b765908ee1d -> 
  custom:DOTSType/Zenject.ZenjectBinding: 0569f6cfa9645a6e0569f6cfa9645a6e -> 
  custom:DOTSType/Tanks.Tests.TestCarnageIndicator+TestCarnageIndicatorEditor: a518ed1603ea4192a518ed1603ea4192 -> 
  custom:DOTSType/Unity.Physics.Authoring.CustomPhysicsProxyAuthoring: 90a4b67ea7c61e0c90a4b67ea7c61e0c -> 
  custom:DOTSType/Unity.Physics.Authoring.PhysicsMeshAuthoringData: 07c891dbd84b5d1c07c891dbd84b5d1c -> 
  custom:DOTSType/Unity.Scenes.LiveConversionPatcher+LiveConvertedSceneCleanup: 97dadd0f05dbc86997dadd0f05dbc869 -> 
  custom:DOTSType/UnityEngine.MeshCollider: 745c145fdcf1939e745c145fdcf1939e -> 
  custom:DOTSType/Unity.Physics.Authoring.ForceUniqueColliderAuthoring: 34be871ed7a74d6234be871ed7a74d62 -> 
  custom:DOTSType/Zenject.GameObjectContext: 694c79f9ded4c948694c79f9ded4c948 -> 
  custom:DOTSType/Unity.Physics.DummyColliderFakesComponent`1[[Unity.Physics.CapsuleCollider, Unity.Physics, Version=0.0.0.0, Culture=neutral, PublicKeyToken=null]]: 840aede77f375b4f840aede77f375b4f -> 
  custom:DOTSType/Unity.Physics.Authoring.StaticOptimizePhysicsBaking: f3a03d29cca9ceabf3a03d29cca9ceab -> 
  custom:DOTSType/Unity.Scenes.DisableLiveConversion: 543070e84ec00e2c543070e84ec00e2c -> 
  custom:DOTSType/Unity.Physics.Authoring.PhysicsCompoundData: 41f933035064165d41f933035064165d -> 
  custom:DOTSType/Tanks.AudioPool: 65d2a3a778887e6e65d2a3a778887e6e -> 
  custom:DOTSType/Unity.Physics.DummyColliderFakesComponent`1[[Unity.Physics.SphereCollider, Unity.Physics, Version=0.0.0.0, Culture=neutral, PublicKeyToken=null]]: 4818ec4955a46c414818ec4955a46c41 -> 
  custom:DOTSType/Unity.Transforms.Parent: 00b45826652a5ec600b45826652a5ec6 -> 
  custom:DOTSType/Unity.Physics.PhysicsCollider: 00548c0f8c0147a000548c0f8c0147a0 -> 
  custom:DOTSType/Unity.Physics.Authoring.PhysicsRootBaked: a150145af5348f6da150145af5348f6d -> 
  custom:DOTSType/Unity.Scenes.ResolveSceneReferenceSystem+AssetDependencyTrackerState: b2d132c8f66d836db2d132c8f66d836d -> 
  custom:DOTSType/Unity.Entities.CompanionLinkTransform: e392322015c13880e392322015c13880 -> 
  custom:DOTSType/Unity.Entities.Serialization.DotsSerialization+RevisionedRawDataNode: 7e711ae70d27259d7e711ae70d27259d -> 
  custom:CustomObjectIndexerAttribute: 9a22284fe3817be447336de3de66b15e -> 
  custom:DOTSType/Tanks.Projectile: 620e548336351b1d620e548336351b1d -> 
  custom:DOTSType/Unity.Physics.GraphicsIntegration.MostRecentFixedTime: 6c4396236e6646a76c4396236e6646a7 -> 
  custom:DOTSType/UnityEngine.ParticleSystem: 28fa60303afd747328fa60303afd7473 -> 
  custom:DOTSType/Unity.Physics.DummyColliderFakesComponent`1[[Unity.Physics.ConvexCollider, Unity.Physics, Version=0.0.0.0, Culture=neutral, PublicKeyToken=null]]: d00615a7bde8681ed00615a7bde8681e -> 
  custom:DOTSType/Unity.Physics.DummyColliderFakesComponent`1[[Unity.Physics.MeshCollider, Unity.Physics, Version=0.0.0.0, Culture=neutral, PublicKeyToken=null]]: 52b224b25d7c5a2552b224b25d7c5a25 -> 
  custom:container-demuxer-webm: 4f35f7cbe854078d1ac9338744f61a02 -> 
  custom:DOTSType/Unity.Entities.PrefabRoot: ea04b60a31090316ea04b60a31090316 -> 
  custom:DOTSType/Unity.Entities.RequestSceneLoaded: 62c081c918aff6ee62c081c918aff6ee -> 
  custom:DOTSType/Unity.Entities.BeginPresentationEntityCommandBufferSystem+Singleton: cbef056a920a5eadcbef056a920a5ead -> 
  custom:DOTSType/Unity.Entities.ChunkHeader: 490bb3205bb29fe6490bb3205bb29fe6 -> 
  custom:DOTSType/Unity.Scenes.IsSectionLoaded: 2e3c12f14f7600232e3c12f14f760023 -> 
  custom:DOTSType/Unity.Entities.Editor.SystemInfo: e869e7d857e70a99e869e7d857e70a99 -> 
  custom:DOTSType/Zenject.MonoInstaller: d4f508a97531178fd4f508a97531178f -> 
  custom:DOTSType/Unity.Entities.WorldTimeQueue: 48ce29752c66702348ce29752c667023 -> 
  custom:DOTSType/Unity.Entities.StaticOptimizeEntity: 346cca765bf51c72346cca765bf51c72 -> 
  custom:DOTSType/Unity.Entities.SectionMetadataSetup: 75ea136fdb0e54ba75ea136fdb0e54ba -> 
  custom:DOTSType/Tanks.ProjectilePool: ae6caa17fe3924ceae6caa17fe3924ce -> 
  custom:DOTSType/Unity.Scenes.SceneSectionReferencedUnityObjects: 2797689ad57679a22797689ad57679a2 -> 
  custom:DOTSType/Unity.Physics.Editor.PhysicsStepAuthoringEditor: b0470546a7982481b0470546a7982481 -> 
  custom:DOTSType/Unity.Physics.GraphicsIntegration.PhysicsRenderEntity: 17b73fa380da9cf517b73fa380da9cf5 -> 
  custom:DOTSType/Unity.Entities.Hybrid.Baking.LinkedEntityGroupBakingData: cd33507256493e18cd33507256493e18 -> 
  custom:DOTSType/UnityEngine.LODGroup: 15ad22bb5260348e15ad22bb5260348e -> 
  custom:DOTSType/Tanks.BaseInputController: 7c3584087687be277c3584087687be27 -> 
  custom:DOTSType/Unity.Entities.Editor.HierarchySelectionContext: eb8c02bbb8571091eb8c02bbb8571091 -> 
  custom:DOTSType/Unity.Physics.DummyColliderFakesComponent`1[[Unity.Physics.CompoundCollider, Unity.Physics, Version=0.0.0.0, Culture=neutral, PublicKeyToken=null]]: f0b0c805df9aab48f0b0c805df9aab48 -> 
  custom:DOTSType/Unity.Physics.Authoring.PhysicsColliderAuthoringData: 237ab57c84eb023d237ab57c84eb023d -> 
  custom:DOTSType/Unity.Entities.Entity: 295b0c964d12026f295b0c964d12026f -> 
  custom:DOTSType/Unity.Physics.DummyColliderFakesComponent`1[[Unity.Physics.TerrainCollider, Unity.Physics, Version=0.0.0.0, Culture=neutral, PublicKeyToken=null]]: 76d2966f42dff4df76d2966f42dff4df -> 
  custom:DOTSType/Unity.Scenes.PublicEntityRef: b380cfe1712d4500b380cfe1712d4500 -> 
  custom:DOTSType/Unity.Entities.Asset: 5205195e4c6bea1c5205195e4c6bea1c -> 
  custom:DOTSType/Unity.Physics.GraphicsIntegration.PhysicsGraphicalSmoothing: 1a649a11034ac6061a649a11034ac606 -> 
  custom:DOTSType/Unity.Physics.Systems.PhysicsAnalyticsSingleton: 261d1a0e3f762c88261d1a0e3f762c88 -> 
  custom:DOTSType/Unity.Physics.PhysicsTemporalCoherenceInfo: dd862a3ef5746267dd862a3ef5746267 -> 
  custom:DOTSType/Tanks.EffectPoolContainer: bf19857e7a596a2bbf19857e7a596a2b -> 
  custom:DOTSType/Unity.Physics.PhysicsStep: 4ca665c06bcf89ca4ca665c06bcf89ca -> 
  custom:DOTSType/UnityEngine.TextMesh: 6784c791d05273aa6784c791d05273aa -> 
  custom:DOTSType/Unity.Entities.CompanionGameObjectActiveCleanup: 4ff09409f1cce51f4ff09409f1cce51f -> 
  custom:DOTSType/Tanks.ReloadIndicator: 83d1d641d15e1d5483d1d641d15e1d54 -> 
  custom:DOTSType/Zenject.RunnableContext: f37beb99d06e39fbf37beb99d06e39fb -> 
  custom:DOTSType/Unity.Physics.Authoring.PhysicsDebugDisplayData: 0cdccf70b9e5e20d0cdccf70b9e5e20d -> 
  custom:DOTSType/Unity.Scenes.AssetObjectManifest: 84d682f40d46c88184d682f40d46c881 -> 
  custom:DOTSType/Unity.Entities.PostLoadCommandBuffer: d658541e4a41540dd658541e4a41540d -> 
  custom:DOTSType/Unity.Entities.Editor.ArchetypeInfo: b8b1bbcc600f6437b8b1bbcc600f6437 -> 
  custom:DOTSType/Tanks.Interface.Speedometer: 158cdf1f7f3d0d9c158cdf1f7f3d0d9c -> 
  custom:DOTSType/Tanks.BattleRam: 87a27f4ae62d951387a27f4ae62d9513 -> 
  custom:DOTSType/UnityEngine.BoxCollider: 8e5b85c4fec088d48e5b85c4fec088d4 -> 
  custom:DOTSType/Unity.Entities.Serialization.ExternalEntityReference: 415f45c8b00c90a4415f45c8b00c90a4 -> 
  custom:DOTSType/Unity.Entities.SceneSectionComponent: 22f65411cbba718222f65411cbba7182 -> 
  custom:DOTSType/Unity.Scenes.PrefabLoadResult: 71615367c37f030371615367c37f0303 -> 
  custom:DOTSType/Unity.Scenes.SceneSectionStreamingSystem+StreamingState: 7014161ec3350ad07014161ec3350ad0 -> 
  custom:DOTSType/Unity.Entities.Editor.UnsupportedEntityEditor: f4c4238e5d78020af4c4238e5d78020a -> 
  custom:DOTSType/Unity.Scenes.ResolvedSectionEntity: e83509e6ef73df7ae83509e6ef73df7a -> 
  custom:DOTSType/Unity.Scenes.DisableSceneResolveAndLoad: 41c98fa73f31b21a41c98fa73f31b21a -> 
  custom:DOTSType/Unity.Entities.LinkedEntityGroup: c1b61ecd5260e852c1b61ecd5260e852 -> 
  custom:DOTSType/Unity.Physics.Authoring.RigidbodyBakingData: 66caf1f3818b52fc66caf1f3818b52fc -> 
  custom:DOTSType/Zenject.ScriptableObjectInstaller: 47201fb43b11147d47201fb43b11147d -> 
  custom:DOTSType/Unity.Physics.Authoring.DetailedStaticMeshCollisionAuthoring: 35a7576e30820a5e35a7576e30820a5e -> 
  custom:DOTSType/Unity.Entities.Editor.UnsupportedGameObjectEditor: 5cff923fd1c387e15cff923fd1c387e1 -> 
  custom:DOTSType/Tanks.CinemachineInputCustomProvider: 53bf68681542a65453bf68681542a654 -> 
  custom:DOTSType/Zenject.SceneContext: 30c70a59093b925c30c70a59093b925c -> 
  custom:DOTSType/UnityEngine.MeshRenderer: 77aa4cb33b84a90377aa4cb33b84a903 -> 
  custom:DOTSType/Unity.Physics.Authoring.BakeStaticRoot: ac81d98288eb78feac81d98288eb78fe -> 
  custom:DOTSType/Unity.Entities.Serialization.DotsSerialization+StringTableNode: db9aacf636d95b56db9aacf636d95b56 -> 
  custom:DOTSType/Zenject.SceneContextEditor: f5ac3d9288ab62bbf5ac3d9288ab62bb -> 
  custom:DOTSType/Unity.Entities.Disabled: ea10d702b0a42592ea10d702b0a42592 -> 
  custom:DOTSType/Unity.Entities.Editor.EntityEditor: 4502e3ccdb7ac0e04502e3ccdb7ac0e0 -> 
  custom:DOTSType/Unity.Physics.Systems.BroadphaseData: cf796e61bbb1c05fcf796e61bbb1c05f -> 
  custom:DOTSType/Unity.Entities.Editor.ArchetypesWindow: bde482c89698b5c7bde482c89698b5c7 -> 
  custom:DOTSType/Unity.Physics.PhysicsMass: dd66b9b7945f3ac7dd66b9b7945f3ac7 -> 
  custom:DOTSType/Unity.Physics.Systems.BuildPhysicsWorldData: 403d401e5c7292c3403d401e5c7292c3 -> 
  custom:DOTSType/Unity.Scenes.SceneBoundingVolume: 3407604aa951263f3407604aa951263f -> 
  custom:video-encoder-webm-vp8: eb34c28f22e8b96e1ab97ce403110664 -> 
  custom:DOTSType/Unity.Physics.Authoring.PhysicsColliderBakedData: 4b51dd6d702fa42d4b51dd6d702fa42d -> 
  custom:DOTSType/UnityEngine.SphereCollider: 82c25a73f4a3118382c25a73f4a31183 -> 
  custom:DOTSType/Unity.Scenes.SubScene: ac4196b7e94e44ecac4196b7e94e44ec -> 
  custom:DOTSType/Unity.Physics.DummyColliderFakesComponent`1[[Unity.Physics.Collider, Unity.Physics, Version=0.0.0.0, Culture=neutral, PublicKeyToken=null]]: 9b1dfcaf09a3b4529b1dfcaf09a3b452 -> 
  custom:DOTSType/Unity.Entities.Editor.HierarchyEntityChangeTracker+UnusedTag: e99f3a5fcb8d8012e99f3a5fcb8d8012 -> 
  custom:DOTSType/Unity.Physics.PhysicsMassOverride: 6fcef11ae9d1bc306fcef11ae9d1bc30 -> 
  custom:DOTSType/Unity.Entities.BlobAssetOwner: c83c63163f833390c83c63163f833390 -> 
  custom:DOTSType/Zenject.CheatSheet+Foo: 818256864703f221818256864703f221 -> 
  custom:DOTSType/Unity.Physics.Authoring.CustomPhysicsBodyTagNames: cf633e3d702fe67dcf633e3d702fe67d -> 
  custom:DOTSType/UnityEngine.CapsuleCollider: be84ea475def5c96be84ea475def5c96 -> 
  custom:DOTSType/Unity.Physics.PhysicsTemporalCoherenceTag: 078e815b3514dfd3078e815b3514dfd3 -> 
  custom:DOTSType/Unity.Entities.Editor.JournalManagerWrapperEditor: cb69e60b3422ccebcb69e60b3422cceb -> 
  custom:DOTSType/Unity.Entities.SceneReference: 93a995b4b28fc25393a995b4b28fc253 -> 
  custom:DOTSType/Unity.Entities.Editor.UnsupportedPrefabEntityEditor: 42b92ebb8c8886cf42b92ebb8c8886cf -> 
  custom:DOTSType/Unity.Entities.Serialization.DotsSerialization+NodeHeader: 2a912a6fdedc77ae2a912a6fdedc77ae -> 
  custom:DOTSType/Zenject.ZenAutoInjecter: 778eb5667a6355bc778eb5667a6355bc -> 
  custom:DOTSType/Unity.Entities.SceneSection: bdba69731fc8f3e7bdba69731fc8f3e7 -> 
  custom:DOTSType/Tanks.Patrol: af24d179ee3e03f0af24d179ee3e03f0 -> 
  custom:DOTSType/Unity.Physics.DummyColliderFakesComponent`1[[Unity.Physics.BoxCollider, Unity.Physics, Version=0.0.0.0, Culture=neutral, PublicKeyToken=null]]: f425b7fd66e06988f425b7fd66e06988 -> 
  custom:DOTSType/Unity.Entities.TransformAuthoring: d03322d6827741e8d03322d6827741e8 -> 
  custom:DOTSType/Zenject.ProjectKernel: efdc3d3e4e17fb07efdc3d3e4e17fb07 -> 
  custom:DOTSType/Tanks.TransmissionSettings: b0a3fa15cf2503fcb0a3fa15cf2503fc -> 
  custom:DOTSType/UnityEngine.ParticleSystemRenderer: 818ef389bd33d482818ef389bd33d482 -> 
  custom:DOTSType/Unity.Entities.BeginSimulationEntityCommandBufferSystem+Singleton: 5406e750b86f24a55406e750b86f24a5 -> 
  custom:DOTSType/Unity.Scenes.Editor.GlobalEntitiesDependencyInspector: 3df09afcbb66d7bb3df09afcbb66d7bb -> 
